articleId,placeId,placeName,latitude,longitude,category,marker,title,articleAuthor,authorId,startYear,endYear,placeStatus,articleStatus,links
1,1,Fjällåkra,58.29911082940811,13.605576565379877,Person,🟣,En sagans och visans man,Erik Andersson,AfzeliusAA,1785,1871,published,published,[Litteraturkartan](https://litteraturbanken.se/litteraturkartan/?id=1) · [Source](https://litteraturbanken.se/författare/AfzeliusAA/titlar)
2,2,Falköping,58.17,13.5553,Plats,🟢,Skandaltelegrafisten,Lotta Lotass,AngeredStrandbergH,,,published,published,[Litteraturkartan](https://litteraturbanken.se/litteraturkartan/?id=2)
550,2,Falköping,58.17,13.5553,Person,🟣,En bridgeklubb,,LagercrantzO,1923,1923,published,published,[Litteraturkartan](https://litteraturbanken.se/litteraturkartan/?id=2) · [Source](https://litteraturbanken.se/författare/LagercrantzO/titlar/MinFörstaKrets/sida/34/etext)
3,3,Alingsås,57.9294,12.5324,Verk,🔵,En själs historia,Erik Andersson,AngeredStrandbergH,1904,1904,published,published,[Litteraturkartan](https://litteraturbanken.se/litteraturkartan/?id=3) · [Source](https://litteraturbanken.se/författare/AngeredStrandbergH/titlar/LydiaVik/sida/1/etext)
114,3,Alingsås,57.9294,12.5324,Linnés resa,🟡,Alingsås är en fläck (1746),Erik Andersson,LinnéCvon,1746,1746,published,published,[Litteraturkartan](https://litteraturbanken.se/litteraturkartan/?id=3) · [Source](https://litteraturbanken.se/författare/LinnéCvon/titlar/LinnæiWästgötaResa/sida/I/faksimil)
387,3,Alingsås,57.9294,12.5324,Person,🟣,Västgöten,Erik Andersson,,1826,1826,published,published,[Litteraturkartan](https://litteraturbanken.se/litteraturkartan/?id=3)
394,3,Alingsås,57.9294,12.5324,Verk,🔵,Bakas det bättre bröd i San Remo?,Erik Andersson,Taube E,,,published,published,[Litteraturkartan](https://litteraturbanken.se/litteraturkartan/?id=3)
516,3,Alingsås,57.9294,12.5324,Person,🟣,Grönköpingsmästaren,Cai Alfredson,HasselskogN,1892,1936,published,published,[Litteraturkartan](https://litteraturbanken.se/litteraturkartan/?id=3) · [Source](https://litteraturbanken.se/författare/HasselskogN/titlar/Guldregn/sida/3/etext)
4,4,Fjällbacka,58.5969,11.2867,Person,🟣,Skandalernas Hilma,Gunnar D Hansson,AngeredStrandbergH,1855,1927,published,published,[Litteraturkartan](https://litteraturbanken.se/litteraturkartan/?id=4)
5,4,Fjällbacka,58.5969,11.2867,Plats,🟢,Fjällbacka hos Litteraturbanken,,,,,published,published,[Litteraturkartan](https://litteraturbanken.se/litteraturkartan/?id=4)
6,5,Grevbäck,58.352,14.3494,Person,🟣,Clas Bjerkander: den outtröttlige iakttagaren,Erik Andersson,,1735,1795,published,published,[Litteraturkartan](https://litteraturbanken.se/litteraturkartan/?id=5)
7,6,Holmestad,58.5397,13.5631,Plats,🟢,Väderobservationer i Holmestad,Erik Andersson,,1790,1790,published,published,[Litteraturkartan](https://litteraturbanken.se/litteraturkartan/?id=6)
8,7,Brängesås,57.9123,13.7358,Person,🟣,Wilhelm von Braun: den fryntlige militären,Erik Andersson,BraunWvon,1813,1860,published,published,[Litteraturkartan](https://litteraturbanken.se/litteraturkartan/?id=7)
9,8,Uddevalla: kyrkogården,58.354,11.9354,Plats,🟢,Wilhelm von Brauns grav,Erik Andersson,BraunWvon,1860,1860,published,published,[Litteraturkartan](https://litteraturbanken.se/litteraturkartan/?id=8)
10,9,Tiarp,58.1934,13.7214,Verk,🔵,Ett lovtal till Västergötland,Erik Andersson,ChronanderJP,1620,1694,published,published,[Litteraturkartan](https://litteraturbanken.se/litteraturkartan/?id=9) · [Source](https://litteraturbanken.se/författare/ChronanderJP/titlar)
11,10,Göteborg,57.7054,11.9689,Person,🟣,Sophie Elkan: den historiska romanens mästare,Lotta Lotass,ElkanS,1853,1921,published,published,[Litteraturkartan](https://litteraturbanken.se/litteraturkartan/?id=10)
12,11,Nääs slott,57.8164,12.4011,Verk,🔵,Öst och väst möts på slöjdseminarium,Erik Andersson,ElkanS,1901,1901,published,published,[Litteraturkartan](https://litteraturbanken.se/litteraturkartan/?id=11) · [Source](https://litteraturbanken.se/författare/ElkanS/titlar/DrömmenOmÖsterlandet/sida/III/etext)
430,11,Nääs slott,57.8164,12.4011,Plats,🟢,Herrgården som blev slöjdskola,Paulina Helgeson,LagerlöfS,,,published,published,[Litteraturkartan](https://litteraturbanken.se/litteraturkartan/?id=11) · [Source](https://litteraturbanken.se/f%C3%B6rfattare/Lagerl%C3%B6fS/titlar/NilsHolgersson2/sida/443/etext)
13,12,Gunnebo slott,57.6581,12.0583,Verk,🔵,En köpmanssläkts uppgång och fall,Dick Claésson,ElkanS,1899,1899,published,published,[Litteraturkartan](https://litteraturbanken.se/litteraturkartan/?id=12) · [Source](https://litteraturbanken.se/författare/ElkanS/titlar/JohnHall/sida/-2/etext)
14,12,Gunnebo slott,57.6581,12.0583,Verk,🔵,Ett ömkansvärt öde,Dick Claésson,CederborghF,1831,1831,published,published,[Litteraturkartan](https://litteraturbanken.se/litteraturkartan/?id=12) · [Source](https://litteraturbanken.se/författare/CederborghF/titlar/BerättelseOmJohnHall/sida/1/etext)
16,12,Gunnebo slott,57.6581,12.0583,Plats,🟢,En resenär stannar till,,LinnerhielmJC,1806,1806,published,published,[Litteraturkartan](https://litteraturbanken.se/litteraturkartan/?id=12) · [Source](https://litteraturbanken.se/författare/LinnerhielmJC/titlar/BrefNyaResor/sida/79/faksimil)
17,13,Seglora,57.5814,12.7328,Person,🟣,En filosof från Seglora,Lotta Lotass,GrubbeS,1786,1853,published,published,[Litteraturkartan](https://litteraturbanken.se/litteraturkartan/?id=13) · [Source](https://litteraturbanken.se/författare/GrubbeS/titlar/EnBlickPå/sida/203/etext)
18,14,Särestad,58.3833,12.7381,Verk,🔵,Nordisk forntid i Särestad,Erik Andersson,,1844,1844,published,published,[Litteraturkartan](https://litteraturbanken.se/litteraturkartan/?id=14)
19,15,Blomberg,58.54129282050488,13.345991069223215,Person,🟣,En hovman i Husaby,Erik Andersson,HamiltonAL,1747,1802,published,published,[Litteraturkartan](https://litteraturbanken.se/litteraturkartan/?id=15) · [Source](https://litteraturbanken.se/författare/HamiltonAL/titlar/SvenskaMemoarer4/sida/-2/faksimil)
20,15,Blomberg,58.54129282050488,13.345991069223215,Person,🟣,En rimmande politiker,Erik Andersson,HamiltonH,1849,1928,published,published,[Litteraturkartan](https://litteraturbanken.se/litteraturkartan/?id=15)
199,15,Blomberg,58.54129282050488,13.345991069223215,Person,🟣,En översättare blir till,Erik Andersson,,1848,1913,published,published,[Litteraturkartan](https://litteraturbanken.se/litteraturkartan/?id=15)
21,16,Jung,58.3296,13.1112,Verk,🔵,Namnforskning på djupet,Erik Andersson,JungnerH,1922,1922,published,published,[Litteraturkartan](https://litteraturbanken.se/litteraturkartan/?id=16)
27,21,Svenstorp,57.9643,12.1387,Verk,🔵,Att resa med en katt,Dick Claésson,AroseniusI,1907,1909,published,published,[Litteraturkartan](https://litteraturbanken.se/litteraturkartan/?id=21) · [Source](https://litteraturbanken.se/forfattare/AroseniusI/titlar/Kattresan/sida/1/faksimil)
54,21,Svenstorp,57.9643,12.1387,Person,🟣,En hushållerskas poesi,Dick Claésson,AndersonK,1909,1909,published,published,[Litteraturkartan](https://litteraturbanken.se/litteraturkartan/?id=21) · [Source](https://litteraturbanken.se/författare/AndersonK/titlar/EnHushållerskasPoesi/sida/1/etext)
26,23,Skalunda hög,58.5526,13.0035,Verk,🔵,Beowulf i Västergötland,Dick Claésson,,700,700,published,published,[Litteraturkartan](https://litteraturbanken.se/litteraturkartan/?id=23) · [Source](https://litteraturbanken.se/forfattare/Anonym/titlar/Beowulf/sida/iii/faksimil)
774,23,Skalunda hög,58.5526,13.0035,Resa,🟠,Bengtsson och Skalunda hög,,,,,published,published,[Litteraturkartan](https://litteraturbanken.se/litteraturkartan/?id=23)
30,31,Fristads folkhögskola,57.8277,13.0012,Person,🟣,Breven till familjen,Dick Claésson,WideAG,1948,1949,published,published,[Litteraturkartan](https://litteraturbanken.se/litteraturkartan/?id=31) · [Source](https://litteraturbanken.se/författare/WideAG/titlar/WideBrevFamiljenMS/sida/5/faksimil)
31,32,Oscar Fredriks kyrka,57.6969,11.9469,Verk,🔵,Inför ett rosettfönster,Dick Claésson,WideAG,1920,1965,published,published,[Litteraturkartan](https://litteraturbanken.se/litteraturkartan/?id=32) · [Source](https://litteraturbanken.se/författare/WideAG/titlar/DenSaligaOsäkerheten/sida/69/etext)
458,32,Oscar Fredriks kyrka,57.6969,11.9469,Person,🟣,En diktare döps,Jonas Ellerström,LindqvistE,1908,1908,published,published,[Litteraturkartan](https://litteraturbanken.se/litteraturkartan/?id=32)
32,33,Spaljégången 5,57.7002,12.0015,Person,🟣,Wide flyttar hemifrån,Dick Claésson,WideAG,1951,1954,published,published,[Litteraturkartan](https://litteraturbanken.se/litteraturkartan/?id=33)
33,36,Alfhemsgatan 5,57.6918,11.95,Person,🟣,En diktares sista hem,Dick Claésson,WideAG,1954,1965,published,published,[Litteraturkartan](https://litteraturbanken.se/litteraturkartan/?id=36) · [Source](https://litteraturbanken.se/diktensmuseum/wide-en-inledning/)
34,37,Göteborgs konserthus,57.6969,11.979,Person,🟣,Ett diktarliv i musikens tecken,Dick Claésson,WideAG,1920,1965,published,published,[Litteraturkartan](https://litteraturbanken.se/litteraturkartan/?id=37) · [Source](https://litteraturbanken.se/författare/WideAG/titlar)
995,37,Göteborgs konserthus,57.6969,11.979,Resa,🟠,En folkkär doktor,David Anthin,TaubeE,1966,1966,published,published,[Litteraturkartan](https://litteraturbanken.se/litteraturkartan/?id=37) · [Source](https://litteraturbanken.se/författare/TaubeE/titlar/Vallfart/sida/5/etext)
35,38,Romelanda,57.92381676728984,12.031402587890627,Verk,🔵,En vålnad på dasset,,,,,published,published,[Litteraturkartan](https://litteraturbanken.se/litteraturkartan/?id=38) · [Source](https://litteraturbanken.se/ljudochbild/2019/12/03/den-tredje-luckan/)
36,39,Ånimskog,58.8919,12.543,Person,🟣,En hyllningsdiktare från Ånimskog,Lilian Perme,,1681,1743,published,published,[Litteraturkartan](https://litteraturbanken.se/litteraturkartan/?id=39)
367,39,Ånimskog,58.8919,12.543,Person,🟣,Signaturen ”Hubertus”,Lilian Perme,,1820,1908,published,published,[Litteraturkartan](https://litteraturbanken.se/litteraturkartan/?id=39)
38,41,Åmål,59.0511,12.7096,Person,🟣,Poetisk skolmästare,Lilian Perme,,1814,1889,published,published,[Litteraturkartan](https://litteraturbanken.se/litteraturkartan/?id=41)
40,41,Åmål,59.0511,12.7096,Verk,🔵,Stort och smått om Åmål,Lilian Perme,BjörlinG,1918,1918,published,published,[Litteraturkartan](https://litteraturbanken.se/litteraturkartan/?id=41)
41,41,Åmål,59.0511,12.7096,Person,🟣,Fantasirik militär,Lilian Perme,,1845,1922,published,published,[Litteraturkartan](https://litteraturbanken.se/litteraturkartan/?id=41)
151,41,Åmål,59.0511,12.7096,Linnés resa,🟡,Dalslands enda stad (1746),Erik Andersson,LinnéCvon,1746,1746,published,published,[Litteraturkartan](https://litteraturbanken.se/litteraturkartan/?id=41) · [Source](https://litteraturbanken.se/författare/LinnéCvon/titlar/LinnæiWästgötaResa/sida/I/faksimil)
309,41,Åmål,59.0511,12.7096,Plats,🟢,Åmål hos Litteraturbanken,,,,,published,published,[Litteraturkartan](https://litteraturbanken.se/litteraturkartan/?id=41)
368,41,Åmål,59.0511,12.7096,Person,🟣,Konservativ Ellen Key-kritiker,Lilian Perme,,1856,1916,published,published,[Litteraturkartan](https://litteraturbanken.se/litteraturkartan/?id=41)
378,41,Åmål,59.0511,12.7096,Person,🟣,En av Nio signaturer,Lilian Perme,,1838,1911,published,published,[Litteraturkartan](https://litteraturbanken.se/litteraturkartan/?id=41)
539,41,Åmål,59.0511,12.7096,Person,🟣,På och i vägen i Fordhoppa,Lilian Perme,BäckmannI,1867,1950,published,published,[Litteraturkartan](https://litteraturbanken.se/litteraturkartan/?id=41) · [Source](https://litteraturbanken.se/f%C3%B6rfattare/B%C3%A4ckmannI/titlar/P%C3%A5OchIV%C3%A4genMedFordhoppa/sida/5/faksimil)
39,42,Mellerud,58.6989,12.4412,Person,🟣,Kritikersågad prästdotter,Lilian Perme,,1862,1938,published,published,[Litteraturkartan](https://litteraturbanken.se/litteraturkartan/?id=42)
42,43,Örs kyrka,58.6648,12.3409,Plats,🟢,Lovtal över Dalsland,Lilian Perme,,1609,1657,published,published,[Litteraturkartan](https://litteraturbanken.se/litteraturkartan/?id=43)
51,43,Örs kyrka,58.6648,12.3409,Person,🟣,Dalslands store son,Lilian Perme,DahlstiernaG,1661,1709,published,published,[Litteraturkartan](https://litteraturbanken.se/litteraturkartan/?id=43) · [Source](https://litteraturbanken.se/f%C3%B6rfattare/DahlstiernaG/titlar/KungaSkald/sida/5/faksimil)
371,43,Örs kyrka,58.6648,12.3409,Plats,🟢,Roman inspirerad av Dalsland,Lilian Perme,StrussenfeltU,1801,1873,published,published,[Litteraturkartan](https://litteraturbanken.se/litteraturkartan/?id=43)
376,43,Örs kyrka,58.6648,12.3409,Plats,🟢,Anfäderna i Örs kyrka,Lilian Perme,,,,published,published,[Litteraturkartan](https://litteraturbanken.se/litteraturkartan/?id=43)
44,44,Håbol,58.9716,12.0265,Person,🟣,Emigrant med ambitioner,Lilian Perme,BonggrenJ,1854,1940,published,published,[Litteraturkartan](https://litteraturbanken.se/litteraturkartan/?id=44) · [Source](https://litteraturbanken.se/f%C3%B6rfattare/BonggrenJ/titlar/F%C3%B6rstlingar/sida/2/faksimil)
45,45,Klevmarken,58.9641,11.8237,Plats,🟢,Kunglig kontakt med Klevmarken,Lilian Perme,,1715,ca 1800,published,published,[Litteraturkartan](https://litteraturbanken.se/litteraturkartan/?id=45)
46,46,Bränna,58.7919,12.4291,Verk,🔵,Släkthämnd i Bränna,Lilian Perme,,1836,1883,published,published,[Litteraturkartan](https://litteraturbanken.se/litteraturkartan/?id=46)
47,47,Lerdal,58.7582,11.8965,Person,🟣,Författardottern från Dalsland,Lilian Perme,CarlénR,1836,1883,published,published,[Litteraturkartan](https://litteraturbanken.se/litteraturkartan/?id=47)
48,48,Baldersnäs,58.9632,12.2783,Plats,🟢,Släkthistoria på näset,Lilian Perme,DahlgrenL,1909,1909,published,published,[Litteraturkartan](https://litteraturbanken.se/litteraturkartan/?id=48) · [Source](https://litteraturbanken.se/f%C3%B6rfattare/DahlgrenL/titlar/EnSvenskHerrg%C3%A5rdssl%C3%A4kt/sida/V/faksimil)
49,49,Ed,58.9055,11.9452,Person,🟣,Lützenkrigaren,Lilian Perme,,1604,1693,published,published,[Litteraturkartan](https://litteraturbanken.se/litteraturkartan/?id=49)
50,50,Borekullen,58.6821,12.2986,Verk,🔵,Dahlstiernas kungahyllning,Lilian Perme,DahlstiernaG,1697,1697,published,published,[Litteraturkartan](https://litteraturbanken.se/litteraturkartan/?id=50) · [Source](https://litteraturbanken.se/författare/DahlstiernaG/titlar/KungaSkald/sida/5/faksimil)
52,51,Råbäck,58.6116,13.3734,Verk,🔵,Grevens hämnd,Dick Claésson,,1904,1904,published,published,[Litteraturkartan](https://litteraturbanken.se/litteraturkartan/?id=51) · [Source](https://en.wikisource.org/wiki/Ghost_Stories_of_an_Antiquary/Count_Magnus)
162,51,Råbäck,58.6116,13.3734,Person,🟣,Blinka lilla stjärna där,Erik Andersson,EhrenborgPosseB,1818,1880,published,published,[Litteraturkartan](https://litteraturbanken.se/litteraturkartan/?id=51) · [Source](https://litteraturbanken.se/författare/EhrenborgPosseB/titlar/SmåFåglarFrånKinnekulle/sida/1/faksimil)
245,51,Råbäck,58.6116,13.3734,Resa,🟠,Sergeantens Råbäck (1839),Erik Andersson,AlmqvistCJL,1839,1839,published,published,[Litteraturkartan](https://litteraturbanken.se/litteraturkartan/?id=51) · [Source](https://litteraturbanken.se/författare/AlmqvistCJL/titlar/SamladeVerk22/sida/91/etext)
53,52,Erikstad,58.6096,12.4022,Plats,🟢,Småbrukarsonen som blev utrikeschef,Lilian Perme,,1861,1936,published,published,[Litteraturkartan](https://litteraturbanken.se/litteraturkartan/?id=52)
55,53,Sämsholm,57.9873,13.1775,Person,🟣,En olärd kvinnas betraktelser,Dick Claésson,AndersonK,1905,1907,published,published,[Litteraturkartan](https://litteraturbanken.se/litteraturkartan/?id=53) · [Source](https://litteraturbanken.se/författare/AndersonK/titlar/EnHushållerskasPoesi/sida/1/etext)
57,55,Ramundeboda,58.9731,14.5458,Linnés resa,🟡,Linné möter Västergötland (1746),Erik Andersson,LinnéCvon,1746,1746,published,published,[Litteraturkartan](https://litteraturbanken.se/litteraturkartan/?id=55) · [Source](https://litteraturbanken.se/författare/LinnéCvon/titlar/LinnæiWästgötaResa/sida/I/faksimil)
374,55,Ramundeboda,58.9731,14.5458,Resa,🟠,Det går an i Västergötland (1839),Erik Andersson,AlmqvistCJL,1839,1839,published,published,[Litteraturkartan](https://litteraturbanken.se/litteraturkartan/?id=55) · [Source](https://litteraturbanken.se/författare/AlmqvistCJL/titlar/SamladeVerk22/sida/III/etext)
58,56,Bråten,58.9045,14.3916,Linnés resa,🟡,Vargfälla i Bråten (1746),Erik Andersson,LinnéCvon,1746,1746,published,published,[Litteraturkartan](https://litteraturbanken.se/litteraturkartan/?id=56) · [Source](https://litteraturbanken.se/författare/LinnéCvon/titlar/LinnæiWästgötaResa/sida/I/faksimil)
59,57,Hova,58.8594,14.2169,Linnés resa,🟡,Linné läser grus i Hova (1746),Erik Andersson,LinnéCvon,1746,1746,published,published,[Litteraturkartan](https://litteraturbanken.se/litteraturkartan/?id=57) · [Source](https://litteraturbanken.se/författare/LinnéCvon/titlar/LinnæiWästgötaResa/sida/I/faksimil)
484,57,Hova,58.8594,14.2169,Person,🟣,Köld är ett lågt pris,Erik Andersson,OlssonAugust,,,published,published,[Litteraturkartan](https://litteraturbanken.se/litteraturkartan/?id=57) · [Source](https://litteraturbanken.se/författare/OlssonAugust/titlar/Helsa/sida/i/faksimil)
60,59,Skarpan,58.7732,14.0027,Linnés resa,🟡,Smultronland (1746),Erik Andersson,LinnéCvon,1746,1746,published,published,[Litteraturkartan](https://litteraturbanken.se/litteraturkartan/?id=59) · [Source](https://litteraturbanken.se/författare/LinnéCvon/titlar/LinnæiWästgötaResa/sida/I/faksimil)
61,60,Mariestad,58.7125,13.8226,Linnés resa,🟡,Linné i Mariestad (1746),Erik Andersson,LinnéCvon,1746,1746,published,published,[Litteraturkartan](https://litteraturbanken.se/litteraturkartan/?id=60) · [Source](https://litteraturbanken.se/författare/LinnéCvon/titlar/LinnæiWästgötaResa/sida/I/faksimil)
240,60,Mariestad,58.7125,13.8226,Resa,🟠,"Den öppna, vidsträckta utsigten (1839)",Erik Andersson,AlmqvistCJL,1839,1839,published,published,[Litteraturkartan](https://litteraturbanken.se/litteraturkartan/?id=60) · [Source](https://litteraturbanken.se/författare/AlmqvistCJL/titlar/SamladeVerk22/sida/73/etext)
62,61,Björsäter,58.6553,13.6994,Linnés resa,🟡,De härligaste ängar (1746),Erik Andersson,LinnéCvon,1746,1746,published,published,[Litteraturkartan](https://litteraturbanken.se/litteraturkartan/?id=61) · [Source](https://litteraturbanken.se/författare/LinnéCvon/titlar/LinnæiWästgötaResa/sida/I/faksimil)
63,62,Årnäs,58.6745,13.5867,Linnés resa,🟡,Ruinerna efter Aranäs (1746),Erik Andersson,LinnéCvon,1746,1746,published,published,[Litteraturkartan](https://litteraturbanken.se/litteraturkartan/?id=62)
64,63,Forshem,58.6201,13.4897,Linnés resa,🟡,Benpipor i Forshem (1746),Erik Andersson,LinnéCvon,1746,1746,published,published,[Litteraturkartan](https://litteraturbanken.se/litteraturkartan/?id=63) · [Source](https://litteraturbanken.se/författare/LinnéCvon/titlar/LinnæiWästgötaResa/sida/I/faksimil)
65,64,Gössäter: gården,58.6091,13.4572,Linnés resa,🟡,Plommongårdar i Gössäter (1746),Erik Andersson,LinnéCvon,1746,1746,published,published,[Litteraturkartan](https://litteraturbanken.se/litteraturkartan/?id=64) · [Source](https://litteraturbanken.se/författare/LinnéCvon/titlar/LinnæiWästgötaResa/sida/I/faksimil)
66,65,Gössäter: kalken,58.6117,13.4449,Linnés resa,🟡,Kalkstenens petrificater (1746),Erik Andersson,LinnéCvon,1746,1746,published,published,[Litteraturkartan](https://litteraturbanken.se/litteraturkartan/?id=65) · [Source](https://litteraturbanken.se/författare/LinnéCvon/titlar/LinnæiWästgötaResa/sida/I/faksimil)
67,66,Hällekis slott,58.6196,13.3871,Linnés resa,🟡,Hällekis slott (1746),Erik Andersson,LinnéCvon,1746,1746,published,published,[Litteraturkartan](https://litteraturbanken.se/litteraturkartan/?id=66) · [Source](https://litteraturbanken.se/författare/LinnéCvon/titlar/LinnæiWästgötaResa/sida/I/faksimil)
68,67,Medelplana,58.5782,13.3722,Linnés resa,🟡,Gravstenar i Medelplana (1746),Erik Andersson,LinnéCvon,1746,1746,published,published,[Litteraturkartan](https://litteraturbanken.se/litteraturkartan/?id=67) · [Source](https://litteraturbanken.se/författare/LinnéCvon/titlar/LinnæiWästgötaResa/sida/I/faksimil)
780,67,Medelplana,58.5782,13.3722,Resa,🟠,Bengtssons Medelplana,,,,,published,published,[Litteraturkartan](https://litteraturbanken.se/litteraturkartan/?id=67)
69,68,Storängen,58.5726,13.3405,Linnés resa,🟡,En stor hop wakra blomster (1746),Erik Andersson,LinnéCvon,1746,1746,published,published,[Litteraturkartan](https://litteraturbanken.se/litteraturkartan/?id=68) · [Source](https://litteraturbanken.se/författare/LinnéCvon/titlar/LinnæiWästgötaResa/sida/I/faksimil)
70,69,Västerplana,58.5603,13.3505,Linnés resa,🟡,Stenbrotten och åkrarna (1746),Erik Andersson,LinnéCvon,1746,1746,published,published,[Litteraturkartan](https://litteraturbanken.se/litteraturkartan/?id=69) · [Source](https://litteraturbanken.se/författare/LinnéCvon/titlar/LinnæiWästgötaResa/sida/I/faksimil)
779,69,Västerplana,58.5603,13.3505,Resa,🟠,Bengtssons Västerplana,,,,,published,published,[Litteraturkartan](https://litteraturbanken.se/litteraturkartan/?id=69)
71,70,Kullatorp,58.6029,13.4038,Linnés resa,🟡,Utsikter och lusblommor (1746),Erik Andersson,LinnéCvon,1746,1746,published,published,[Litteraturkartan](https://litteraturbanken.se/litteraturkartan/?id=70) · [Source](https://litteraturbanken.se/författare/LinnéCvon/titlar/LinnæiWästgötaResa/sida/I/faksimil)
72,71,Österplana,58.56244127628298,13.40196095900602,Linnés resa,🟡,Artiga växter i Österplana (1746),Erik Andersson,LinnéCvon,1746,1746,published,published,[Litteraturkartan](https://litteraturbanken.se/litteraturkartan/?id=71) · [Source](https://litteraturbanken.se/författare/LinnéCvon/titlar/LinnæiWästgötaResa/sida/I/faksimil)
446,71,Österplana,58.56244127628298,13.40196095900602,Resa,🟠,Till Elyssei ängder förflyttad (2016),Peter Törnqvist,TörnqvistP,2016,2016,published,published,[Litteraturkartan](https://litteraturbanken.se/litteraturkartan/?id=71) · [Source](https://litteraturbanken.se/forfattare/TornqvistP/titlar/KalFranLinne)
73,72,Kinne-Kleva,58.5434,13.4173,Linnés resa,🟡,Kyrkans sällsamma skapnad (1746),Erik Andersson,LinnéCvon,1746,1746,published,published,[Litteraturkartan](https://litteraturbanken.se/litteraturkartan/?id=72) · [Source](https://litteraturbanken.se/författare/LinnéCvon/titlar/LinnæiWästgötaResa/sida/I/faksimil)
74,73,Husaby,58.5253,13.3797,Linnés resa,🟡,Den härligaste prospect (1746),Erik Andersson,LinnéCvon,1746,1746,published,published,[Litteraturkartan](https://litteraturbanken.se/litteraturkartan/?id=73) · [Source](https://litteraturbanken.se/författare/LinnéCvon/titlar/LinnæiWästgötaResa/sida/I/faksimil)
75,74,Källby hallar,58.5067,13.3155,Linnés resa,🟡,"Bin, gäss och långgrunt (1746)",Erik Andersson,LinnéCvon,1746,1746,published,published,[Litteraturkartan](https://litteraturbanken.se/litteraturkartan/?id=74) · [Source](https://litteraturbanken.se/författare/LinnéCvon/titlar/LinnæiWästgötaResa/sida/I/faksimil)
76,75,Sunnersberg,58.5694,13.1042,Linnés resa,🟡,Underjordiskt väder (1746),Erik Andersson,LinnéCvon,1746,1746,published,published,[Litteraturkartan](https://litteraturbanken.se/litteraturkartan/?id=75) · [Source](https://litteraturbanken.se/författare/LinnéCvon/titlar/LinnæiWästgötaResa/sida/I/faksimil)
77,76,Stola,58.5947,13.0843,Linnés resa,🟡,Den gamla eken vid Stola (1746),Erik Andersson,LinnéCvon,1746,1746,published,published,[Litteraturkartan](https://litteraturbanken.se/litteraturkartan/?id=76) · [Source](https://litteraturbanken.se/författare/LinnéCvon/titlar/LinnæiWästgötaResa/sida/I/faksimil)
78,77,Lindholmen,58.6099,13.0776,Linnés resa,🟡,En övergiven sätesgård (1746),Erik Andersson,LinnéCvon,1746,1746,published,published,[Litteraturkartan](https://litteraturbanken.se/litteraturkartan/?id=77) · [Source](https://litteraturbanken.se/författare/LinnéCvon/titlar/LinnæiWästgötaResa/sida/I/faksimil)
777,77,Lindholmen,58.6099,13.0776,Resa,🟠,Bengtssons Lindholmen,,,,,published,published,[Litteraturkartan](https://litteraturbanken.se/litteraturkartan/?id=77)
79,78,Läckö slott,58.6752,13.2195,Linnés resa,🟡,Detta vackra slott (1746),Erik Andersson,LinnéCvon,1746,1746,published,published,[Litteraturkartan](https://litteraturbanken.se/litteraturkartan/?id=78) · [Source](https://litteraturbanken.se/författare/LinnéCvon/titlar/LinnæiWästgötaResa/sida/I/faksimil)
778,78,Läckö slott,58.6752,13.2195,Resa,🟠,En Bengtsson på Läckö,,,,,published,published,[Litteraturkartan](https://litteraturbanken.se/litteraturkartan/?id=78)
80,79,Lidköping: kyrkan,58.5014,13.1604,Linnés resa,🟡,En väl möblerad kyrka (1746),Erik Andersson,LinnéCvon,1746,1746,published,published,[Litteraturkartan](https://litteraturbanken.se/litteraturkartan/?id=79) · [Source](https://litteraturbanken.se/författare/LinnéCvon/titlar/LinnæiWästgötaResa/sida/I/faksimil)
254,79,Lidköping: kyrkan,58.5014,13.1604,Resa,🟠,Hon är likväl en ansenlig byggnad (1839),Erik Andersson,AlmqvistCJL,1839,1839,published,published,[Litteraturkartan](https://litteraturbanken.se/litteraturkartan/?id=79) · [Source](https://litteraturbanken.se/författare/AlmqvistCJL/titlar/SamladeVerk22/sida/97/etext)
81,80,Lidköping: nya torget,58.5039,13.1578,Linnés resa,🟡,Linné mäter torget (1746),Erik Andersson,LinnéCvon,1746,1746,published,published,[Litteraturkartan](https://litteraturbanken.se/litteraturkartan/?id=80) · [Source](https://litteraturbanken.se/författare/LinnéCvon/titlar/LinnæiWästgötaResa/sida/I/faksimil)
449,80,Lidköping: nya torget,58.5039,13.1578,Resa,🟠,Jag pompade velocipeden (2016),Peter Törnqvist,TörnqvistP,2016,2016,published,published,[Litteraturkartan](https://litteraturbanken.se/litteraturkartan/?id=80) · [Source](https://litteraturbanken.se/forfattare/TornqvistP/titlar/KalFranLinne)
773,80,Lidköping: nya torget,58.5039,13.1578,Resa,🟠,Bengtsson på torget,,,,,published,published,[Litteraturkartan](https://litteraturbanken.se/litteraturkartan/?id=80)
82,81,Skara: surbrunnen,58.3884,13.4325,Linnés resa,🟡,Om en surbrunn (1746),Erik Andersson,LinnéCvon,1746,1746,published,published,[Litteraturkartan](https://litteraturbanken.se/litteraturkartan/?id=81) · [Source](https://litteraturbanken.se/författare/LinnéCvon/titlar/LinnæiWästgötaResa/sida/I/faksimil)
83,82,Skara,58.3866,13.4392,Linnés resa,🟡,Han är nu en liten stad (1746),Erik Andersson,LinnéCvon,1746,1746,published,published,[Litteraturkartan](https://litteraturbanken.se/litteraturkartan/?id=82) · [Source](https://litteraturbanken.se/författare/LinnéCvon/titlar/LinnæiWästgötaResa/sida/I/faksimil)
161,82,Skara,58.3866,13.4392,Person,🟣,En versifierad student i Skara,Erik Andersson,OdelA,1718,1773,published,published,[Litteraturkartan](https://litteraturbanken.se/litteraturkartan/?id=82) · [Source](https://litteraturbanken.se/författare/OdelA/titlar/DetLystraOchBelefwada/sida/1/faksimil)
164,82,Skara,58.3866,13.4392,Person,🟣,Österlandets uttolkare,Erik Andersson,KnösG,1773,1828,published,published,[Litteraturkartan](https://litteraturbanken.se/litteraturkartan/?id=82) · [Source](https://litteraturbanken.se/författare/KnösG/titlar)
221,82,Skara,58.3866,13.4392,Person,🟣,Hon som såg Stockholm,Erik Andersson,CarlénO,1828,1881,published,published,[Litteraturkartan](https://litteraturbanken.se/litteraturkartan/?id=82) · [Source](https://litteraturbanken.se/författare/CarlénO/titlar)
424,82,Skara,58.3866,13.4392,Resa,🟠,Stora stråkvägen (1938),Erik Andersson,NordströmL,1938,1938,published,published,[Litteraturkartan](https://litteraturbanken.se/litteraturkartan/?id=82) · [Source](https://litteraturbanken.se/författare/NordströmL/titlar/LortSverige/sida/222/etext)
771,82,Skara,58.3866,13.4392,Resa,🟠,Bengtsson i Skara domkyrka,,,,,published,published,[Litteraturkartan](https://litteraturbanken.se/litteraturkartan/?id=82)
84,83,Skara: borgen,58.384,13.4414,Linnés resa,🟡,Slottsruiner (1746),Erik Andersson,LinnéCvon,1746,1746,published,published,[Litteraturkartan](https://litteraturbanken.se/litteraturkartan/?id=83) · [Source](https://litteraturbanken.se/författare/LinnéCvon/titlar/LinnæiWästgötaResa/sida/I/faksimil)
85,84,Skara: Gälakvist,58.3825,13.4418,Linnés resa,🟡,Linné vid Gälakvist (1746),Erik Andersson,LinnéCvon,1746,1746,published,published,[Litteraturkartan](https://litteraturbanken.se/litteraturkartan/?id=84) · [Source](https://litteraturbanken.se/författare/LinnéCvon/titlar/LinnæiWästgötaResa/sida/I/faksimil)
86,85,Brunnsbo,58.3939,13.4951,Linnés resa,🟡,Biskopsgård på slätten (1746),Erik Andersson,LinnéCvon,1746,1746,published,published,[Litteraturkartan](https://litteraturbanken.se/litteraturkartan/?id=85) · [Source](https://litteraturbanken.se/författare/LinnéCvon/titlar/LinnæiWästgötaResa/sida/I/faksimil)
215,85,Brunnsbo,58.3939,13.4951,Person,🟣,En lärdomsgigant i Skara,Erik Andersson,SwedbergJ,1653,1735,published,published,[Litteraturkartan](https://litteraturbanken.se/litteraturkartan/?id=85) · [Source](https://litteraturbanken.se/författare/SwedbergJ/titlar/SwenskOrdabok/sida/3/faksimil)
87,86,Höjentorp,58.4161,13.6409,Linnés resa,🟡,Trehundra får i Höjentorp (1746),Erik Andersson,LinnéCvon,1746,1746,published,published,[Litteraturkartan](https://litteraturbanken.se/litteraturkartan/?id=86) · [Source](https://litteraturbanken.se/författare/LinnéCvon/titlar/LinnæiWästgötaResa/sida/I/faksimil)
88,87,Berg,58.5,13.7736,Linnés resa,🟡,Härligen utsirade ängar (1746),Erik Andersson,LinnéCvon,1746,1746,published,published,[Litteraturkartan](https://litteraturbanken.se/litteraturkartan/?id=87) · [Source](https://litteraturbanken.se/författare/LinnéCvon/titlar/LinnæiWästgötaResa/sida/I/faksimil)
89,88,Ingasäter,58.493,13.828,Linnés resa,🟡,Om de allraskönaste löfträn (1746),Erik Andersson,LinnéCvon,1746,1746,published,published,[Litteraturkartan](https://litteraturbanken.se/litteraturkartan/?id=88) · [Source](https://litteraturbanken.se/författare/LinnéCvon/titlar/LinnæiWästgötaResa/sida/I/faksimil)
90,89,Mölltorp,58.4529,13.8418,Linnés resa,🟡,Linné och alunbruket (1746),Erik Andersson,LinnéCvon,1746,1746,published,published,[Litteraturkartan](https://litteraturbanken.se/litteraturkartan/?id=89) · [Source](https://litteraturbanken.se/författare/LinnéCvon/titlar/LinnæiWästgötaResa/sida/I/faksimil)
91,90,Skövde,58.3892,13.8471,Linnés resa,🟡,En mycket liten fläck (1746),Erik Andersson,LinnéCvon,1746,1746,published,published,[Litteraturkartan](https://litteraturbanken.se/litteraturkartan/?id=90) · [Source](https://litteraturbanken.se/författare/LinnéCvon/titlar/LinnæiWästgötaResa/sida/I/faksimil)
160,90,Skövde,58.3892,13.8471,Person,🟣,En mönsterritare från Skövde,Erik Andersson,OdelA,1718,1773,published,published,[Litteraturkartan](https://litteraturbanken.se/litteraturkartan/?id=90) · [Source](https://litteraturbanken.se/författare/OdelA/titlar/DetLystraOchBelefwada/sida/1/faksimil)
92,91,Segerstorp,58.376,13.867,Linnés resa,🟡,Åkrarnas gula blommor (1746),Erik Andersson,LinnéCvon,1746,1746,published,published,[Litteraturkartan](https://litteraturbanken.se/litteraturkartan/?id=91) · [Source](https://litteraturbanken.se/författare/LinnéCvon/titlar/LinnæiWästgötaResa/sida/I/faksimil)
93,92,Skultorp,58.3452,13.822,Linnés resa,🟡,Linné i Skultorp (1746),Erik Andersson,LinnéCvon,1746,1746,published,published,[Litteraturkartan](https://litteraturbanken.se/litteraturkartan/?id=92) · [Source](https://litteraturbanken.se/författare/LinnéCvon/titlar/LinnæiWästgötaResa/sida/I/faksimil)
94,93,Berga,58.221,13.6322,Linnés resa,🟡,Fåraherdens vaktkoja (1746),Erik Andersson,LinnéCvon,1746,1746,published,published,[Litteraturkartan](https://litteraturbanken.se/litteraturkartan/?id=93) · [Source](https://litteraturbanken.se/författare/LinnéCvon/titlar/LinnæiWästgötaResa/sida/I/faksimil)
95,94,Tomten,58.223,13.6128,Linnés resa,🟡,Kalksten och klåcksten (1746),Erik Andersson,LinnéCvon,1746,1746,published,published,[Litteraturkartan](https://litteraturbanken.se/litteraturkartan/?id=94) · [Source](https://litteraturbanken.se/författare/LinnéCvon/titlar/LinnæiWästgötaResa/sida/I/faksimil)
96,95,Falköping: Ranten,58.1769,13.5507,Linnés resa,🟡,En kalkflisa under Falbygden (1746),Erik Andersson,LinnéCvon,1746,1746,published,published,[Litteraturkartan](https://litteraturbanken.se/litteraturkartan/?id=95) · [Source](https://litteraturbanken.se/författare/LinnéCvon/titlar/LinnæiWästgötaResa/sida/I/faksimil)
97,96,Falköping: torget,58.1614,13.5508,Linnés resa,🟡,En behagelig och slät ort (1746),Erik Andersson,LinnéCvon,1746,1746,published,published,[Litteraturkartan](https://litteraturbanken.se/litteraturkartan/?id=96) · [Source](https://litteraturbanken.se/författare/LinnéCvon/titlar/LinnæiWästgötaResa/sida/I/faksimil)
98,97,Falköping: Hjelmarsrör,58.1698,13.5781,Linnés resa,🟡,Linné mäter med bysseskått (1746),Erik Andersson,LinnéCvon,1746,1746,published,published,[Litteraturkartan](https://litteraturbanken.se/litteraturkartan/?id=97) · [Source](https://litteraturbanken.se/författare/LinnéCvon/titlar/LinnæiWästgötaResa/sida/I/faksimil)
99,98,Falköping: Bestorp,58.1722,13.5287,Linnés resa,🟡,Cataracter i Bestorp (1746),Erik Andersson,LinnéCvon,1746,1746,published,published,[Litteraturkartan](https://litteraturbanken.se/litteraturkartan/?id=98) · [Source](https://litteraturbanken.se/författare/LinnéCvon/titlar/LinnæiWästgötaResa/sida/I/faksimil)
100,99,Odens kulle,58.1563,13.4434,Linnés resa,🟡,Odens kulle (1746),Erik Andersson,LinnéCvon,1746,1746,published,published,[Litteraturkartan](https://litteraturbanken.se/litteraturkartan/?id=99) · [Source](https://litteraturbanken.se/författare/LinnéCvon/titlar/LinnæiWästgötaResa/sida/I/faksimil)
101,100,Kleva hed,58.2009,13.4393,Linnés resa,🟡,Linné på slagfältet (1746),Erik Andersson,LinnéCvon,1746,1746,published,published,[Litteraturkartan](https://litteraturbanken.se/litteraturkartan/?id=100) · [Source](https://litteraturbanken.se/författare/LinnéCvon/titlar/LinnæiWästgötaResa/sida/I/faksimil)
102,101,Holöja,58.1792,13.4393,Linnés resa,🟡,Hålöga (1746),Erik Andersson,LinnéCvon,1746,1746,published,published,[Litteraturkartan](https://litteraturbanken.se/litteraturkartan/?id=101) · [Source](https://litteraturbanken.se/författare/LinnéCvon/titlar/LinnæiWästgötaResa/sida/I/faksimil)
103,102,Vilske-Kleva,58.2078,13.4382,Linnés resa,🟡,En widlyftig prospect (1746),Erik Andersson,LinnéCvon,1746,1746,published,published,[Litteraturkartan](https://litteraturbanken.se/litteraturkartan/?id=102) · [Source](https://litteraturbanken.se/författare/LinnéCvon/titlar/LinnæiWästgötaResa/sida/I/faksimil)
423,102,Vilske-Kleva,58.2078,13.4382,Resa,🟠,Halland var fint (1938),Erik Andersson,NordströmL,1938,1938,published,published,[Litteraturkartan](https://litteraturbanken.se/litteraturkartan/?id=102) · [Source](https://litteraturbanken.se/författare/NordströmL/titlar/LortSverige/sida/221/etext)
104,103,Backor,58.2137,13.4525,Linnés resa,🟡,Örterne kring Backerodsgård (1746),Erik Andersson,LinnéCvon,1746,1746,published,published,[Litteraturkartan](https://litteraturbanken.se/litteraturkartan/?id=103) · [Source](https://litteraturbanken.se/författare/LinnéCvon/titlar/LinnæiWästgötaResa/sida/I/faksimil)
105,104,Trimstorp,58.1585,13.4234,Linnés resa,🟡,Giftiga örter i Trimstorp (1746),Erik Andersson,LinnéCvon,1746,1746,published,published,[Litteraturkartan](https://litteraturbanken.se/litteraturkartan/?id=104) · [Source](https://litteraturbanken.se/författare/LinnéCvon/titlar/LinnæiWästgötaResa/sida/I/faksimil)
106,105,Mjäldrunga,58.0753,13.2463,Linnés resa,🟡,Dubbelkollekt i Mjällerunga (1746),Erik Andersson,LinnéCvon,1746,1746,published,published,[Litteraturkartan](https://litteraturbanken.se/litteraturkartan/?id=105) · [Source](https://litteraturbanken.se/författare/LinnéCvon/titlar/LinnæiWästgötaResa/sida/I/faksimil)
107,106,Häljarp,58.0257,13.1592,Linnés resa,🟡,Plundrade av getter (1746),Erik Andersson,LinnéCvon,1746,1746,published,published,[Litteraturkartan](https://litteraturbanken.se/litteraturkartan/?id=106) · [Source](https://litteraturbanken.se/författare/LinnéCvon/titlar/LinnæiWästgötaResa/sida/I/faksimil)
108,107,Ljung,57.9882,13.0599,Linnés resa,🟡,Linné och torven (1746),Erik Andersson,LinnéCvon,1746,1746,published,published,[Litteraturkartan](https://litteraturbanken.se/litteraturkartan/?id=107) · [Source](https://litteraturbanken.se/författare/LinnéCvon/titlar/LinnæiWästgötaResa/sida/I/faksimil)
109,108,Ollestad,57.9719,13.1547,Linnés resa,🟡,Herr Blackvell i Ollestad (1746),Erik Andersson,LinnéCvon,1746,1746,published,published,[Litteraturkartan](https://litteraturbanken.se/litteraturkartan/?id=108) · [Source](https://litteraturbanken.se/författare/LinnéCvon/titlar/LinnæiWästgötaResa/sida/I/faksimil)
110,109,Flaberg,57.9587,13.0709,Linnés resa,🟡,Dimma i Flaberg (1746),Erik Andersson,LinnéCvon,1746,1746,published,published,[Litteraturkartan](https://litteraturbanken.se/litteraturkartan/?id=109) · [Source](https://litteraturbanken.se/författare/LinnéCvon/titlar/LinnæiWästgötaResa/sida/I/faksimil)
111,110,Nossekälla,57.8792,13.0258,Linnés resa,🟡,Att uthärda vid livet (1746),Erik Andersson,LinnéCvon,1746,1746,published,published,[Litteraturkartan](https://litteraturbanken.se/litteraturkartan/?id=110) · [Source](https://litteraturbanken.se/författare/LinnéCvon/titlar/LinnæiWästgötaResa/sida/I/faksimil)
112,111,Borås: kyrkan,57.7223,12.9394,Linnés resa,🟡,En mycket snygg och renlig stad (1746),Erik Andersson,LinnéCvon,1746,1746,published,published,[Litteraturkartan](https://litteraturbanken.se/litteraturkartan/?id=111) · [Source](https://litteraturbanken.se/författare/LinnéCvon/titlar/LinnæiWästgötaResa/sida/I/faksimil)
113,112,Borås: surbrunnen,57.7149,12.9224,Linnés resa,🟡,Ett vatten med blå hinna (1746),Erik Andersson,LinnéCvon,1746,1746,published,published,[Litteraturkartan](https://litteraturbanken.se/litteraturkartan/?id=112) · [Source](https://litteraturbanken.se/författare/LinnéCvon/titlar/LinnæiWästgötaResa/sida/I/faksimil)
115,114,Alingsås: pipbruket,57.9345,12.5108,Linnés resa,🟡,Linné besöker pipbruket (1746),Erik Andersson,LinnéCvon,1746,1746,published,published,[Litteraturkartan](https://litteraturbanken.se/litteraturkartan/?id=114) · [Source](https://litteraturbanken.se/författare/LinnéCvon/titlar/LinnæiWästgötaResa/sida/I/faksimil)
116,115,Ingared,57.8494,12.458,Linnés resa,🟡,Nattens tjocka mörker (1746),Erik Andersson,LinnéCvon,1746,1746,published,published,[Litteraturkartan](https://litteraturbanken.se/litteraturkartan/?id=115) · [Source](https://litteraturbanken.se/författare/LinnéCvon/titlar/LinnæiWästgötaResa/sida/I/faksimil)
117,116,Göteborg: inom vallgraven,57.7065,11.9637,Linnés resa,🟡,Den täckaste stad ibland alla (1746),Erik Andersson,LinnéCvon,1746,1746,published,published,[Litteraturkartan](https://litteraturbanken.se/litteraturkartan/?id=116) · [Source](https://litteraturbanken.se/författare/LinnéCvon/titlar/LinnæiWästgötaResa/sida/I/faksimil)
165,116,Göteborg: inom vallgraven,57.7065,11.9637,Verk,🔵,Cederbourgs Göteborg,Erik Andersson,CederbourgE,1682,1752,published,published,[Litteraturkartan](https://litteraturbanken.se/litteraturkartan/?id=116) · [Source](https://litteraturbanken.se/författare/CederbourgE/titlar/EnKortBeskrifningÖfwer/sida/I/faksimil)
118,117,"Örgryte, Göteborg",57.7023,12.0015,Linnés resa,🟡,Linné i trädgården (1746),Erik Andersson,LinnéCvon,1746,1746,published,published,[Litteraturkartan](https://litteraturbanken.se/litteraturkartan/?id=117) · [Source](https://litteraturbanken.se/författare/LinnéCvon/titlar/LinnæiWästgötaResa/sida/I/faksimil)
119,118,"Kallebäck, Göteborg",57.6842,12.0217,Linnés resa,🟡,En widlyftig runsten (1746),Erik Andersson,LinnéCvon,1746,1746,published,published,[Litteraturkartan](https://litteraturbanken.se/litteraturkartan/?id=118) · [Source](https://litteraturbanken.se/författare/LinnéCvon/titlar/LinnæiWästgötaResa/sida/I/faksimil)
120,119,"Nya Varvet, Göteborg",57.685,11.8913,Linnés resa,🟡,Ormar vid Nya Varvet (1746),Erik Andersson,LinnéCvon,1746,1746,published,published,[Litteraturkartan](https://litteraturbanken.se/litteraturkartan/?id=119) · [Source](https://litteraturbanken.se/författare/LinnéCvon/titlar/LinnæiWästgötaResa/sida/I/faksimil)
1068,119,"Nya Varvet, Göteborg",57.685,11.8913,Person,🟣,Två prominenta gäster,David Anthin,BengtssonS,1979,1979,published,published,[Litteraturkartan](https://litteraturbanken.se/litteraturkartan/?id=119) · [Source](https://litteraturbanken.se/författare/BengtssonS/titlar/ILinnésFotspårGenomVästergötland/sida/117/faksimil)
121,120,Bohus fästning,57.8615,11.9997,Linnés resa,🟡,Linné vid Bohus fästning (1746),Erik Andersson,LinnéCvon,1746,1746,published,published,[Litteraturkartan](https://litteraturbanken.se/litteraturkartan/?id=120) · [Source](https://litteraturbanken.se/författare/LinnéCvon/titlar/LinnæiWästgötaResa/sida/I/faksimil)
122,121,Kungälv: Linnés resa,57.86528989255319,11.99438810348511,Linnés resa,🟡,Rabarber i Kungälv? (1746),Erik Andersson,LinnéCvon,1746,1746,published,published,[Litteraturkartan](https://litteraturbanken.se/litteraturkartan/?id=121) · [Source](https://litteraturbanken.se/författare/LinnéCvon/titlar/LinnæiWästgötaResa/sida/I/faksimil)
124,123,Gullbringa,57.8902,11.7758,Linnés resa,🟡,En naken trakt (1746),Erik Andersson,LinnéCvon,1746,1746,published,published,[Litteraturkartan](https://litteraturbanken.se/litteraturkartan/?id=123) · [Source](https://litteraturbanken.se/författare/LinnéCvon/titlar/LinnæiWästgötaResa/sida/I/faksimil)
125,124,Tjuvkil,57.8983,11.7279,Linnés resa,🟡,En gästgifwaregård i Kyfkil (1746),Erik Andersson,LinnéCvon,1746,1746,published,published,[Litteraturkartan](https://litteraturbanken.se/litteraturkartan/?id=124) · [Source](https://litteraturbanken.se/författare/LinnéCvon/titlar/LinnæiWästgötaResa/sida/I/faksimil)
126,125,Marstrand: Linnés resa,57.8863,11.5827,Linnés resa,🟡,Fångarne gingo nu i sin olycka (1746),Erik Andersson,LinnéCvon,1746,1746,published,published,[Litteraturkartan](https://litteraturbanken.se/litteraturkartan/?id=125) · [Source](https://litteraturbanken.se/författare/LinnéCvon/titlar/LinnæiWästgötaResa/sida/I/faksimil)
127,126,Kråkan,57.9575,11.6636,Linnés resa,🟡,Linné på Kråkan (1746),Erik Andersson,LinnéCvon,1746,1746,published,published,[Litteraturkartan](https://litteraturbanken.se/litteraturkartan/?id=126) · [Source](https://litteraturbanken.se/författare/LinnéCvon/titlar/LinnæiWästgötaResa/sida/I/faksimil)
128,127,Höviksnäs,58.0347,11.7639,Linnés resa,🟡,Linné om bränslefrågan på Tjörn (1746),Erik Andersson,LinnéCvon,1746,1746,published,published,[Litteraturkartan](https://litteraturbanken.se/litteraturkartan/?id=127) · [Source](https://litteraturbanken.se/författare/LinnéCvon/titlar/LinnæiWästgötaResa/sida/I/faksimil)
129,128,Svanesund,58.1393,11.8319,Linnés resa,🟡,Att botanicera på hafsbotnen (1746),Erik Andersson,LinnéCvon,1746,1746,published,published,[Litteraturkartan](https://litteraturbanken.se/litteraturkartan/?id=128) · [Source](https://litteraturbanken.se/författare/LinnéCvon/titlar/LinnæiWästgötaResa/sida/I/faksimil)
130,129,Byfjorden,58.3393,11.8895,Linnés resa,🟡,Västkustens Venedig (1746),Erik Andersson,LinnéCvon,1746,1746,published,published,[Litteraturkartan](https://litteraturbanken.se/litteraturkartan/?id=129) · [Source](https://litteraturbanken.se/författare/LinnéCvon/titlar/LinnæiWästgötaResa/sida/I/faksimil)
131,130,Uddevalla: innerstaden,58.3527,11.9353,Linnés resa,🟡,Linné i Uddevalla (1746),Erik Andersson,LinnéCvon,1746,1746,published,published,[Litteraturkartan](https://litteraturbanken.se/litteraturkartan/?id=130) · [Source](https://litteraturbanken.se/författare/LinnéCvon/titlar/LinnæiWästgötaResa/sida/I/faksimil)
132,131,Samneröd,58.3648,11.9663,Linnés resa,🟡,Skalbärgen i Uddevalla (1746),Erik Andersson,LinnéCvon,1746,1746,published,published,[Litteraturkartan](https://litteraturbanken.se/litteraturkartan/?id=131) · [Source](https://litteraturbanken.se/författare/LinnéCvon/titlar/LinnæiWästgötaResa/sida/I/faksimil)
133,132,Herrestad,58.3466,11.835,Linnés resa,🟡,Jättegrytor och ängelska får (1746),Erik Andersson,LinnéCvon,1746,1746,published,published,[Litteraturkartan](https://litteraturbanken.se/litteraturkartan/?id=132) · [Source](https://litteraturbanken.se/författare/LinnéCvon/titlar/LinnæiWästgötaResa/sida/I/faksimil)
229,132,Herrestad,58.3466,11.835,Resa,🟠,All wämjelse til trots (1795),Erik Andersson,WollstonecraftM,1795,1795,published,published,[Litteraturkartan](https://litteraturbanken.se/litteraturkartan/?id=132) · [Source](https://litteraturbanken.se/författare/WollstonecraftM/titlar/BrefSkrifnaUnderEtKortWistande/sida/174/faksimil)
134,133,Uddevalla: Rävgiljan,58.3465,11.938,Linnés resa,🟡,Päronlika löv (1746),Erik Andersson,LinnéCvon,1746,1746,published,published,[Litteraturkartan](https://litteraturbanken.se/litteraturkartan/?id=133) · [Source](https://litteraturbanken.se/författare/LinnéCvon/titlar/LinnæiWästgötaResa/sida/I/faksimil)
135,134,Gustafsberg,58.3294,11.9038,Linnés resa,🟡,En surbrunn uti lerbotten (1746),Erik Andersson,LinnéCvon,1746,1746,published,published,[Litteraturkartan](https://litteraturbanken.se/litteraturkartan/?id=134) · [Source](https://litteraturbanken.se/författare/LinnéCvon/titlar/LinnæiWästgötaResa/sida/I/faksimil)
136,135,Lunnebräcka,58.3278,11.9112,Linnés resa,🟡,Linné bland växter och paddor (1746),Erik Andersson,LinnéCvon,1746,1746,published,published,[Litteraturkartan](https://litteraturbanken.se/litteraturkartan/?id=135) · [Source](https://litteraturbanken.se/författare/LinnéCvon/titlar/LinnæiWästgötaResa/sida/I/faksimil)
137,136,Trollhättan,58.2774,12.2767,Linnés resa,🟡,Ett rövarnäste i Trollhättan (1746),Erik Andersson,LinnéCvon,1746,1746,published,published,[Litteraturkartan](https://litteraturbanken.se/litteraturkartan/?id=136) · [Source](https://litteraturbanken.se/författare/LinnéCvon/titlar/LinnæiWästgötaResa/sida/I/faksimil)
230,136,Trollhättan,58.2774,12.2767,Resa,🟠,Det urgamla Chaos (1795),Erik Andersson,WollstonecraftM,1795,1795,published,published,[Litteraturkartan](https://litteraturbanken.se/litteraturkartan/?id=136) · [Source](https://litteraturbanken.se/författare/WollstonecraftM/titlar/BrefSkrifnaUnderEtKortWistande/sida/179/faksimil)
360,136,Trollhättan,58.2774,12.2767,Plats,🟢,Tingens ringhet,,LinnerhielmJC,1806,1806,published,published,[Litteraturkartan](https://litteraturbanken.se/litteraturkartan/?id=136) · [Source](https://litteraturbanken.se/författare/LinnerhielmJC/titlar/BrefNyaResor/sida/92/faksimil)
138,137,Västra Tunhem,58.3052,12.4073,Linnés resa,🟡,Ett jordiskt paradis (1746),Erik Andersson,LinnéCvon,1746,1746,published,published,[Litteraturkartan](https://litteraturbanken.se/litteraturkartan/?id=137) · [Source](https://litteraturbanken.se/författare/LinnéCvon/titlar/LinnæiWästgötaResa/sida/I/faksimil)
188,137,Västra Tunhem,58.3052,12.4073,Person,🟣,Torparsonens livsresa,Erik Andersson,LjungströmCJ,1819,1884,published,published,[Litteraturkartan](https://litteraturbanken.se/litteraturkartan/?id=137) · [Source](https://litteraturbanken.se/författare/LjungströmCJ/titlar/RunaList/sida/I/faksimil)
139,138,Hullsjön,58.2806,12.3789,Linnés resa,🟡,Om att blifwa til äng (1746),Erik Andersson,LinnéCvon,1746,1746,published,published,[Litteraturkartan](https://litteraturbanken.se/litteraturkartan/?id=138) · [Source](https://litteraturbanken.se/författare/LinnéCvon/titlar/LinnæiWästgötaResa/sida/I/faksimil)
140,139,Flo,58.3353,12.5679,Linnés resa,🟡,Linné besöker prosten Kolmodin (1746),Erik Andersson,LinnéCvon,1746,1746,published,published,[Litteraturkartan](https://litteraturbanken.se/litteraturkartan/?id=139) · [Source](https://litteraturbanken.se/författare/LinnéCvon/titlar/LinnæiWästgötaResa/sida/I/faksimil)
141,140,Häckle,58.3551,12.4168,Linnés resa,🟡,Ättestörtans Walhall (1746),Erik Andersson,LinnéCvon,1746,1746,published,published,[Litteraturkartan](https://litteraturbanken.se/litteraturkartan/?id=140) · [Source](https://litteraturbanken.se/författare/LinnéCvon/titlar/LinnæiWästgötaResa/sida/I/faksimil)
142,141,Ronnum,58.355,12.3867,Linnés resa,🟡,Linné i Ronnum (1746),Erik Andersson,LinnéCvon,1746,1746,published,published,[Litteraturkartan](https://litteraturbanken.se/litteraturkartan/?id=141) · [Source](https://litteraturbanken.se/författare/LinnéCvon/titlar/LinnæiWästgötaResa/sida/I/faksimil)
143,142,Vänersborg,58.37646215704921,12.327325344085695,Linnés resa,🟡,Ett skönt torg i Vänersborg (1746),Erik Andersson,LinnéCvon,1746,1746,published,published,[Litteraturkartan](https://litteraturbanken.se/litteraturkartan/?id=142) · [Source](https://litteraturbanken.se/författare/LinnéCvon/titlar/LinnæiWästgötaResa/sida/I/faksimil)
451,142,Vänersborg,58.37646215704921,12.327325344085695,Resa,🟠,Darrande som ett ark papper (2016),Peter Törnqvist,TörnqvistP,2016,2016,published,published,[Litteraturkartan](https://litteraturbanken.se/litteraturkartan/?id=142) · [Source](https://litteraturbanken.se/forfattare/TornqvistP/titlar/KalFranLinne)
492,142,Vänersborg,58.37646215704921,12.327325344085695,Plats,🟢,Vänersborg hos Litteraturbanken,,,,,published,published,[Litteraturkartan](https://litteraturbanken.se/litteraturkartan/?id=142)
144,143,Karls grav,58.3442,12.3487,Linnés resa,🟡,Om Karls grav (1746),Erik Andersson,LinnéCvon,1746,1746,published,published,[Litteraturkartan](https://litteraturbanken.se/litteraturkartan/?id=143) · [Source](https://litteraturbanken.se/författare/LinnéCvon/titlar/LinnæiWästgötaResa/sida/I/faksimil)
145,144,Dalbobergen,58.3895,12.3074,Linnés resa,🟡,Linné vid gränsen till Dal (1746),Erik Andersson,LinnéCvon,1746,1746,published,published,[Litteraturkartan](https://litteraturbanken.se/litteraturkartan/?id=144) · [Source](https://litteraturbanken.se/författare/LinnéCvon/titlar/LinnæiWästgötaResa/sida/I/faksimil)
146,145,Röshult,58.4629,12.2639,Linnés resa,🟡,Tistlar och mjölkblomster (1746),Erik Andersson,LinnéCvon,1746,1746,published,published,[Litteraturkartan](https://litteraturbanken.se/litteraturkartan/?id=145) · [Source](https://litteraturbanken.se/författare/LinnéCvon/titlar/LinnæiWästgötaResa/sida/I/faksimil)
147,146,Frändefors,58.4966,12.278,Linnés resa,🟡,Om att äta sina döda (1746),Erik Andersson,LinnéCvon,1746,1746,published,published,[Litteraturkartan](https://litteraturbanken.se/litteraturkartan/?id=146) · [Source](https://litteraturbanken.se/författare/LinnéCvon/titlar/LinnæiWästgötaResa/sida/I/faksimil)
148,147,Bolstad,58.5769,12.4839,Linnés resa,🟡,Pastor Brelin och olyckans stormwäder (1746),Erik Andersson,LinnéCvon,1746,1746,published,published,[Litteraturkartan](https://litteraturbanken.se/litteraturkartan/?id=147) · [Source](https://litteraturbanken.se/författare/LinnéCvon/titlar/LinnæiWästgötaResa/sida/I/faksimil)
342,147,Bolstad,58.5769,12.4839,Person,🟣,Adelslängtande äventyrare som gillades av Thorild,Lilian Perme,IngmanManderfeltC,1747,1813,published,published,[Litteraturkartan](https://litteraturbanken.se/litteraturkartan/?id=147)
375,147,Bolstad,58.5769,12.4839,Verk,🔵,Reseroman i brevform,Lilian Perme,WahlströmP,1800,1800,published,published,[Litteraturkartan](https://litteraturbanken.se/litteraturkartan/?id=147) · [Source](https://litteraturbanken.se/f%C3%B6rfattare/Wahlstr%C3%B6mP/titlar/BrefTillEnV%C3%A4n/sida/1/etext)
380,147,Bolstad,58.5769,12.4839,Person,🟣,Hembygsman som skrev om Dalslandslitteratur,Lilian Perme,,1895,1968,published,published,[Litteraturkartan](https://litteraturbanken.se/litteraturkartan/?id=147)
149,148,Köpmannebro,58.7759,12.5059,Linnés resa,🟡,Linné i Köpmannebro (1746),Erik Andersson,LinnéCvon,1746,1746,published,published,[Litteraturkartan](https://litteraturbanken.se/litteraturkartan/?id=148) · [Source](https://litteraturbanken.se/författare/LinnéCvon/titlar/LinnæiWästgötaResa/sida/I/faksimil)
150,149,Ånimmen,58.8223,12.5187,Linnés resa,🟡,Linné vid Ånimmen (1746),Erik Andersson,LinnéCvon,1746,1746,published,published,[Litteraturkartan](https://litteraturbanken.se/litteraturkartan/?id=149) · [Source](https://litteraturbanken.se/författare/LinnéCvon/titlar/LinnæiWästgötaResa/sida/I/faksimil)
152,151,Kinnekulle,58.5987,13.4048,Plats,🟢,Linnés berg: Kinnekulle (1746),Erik Andersson,LinnéCvon,1746,1746,published,published,[Litteraturkartan](https://litteraturbanken.se/litteraturkartan/?id=151) · [Source](https://litteraturbanken.se/författare/LinnéCvon/titlar/LinnæiWästgötaResa/sida/I/faksimil)
175,151,Kinnekulle,58.5987,13.4048,Person,🟣,Johannes möter Kinnekulle,Erik Andersson,EdfeltJ,,,published,published,[Litteraturkartan](https://litteraturbanken.se/litteraturkartan/?id=151) · [Source](https://litteraturbanken.se/författare/EdfeltJ/titlar/BråddjuptEko/sida/48/etext)
153,152,Billingen,58.4433,13.7756,Plats,🟢,Linnés berg: Billingen (1746),Erik Andersson,LinnéCvon,1746,1746,published,published,[Litteraturkartan](https://litteraturbanken.se/litteraturkartan/?id=152) · [Source](https://litteraturbanken.se/författare/LinnéCvon/titlar/LinnæiWästgötaResa/sida/I/faksimil)
174,152,Billingen,58.4433,13.7756,Person,🟣,Johannes och Billingen,Erik Andersson,Edfelt,,,published,published,[Litteraturkartan](https://litteraturbanken.se/litteraturkartan/?id=152) · [Source](https://litteraturbanken.se/författare/EdfeltJ/titlar)
154,153,Mösseberg,58.1733,13.5119,Plats,🟢,Linnés berg: Mösseberg (1746),Erik Andersson,LinnéCvon,1746,1746,published,published,[Litteraturkartan](https://litteraturbanken.se/litteraturkartan/?id=153) · [Source](https://litteraturbanken.se/författare/LinnéCvon/titlar/LinnæiWästgötaResa/sida/I/faksimil)
155,154,Ålleberg,58.1401,13.6039,Plats,🟢,Linnés berg: Ålleberg (1746),Erik Andersson,LinnéCvon,1746,1746,published,published,[Litteraturkartan](https://litteraturbanken.se/litteraturkartan/?id=154) · [Source](https://litteraturbanken.se/författare/LinnéCvon/titlar/LinnæiWästgötaResa/sida/I/faksimil)
763,154,Ålleberg,58.1401,13.6039,Resa,🟠,Bengtsson och berget,,,,,published,published,[Litteraturkartan](https://litteraturbanken.se/litteraturkartan/?id=154)
156,155,Västgöta fjäll,57.7544,12.8597,Plats,🟢,Linnés berg: Västgöta fjäll (1746),Erik Andersson,LinnéCvon,1746,1746,published,published,[Litteraturkartan](https://litteraturbanken.se/litteraturkartan/?id=155) · [Source](https://litteraturbanken.se/författare/LinnéCvon/titlar/LinnæiWästgötaResa/sida/I/faksimil)
157,156,Hunneberg,58.3276,12.5345,Plats,🟢,Linnés berg: Hunneberg (1746),Erik Andersson,LinnéCvon,1746,1746,published,published,[Litteraturkartan](https://litteraturbanken.se/litteraturkartan/?id=156) · [Source](https://litteraturbanken.se/författare/LinnéCvon/titlar/LinnæiWästgötaResa/sida/I/faksimil)
158,157,Halleberg,58.3862,12.4834,Plats,🟢,Linnés berg: Halleberg (1746),Erik Andersson,LinnéCvon,1746,1746,published,published,[Litteraturkartan](https://litteraturbanken.se/litteraturkartan/?id=157) · [Source](https://litteraturbanken.se/författare/LinnéCvon/titlar/LinnæiWästgötaResa/sida/I/faksimil)
159,158,Köpmannefjäll,59.0299,11.7601,Plats,🟢,Linnés berg: Köpmannefjäll (1746),Erik Andersson,LinnéCvon,1746,1746,published,published,[Litteraturkartan](https://litteraturbanken.se/litteraturkartan/?id=158) · [Source](https://litteraturbanken.se/författare/LinnéCvon/titlar/LinnæiWästgötaResa/sida/I/faksimil)
163,159,Kråk,58.4792,14.4878,Person,🟣,Småfåglarnas diktare,Erik Andersson,EhrenborgPosseB,1818,1880,published,published,[Litteraturkartan](https://litteraturbanken.se/litteraturkartan/?id=159) · [Source](https://litteraturbanken.se/författare/EhrenborgPosseB/titlar/SmåFåglarFrånKinnekulle/sida/1/faksimil)
166,160,Göteborg: rådhusrätten,57.7075,11.9664,Person,🟣,En lokalpatriotisk jurist,Erik Andersson,CederbourgE,1682,1758,published,published,[Litteraturkartan](https://litteraturbanken.se/litteraturkartan/?id=160) · [Source](https://litteraturbanken.se/författare/CederbourgE/titlar/EnKortBeskrifningÖfwer/sida/I/faksimil)
167,161,Brunn,57.7976,13.3674,Person,🟣,En landskapets hyllning,Erik Andersson,TidgrenG,1743,1788,published,published,[Litteraturkartan](https://litteraturbanken.se/litteraturkartan/?id=161) · [Source](https://litteraturbanken.se/författare/TidgrenG/titlar/WestergöthlandsHistoria/sida/I/faksimil)
168,162,Kyrkefalla: prästgården,58.4097,14.1922,Person,🟣,En guvernant i Kyrkefalla,Erik Andersson,WidströmUC,1764,1841,published,published,[Litteraturkartan](https://litteraturbanken.se/litteraturkartan/?id=162) · [Source](https://litteraturbanken.se/författare/WidströmUC/titlar/ErotiskaSånger/sida/3/faksimil)
169,163,Mariestad: Kyrkogatan 18,58.7116,13.8217,Verk,🔵,En minnestavla i Mariestad,Erik Andersson,WidströmUC,1764,1841,published,published,[Litteraturkartan](https://litteraturbanken.se/litteraturkartan/?id=163) · [Source](https://litteraturbanken.se/författare/WidströmUC/titlar/WidströmsSamladeWitterhet/sida/V/faksimil)
170,164,Spännefalla,58.3641,14.1709,Person,🟣,En diktare föds,Erik Andersson,EdfeltJ,1904,1905,published,published,[Litteraturkartan](https://litteraturbanken.se/litteraturkartan/?id=164) · [Source](https://litteraturbanken.se/författare/EdfeltJ/titlar/UnderSaturnus/sida/3/etext)
171,165,Edåsa: Stommen,58.2842,13.9406,Person,🟣,Johannes i Edåsa,Erik Andersson,EdfeltJ,1905,1910,published,published,[Litteraturkartan](https://litteraturbanken.se/litteraturkartan/?id=165) · [Source](https://litteraturbanken.se/författare/EdfeltJ/titlar)
172,166,Skövde: skolan,58.3885,13.8478,Person,🟣,Johannes i Skövde,Erik Andersson,EdfeltJ,1910,1910,published,published,[Litteraturkartan](https://litteraturbanken.se/litteraturkartan/?id=166) · [Source](https://litteraturbanken.se/författare/EdfeltJ/titlar/UnderSaturnus/sida/60/etext)
173,167,Skara gymnasium,58.3859,13.4393,Person,🟣,Latinisten Johannes,Erik Andersson,EdfeltJ,1920,1923,published,published,[Litteraturkartan](https://litteraturbanken.se/litteraturkartan/?id=167) · [Source](https://litteraturbanken.se/författare/EdfeltJ/titlar)
178,167,Skara gymnasium,58.3859,13.4393,Person,🟣,En genial lärare i Skara,Erik Andersson,HofS,1703,1786,published,published,[Litteraturkartan](https://litteraturbanken.se/litteraturkartan/?id=167) · [Source](https://litteraturbanken.se/författare/HofS/titlar/DialectvsVestrogothica/sida/5/faksimil)
191,167,Skara gymnasium,58.3859,13.4393,Person,🟣,Gluntarnes mästare,Erik Andersson,WennerbergG,1817,1901,published,published,[Litteraturkartan](https://litteraturbanken.se/litteraturkartan/?id=167) · [Source](https://litteraturbanken.se/författare/WennerbergG/titlar/Gluntarne/sida/5/faksimil)
197,167,Skara gymnasium,58.3859,13.4393,Person,🟣,En blivande riksdagsman,Erik Andersson,,1864,1922,published,published,[Litteraturkartan](https://litteraturbanken.se/litteraturkartan/?id=167)
214,167,Skara gymnasium,58.3859,13.4393,Person,🟣,Gissebergets son,Erik Andersson,CarlénJG,1814,1875,published,published,[Litteraturkartan](https://litteraturbanken.se/litteraturkartan/?id=167) · [Source](https://litteraturbanken.se/författare/CarlénJG/titlar)
217,167,Skara gymnasium,58.3859,13.4393,Person,🟣,Det hemlängtansfyllda Westergöthland,Erik Andersson,BjurstenH,1825,1866,published,published,[Litteraturkartan](https://litteraturbanken.se/litteraturkartan/?id=167) · [Source](https://litteraturbanken.se/författare/BjurstenH/titlar)
383,167,Skara gymnasium,58.3859,13.4393,Person,🟣,En översättare i Akademien,Erik Andersson,,1815,1897,published,published,[Litteraturkartan](https://litteraturbanken.se/litteraturkartan/?id=167) · [Source](https://litteraturbanken.se/översättarlexikon/artiklar/Carl_Anders_Kullberg)
474,167,Skara gymnasium,58.3859,13.4393,Person,🟣,Kellgren i Skara,Dick Claésson,KellgrenJH,1751,1751,published,published,[Litteraturkartan](https://litteraturbanken.se/litteraturkartan/?id=167) · [Source](https://litteraturbanken.se/författare/KellgrenJH/titlar/Inträdestal1786/sida/47/etext)
176,168,Skövde: Sandtorget,58.3912,13.8472,Person,🟣,Johannes på hästmarknaden,Erik Andersson,EdfeltJ,,,published,published,[Litteraturkartan](https://litteraturbanken.se/litteraturkartan/?id=168) · [Source](https://litteraturbanken.se/författare/EdfeltJ/titlar)
177,169,Ulvängen,58.4742,13.9396,Person,🟣,Dialektens mästare,Erik Andersson,HofS,1703,1786,published,published,[Litteraturkartan](https://litteraturbanken.se/litteraturkartan/?id=169) · [Source](https://litteraturbanken.se/författare/HofS/titlar/DialectvsVestrogothica/sida/5/faksimil)
179,170,Göteve Backor,58.1223,13.4165,Person,🟣,En västgötatrogen uppsalabo,Erik Andersson,GötlindJ,1887,1940,published,published,[Litteraturkartan](https://litteraturbanken.se/litteraturkartan/?id=170) · [Source](https://litteraturbanken.se/f%C3%B6rfattare/G%C3%B6tlindJ/titlar/Folks%C3%A4gnerFr%C3%A5nV%C3%A4sterg%C3%B6tland/sida/1/faksimil)
180,171,Fässbergs gamla kyrka,57.6537,11.9839,Person,🟣,En humorist från Fässberg,Erik Andersson,,1855,1901,published,published,[Litteraturkartan](https://litteraturbanken.se/litteraturkartan/?id=171)
190,176,Lidköping: prästgården,58.5002,13.1585,Person,🟣,En sångens mästare,Erik Andersson,WennerbergG,1817,1901,published,published,[Litteraturkartan](https://litteraturbanken.se/litteraturkartan/?id=176) · [Source](https://litteraturbanken.se/författare/WennerbergG/titlar/Gluntarne/sida/5/faksimil)
189,177,Kransbacka,57.3537,12.5075,Person,🟣,Att översätta Austen,Erik Andersson,WestdahlP,1810,1887,published,published,[Litteraturkartan](https://litteraturbanken.se/litteraturkartan/?id=177) · [Source](https://litteraturbanken.se/f%C3%B6rfattare/AustenJ/titlar/FamiljenElliot/sida/I/faksimil?om-boken)
192,178,Göteborg: högskolan,57.6986,11.9713,Person,🟣,Att inviga en högskola,Erik Andersson,WennerbergG,1817,1901,published,published,[Litteraturkartan](https://litteraturbanken.se/litteraturkartan/?id=178) · [Source](https://litteraturbanken.se/författare/WennerbergG/titlar/Gluntarne/sida/5/faksimil)
198,178,Göteborg: högskolan,57.6986,11.9713,Person,🟣,En geopolitisk västgöte,Erik Andersson,,1864,1922,published,published,[Litteraturkartan](https://litteraturbanken.se/litteraturkartan/?id=178)
193,179,Läckö kungsgård,58.6689,13.2073,Person,🟣,En död mästare,Erik Andersson,WennerbergG,1817,1901,published,published,[Litteraturkartan](https://litteraturbanken.se/litteraturkartan/?id=179) · [Source](https://litteraturbanken.se/författare/WennerbergG/titlar/Gluntarne/sida/5/faksimil)
194,180,"Kyrkvägen, Västra Bodarne",57.8844025724706,12.48900890350342,Verk,🔵,En novell i Västra Bodarne,Paulina Helgeson,AnderssonErik,1993,1993,published,published,[Litteraturkartan](https://litteraturbanken.se/litteraturkartan/?id=180) · [Source](https://litteraturbanken.se/författare/AnderssonErik/titlar/ÄttlingenFrånMecklenburg/sida/65/etext)
195,181,Beateberg: prästgården,58.5857,14.2719,Person,🟣,En dramatiker från Beateberg,Erik Andersson,,1846,1908,published,published,[Litteraturkartan](https://litteraturbanken.se/litteraturkartan/?id=181)
196,182,Torsö: prästgården,58.7757,13.803,Person,🟣,En riksdagsman blir till,Erik Andersson,,1864,1922,published,published,[Litteraturkartan](https://litteraturbanken.se/litteraturkartan/?id=182)
200,183,Hjo,58.3021,14.2874,Person,🟣,Småstadens ensamhet,Erik Andersson,,1848,1913,published,published,[Litteraturkartan](https://litteraturbanken.se/litteraturkartan/?id=183)
202,184,Ölanda,58.4531,13.5693,Person,🟣,Salongens främsta,Erik Andersson,,1796,1863,published,published,[Litteraturkartan](https://litteraturbanken.se/litteraturkartan/?id=184)
203,185,Dagsnäs,58.28428610998642,13.494579792022705,Verk,🔵,En stulen runsten,Erik Andersson,,,,published,published,[Litteraturkartan](https://litteraturbanken.se/litteraturkartan/?id=185) · [Source](https://litteraturbanken.se/författare/JungnerH/titlar/VästergötlandsRuninskrifter/sida/46b/faksimil)
489,185,Dagsnäs,58.28428610998642,13.494579792022705,Plats,🟢,Dagsnäs hos Litteraturbanken,,,,,published,published,[Litteraturkartan](https://litteraturbanken.se/litteraturkartan/?id=185)
497,185,Dagsnäs,58.28428610998642,13.494579792022705,Person,🟣,Tham på Dagsnäs,Dick Claésson,ThamP,1737,1820,published,published,[Litteraturkartan](https://litteraturbanken.se/litteraturkartan/?id=185) · [Source](https://litteraturbanken.se/författare/ThamP/titlar/GöthiskaMonumenter/sida/I/faksimil)
204,186,Sparlösa,58.3471,12.8387,Verk,🔵,Sparlösastenen,Erik Andersson,,,,published,published,[Litteraturkartan](https://litteraturbanken.se/litteraturkartan/?id=186) · [Source](https://litteraturbanken.se/författare/JungnerH/titlar/VästergötlandsRuninskrifter/sida/90b/faksimil)
205,187,Larvs hed,58.1924,13.148,Verk,🔵,Ett kors på heden,Erik Andersson,,,,published,published,[Litteraturkartan](https://litteraturbanken.se/litteraturkartan/?id=187) · [Source](https://litteraturbanken.se/författare/JungnerH/titlar/VästergötlandsRuninskrifter/sida/109b/faksimil)
206,188,Velanda,58.2167,12.4243,Verk,🔵,Om en asagud i Velanda,Erik Andersson,,,,published,published,[Litteraturkartan](https://litteraturbanken.se/litteraturkartan/?id=188) · [Source](https://litteraturbanken.se/författare/JungnerH/titlar/VästergötlandsRuninskrifter/sida/122b/faksimil)
207,189,Eggvena,58.0825,12.8927,Verk,🔵,Tegnen i Eggvena,Erik Andersson,,,,published,published,[Litteraturkartan](https://litteraturbanken.se/litteraturkartan/?id=189) · [Source](https://litteraturbanken.se/författare/JungnerH/titlar/VästergötlandsRuninskrifter/sida/124b/faksimil)
208,190,Humla kyrka,57.9586,13.5195,Verk,🔵,Ett runfragment i Humla,Erik Andersson,,,,published,published,[Litteraturkartan](https://litteraturbanken.se/litteraturkartan/?id=190) · [Source](https://litteraturbanken.se/författare/JungnerH/titlar/VästergötlandsRuninskrifter/sida/146b/faksimil)
209,191,Frugården,58.0173,13.5562,Verk,🔵,Olsbrostenen,Erik Andersson,,,,published,published,[Litteraturkartan](https://litteraturbanken.se/litteraturkartan/?id=191) · [Source](https://litteraturbanken.se/författare/JungnerH/titlar/VästergötlandsRuninskrifter/sida/149b/faksimil)
210,192,Herrekvarn,57.506,13.1284,Verk,🔵,En monolit i Herrekvarn,Erik Andersson,,,,published,published,[Litteraturkartan](https://litteraturbanken.se/litteraturkartan/?id=192) · [Source](https://litteraturbanken.se/författare/JungnerH/titlar/VästergötlandsRuninskrifter/sida/157b/faksimil)
211,193,Lödöse,58.0327,12.1548,Verk,🔵,En kalendersticka i Lödöse,Erik Andersson,,,,published,published,[Litteraturkartan](https://litteraturbanken.se/litteraturkartan/?id=193) · [Source](https://litteraturbanken.se/författare/JungnerH/titlar/VästergötlandsRuninskrifter/sida/178b/faksimil)
298,193,Lödöse,58.0327,12.1548,Plats,🟢,Lödöse hos Litteraturbanken,,,,,published,published,[Litteraturkartan](https://litteraturbanken.se/litteraturkartan/?id=193)
212,194,Finnekumla kyrka,57.6554,13.3475,Verk,🔵,En dopfunts mästare,Erik Andersson,,,,published,published,[Litteraturkartan](https://litteraturbanken.se/litteraturkartan/?id=194) · [Source](https://litteraturbanken.se/författare/JungnerH/titlar/VästergötlandsRuninskrifter/sida/193b/faksimil)
213,195,Hasslekärr,58.1324,13.7829,Person,🟣,Emilies trofaste make,Erik Andersson,CarlénJG,1814,1875,published,published,[Litteraturkartan](https://litteraturbanken.se/litteraturkartan/?id=195) · [Source](https://litteraturbanken.se/författare/CarlénJG)
181,196,Borås,57.7219,12.936,Person,🟣,En intellektuell diversearbetare,Erik Andersson,,1690,1740,published,published,[Litteraturkartan](https://litteraturbanken.se/litteraturkartan/?id=196)
201,196,Borås,57.7219,12.936,Person,🟣,En översättare i Borås,Erik Andersson,,1848,1913,published,published,[Litteraturkartan](https://litteraturbanken.se/litteraturkartan/?id=196)
216,196,Borås,57.7219,12.936,Person,🟣,En parodierad romanförfattare,Erik Andersson,BjurstenH,1825,1866,published,published,[Litteraturkartan](https://litteraturbanken.se/litteraturkartan/?id=196) · [Source](https://litteraturbanken.se/författare/BjurstenH/titlar)
218,196,Borås,57.7219,12.936,Person,🟣,Bohusläns Boswell,Erik Andersson,ÖdmanJ,1682,1749,published,published,[Litteraturkartan](https://litteraturbanken.se/litteraturkartan/?id=196) · [Source](https://litteraturbanken.se/författare/ÖdmanJ/titlar/ChorographiaBahusiensis/sida/v/faksimil)
393,196,Borås,57.7219,12.936,Verk,🔵,På en bar i San Pedro,Erik Andersson,TaubeE,,,published,published,[Litteraturkartan](https://litteraturbanken.se/litteraturkartan/?id=196)
421,196,Borås,57.7219,12.936,Resa,🟠,Lubbe i Borås (1938),Erik Andersson,NordströmL,1938,1938,published,published,[Litteraturkartan](https://litteraturbanken.se/litteraturkartan/?id=196) · [Source](https://litteraturbanken.se/författare/NordströmL/titlar/LortSverige/sida/207/etext)
536,196,Borås,57.7219,12.936,Verk,🔵,Boråsiaden,Cai Alfredson,RudbeckOyngste,1776,1776,published,published,[Litteraturkartan](https://litteraturbanken.se/litteraturkartan/?id=196) · [Source](https://litteraturbanken.se/författare/RudbeckOyngste/titlar/Boråsiade/sida/i/etext)
219,197,Tanumshede: prästgården,58.7197,11.3301,Person,🟣,Kyrkoherdens livsverk,Erik Andersson,ÖdmanJ,1682,1749,published,published,[Litteraturkartan](https://litteraturbanken.se/litteraturkartan/?id=197) · [Source](https://litteraturbanken.se/författare/ÖdmanJ/titlar/ChorographiaBahusiensis/sida/v/faksimil)
220,198,Forshem: prästgården,58.6201,13.4868,Person,🟣,En reseskildrare i vardande,Erik Andersson,CarlénO,1828,1881,published,published,[Litteraturkartan](https://litteraturbanken.se/litteraturkartan/?id=198) · [Source](https://litteraturbanken.se/författare/CarlénO/titlar)
222,199,Göteborg: Norra Hamngatan,57.7065,11.9637,Resa,🟠,Tankarnas flykt (1795),Erik Andersson,WollstonecraftM,1795,1795,published,published,[Litteraturkartan](https://litteraturbanken.se/litteraturkartan/?id=199) · [Source](https://litteraturbanken.se/författare/WollstonecraftM/titlar/BrefSkrifnaUnderEtKortWistande/sida/20/faksimil)
223,200,Göteborg: Vallgatan,57.7033,11.9622,Resa,🟠,Ett engelskt perspektiv (1795),Erik Andersson,WollstonecraftM,1795,1795,published,published,[Litteraturkartan](https://litteraturbanken.se/litteraturkartan/?id=200) · [Source](https://litteraturbanken.se/författare/WollstonecraftM/titlar/BrefSkrifnaUnderEtKortWistande/sida/24/faksimil)
224,201,Råda säteri,57.6604,12.0898,Resa,🟠,Råda finner nåd (1795),Erik Andersson,WollstonecraftM,1795,1795,published,published,[Litteraturkartan](https://litteraturbanken.se/litteraturkartan/?id=201) · [Source](https://litteraturbanken.se/författare/WollstonecraftM/titlar/BrefSkrifnaUnderEtKortWistande/sida/34/faksimil)
225,202,Kvistrum,58.4487,11.6947,Resa,🟠,Mary i Kvistrum (1795),Erik Andersson,WollstonecraftM,1795,1795,published,published,[Litteraturkartan](https://litteraturbanken.se/litteraturkartan/?id=202) · [Source](https://litteraturbanken.se/författare/WollstonecraftM/titlar/BrefSkrifnaUnderEtKortWistande/sida/45/faksimil)
226,203,Kvistrum: bron,58.4616,11.6854,Resa,🟠,Wollstonecraft på bron (1795),Erik Andersson,WollstonecraftM,1795,1795,published,published,[Litteraturkartan](https://litteraturbanken.se/litteraturkartan/?id=203) · [Source](https://litteraturbanken.se/författare/WollstonecraftM/titlar/BrefSkrifnaUnderEtKortWistande/sida/46/faksimil)
227,204,Strömstad: kyrkan,58.9382,11.1757,Resa,🟠,Att bedja för de döda  (1795),Erik Andersson,WollstonecraftM,1795,1795,published,published,[Litteraturkartan](https://litteraturbanken.se/litteraturkartan/?id=204) · [Source](https://litteraturbanken.se/författare/WollstonecraftM/titlar/BrefSkrifnaUnderEtKortWistande/sida/53/faksimil)
228,205,Lommeland,59.0703,11.3222,Resa,🟠,Denna wilda stora anblick (1795),Erik Andersson,WollstonecraftM,1795,1795,published,published,[Litteraturkartan](https://litteraturbanken.se/litteraturkartan/?id=205) · [Source](https://litteraturbanken.se/författare/WollstonecraftM/titlar/BrefSkrifnaUnderEtKortWistande/sida/55/faksimil)
231,207,Knäm,58.7605,11.2605,Resa,🟠,Fattigdom och misär (1795),Erik Andersson,WollstonecraftM,1795,1795,published,published,[Litteraturkartan](https://litteraturbanken.se/litteraturkartan/?id=207) · [Source](https://litteraturbanken.se/författare/WollstonecraftM/titlar/BrefSkrifnaUnderEtKortWistande/sida/51/faksimil)
241,242,Kosteröarna,58.889748133030615,11.0247802734375,Verk,🔵,Kom i Kostervals!,,HanssonGD,1999,1999,published,published,[Litteraturkartan](https://litteraturbanken.se/litteraturkartan/?id=242) · [Source](https://litteraturbanken.se/författare/HanssonGD/titlar/ÄransHospital/sida/316/etext)
545,242,Kosteröarna,58.889748133030615,11.0247802734375,Verk,🔵,En novell,Dick Claésson,HanssonO,1892,1892,published,published,[Litteraturkartan](https://litteraturbanken.se/litteraturkartan/?id=242) · [Source](https://litteraturbanken.se/författare/HanssonO/titlar/KärlekensTrångmål/sida/73/etext)
242,243,Smögen,58.353558891263795,11.226739883422853,Plats,🟢,Livräddare från Smögen,,HanssonGD,1999,1999,published,published,[Litteraturkartan](https://litteraturbanken.se/litteraturkartan/?id=243) · [Source](https://litteraturbanken.se/författare/HanssonGD/titlar/ÄransHospital/sida/3/etext)
249,243,Smögen,58.353558891263795,11.226739883422853,Plats,🟢,"Båten, Bryggan, Boden, Boningshuset",,HanssonGD,2008,2008,published,published,[Litteraturkartan](https://litteraturbanken.se/litteraturkartan/?id=243) · [Source](https://litteraturbanken.se/författare/HanssonGD/titlar/LyckansBerså/sida/216/etext)
286,243,Smögen,58.353558891263795,11.226739883422853,Plats,🟢,Smögen hos Litteraturbanken,,,,,published,published,[Litteraturkartan](https://litteraturbanken.se/litteraturkartan/?id=243)
329,243,Smögen,58.353558891263795,11.226739883422853,Person,🟣,Mannen bakom debuten,Gunnar D Hansson,KochM,1882,1940,published,published,[Litteraturkartan](https://litteraturbanken.se/litteraturkartan/?id=243)
542,243,Smögen,58.353558891263795,11.226739883422853,Person,🟣,Skalden från Smögen,,HanssonGD,1945,,published,published,[Litteraturkartan](https://litteraturbanken.se/litteraturkartan/?id=243) · [Source](https://litteraturbanken.se/f%C3%B6rfattare/HanssonGD/titlar/DeD%C3%B6dasTraditioner/sida/3/etext)
243,244,Mariestad: bron,58.70858877134651,13.81844234667304,Resa,🟠,Stående här och skådande norrut (1839),Erik Andersson,AlmqvistCJL,1839,1839,published,published,[Litteraturkartan](https://litteraturbanken.se/litteraturkartan/?id=244) · [Source](https://litteraturbanken.se/författare/AlmqvistCJL/titlar/SamladeVerk22/sida/74/etext)
244,245,Bredsäter,58.637397674628744,13.657525860624785,Resa,🟠,Den gudomliga vägen öfver Kinnekulle? (1839),Erik Andersson,AlmqvistCJL,1839,1839,published,published,[Litteraturkartan](https://litteraturbanken.se/litteraturkartan/?id=245) · [Source](https://litteraturbanken.se/författare/AlmqvistCJL/titlar/SamladeVerk22/sida/91/etext)
247,246,Fiskebäckskil,58.24486172684715,11.451530456542969,Plats,🟢,Fint besök i Fiskebäckskil,,HanssonGD,1911,1911,published,published,[Litteraturkartan](https://litteraturbanken.se/litteraturkartan/?id=246) · [Source](https://litteraturbanken.se/författare/HanssonGD/titlar/LyckansBerså/sida/77/etext)
250,246,Fiskebäckskil,58.24486172684715,11.451530456542969,Person,🟣,Vemodiga sommarbrev från Karin Boye,,BoyeK,1922,1922,published,published,[Litteraturkartan](https://litteraturbanken.se/litteraturkartan/?id=246) · [Source](https://litteraturbanken.se/författare/BoyeK/titlar/EttVerkligtJordiskt/sida/84/faksimil)
246,247,Skälvum,58.51016302228285,13.403925158999273,Resa,🟠,Geografien är en stackare (1839),Erik Andersson,AlmqvistCJL,1839,1839,published,published,[Litteraturkartan](https://litteraturbanken.se/litteraturkartan/?id=247) · [Source](https://litteraturbanken.se/författare/AlmqvistCJL/titlar/SamladeVerk22/sida/93/etext)
248,248,Klövskär,58.417628120590365,11.203136444091799,Plats,🟢,En gång var den bemannad,Gunnar D Hansson,HanssonGD,2008,2008,published,published,[Litteraturkartan](https://litteraturbanken.se/litteraturkartan/?id=248) · [Source](https://litteraturbanken.se/författare/HanssonGD/titlar/LyckansBerså/sida/265/etext)
251,249,Pater Nosterskären,57.90214830047889,11.463503837585451,Verk,🔵,Drama vid Pater Nosterskären,,FlygareCarlénE,1842,1842,published,published,[Litteraturkartan](https://litteraturbanken.se/litteraturkartan/?id=249) · [Source](https://litteraturbanken.se/författare/FlygareCarlénE/titlar/RosenPåTistelön1/sida/5/etext)
252,252,Källby,58.50088306219885,13.303234318479419,Resa,🟠,En tjusande förfäran (1839),Erik Andersson,AlmqvistCJL,1839,1839,published,published,[Litteraturkartan](https://litteraturbanken.se/litteraturkartan/?id=252) · [Source](https://litteraturbanken.se/författare/AlmqvistCJL/titlar/SamladeVerk22/sida/94/etext)
253,253,Lidköping: Skaragatan,58.50128128637297,13.167702125046931,Resa,🟠,Det är icke svårt att hitta här i Lidköping (1839),Erik Andersson,AlmqvistCJL,1839,1839,published,published,[Litteraturkartan](https://litteraturbanken.se/litteraturkartan/?id=253) · [Source](https://litteraturbanken.se/författare/AlmqvistCJL/titlar/SamladeVerk22/sida/94/etext)
255,255,Lidköping: stadskällaren,58.503747662361405,13.155599997971741,Resa,🟠,Gif mig en kopp the! (1839),Erik Andersson,AlmqvistCJL,1839,1839,published,published,[Litteraturkartan](https://litteraturbanken.se/litteraturkartan/?id=255) · [Source](https://litteraturbanken.se/författare/AlmqvistCJL/titlar/SamladeVerk22/sida/99/etext)
256,256,Lidköping: Älvgatan,58.50150550953194,13.156629966233458,Resa,🟠,Videbeckskans hem (1839),Erik Andersson,AlmqvistCJL,1839,1839,published,published,[Litteraturkartan](https://litteraturbanken.se/litteraturkartan/?id=256) · [Source](https://litteraturbanken.se/författare/AlmqvistCJL/titlar/SamladeVerk22/sida/102/etext)
257,257,Strömstad: Karlsgatan,58.9407545105278,11.18931770324707,Person,🟣,Exportsuccé från Karlsgatan,Gunnar D Hansson,FlygareCarlénE,1807,1892,published,published,[Litteraturkartan](https://litteraturbanken.se/litteraturkartan/?id=257)
258,258,Gerlesborg,58.48736877136909,11.343598365783693,Verk,🔵,Handel och händelser i västkustroman,Gunnar D Hansson,FlygareCarlénE,1859,1859,published,published,[Litteraturkartan](https://litteraturbanken.se/litteraturkartan/?id=258) · [Source](https://litteraturbanken.se/författare/FlygareCarlénE/titlar/EttKöpmanshus1/sida/III/faksimil)
508,259,Vinga,57.63400750960539,11.607055664062502,Person,🟣,Älskad visartist,Gunnar D Hansson,TaubeE,1890,1976,published,published,[Litteraturkartan](https://litteraturbanken.se/litteraturkartan/?id=259) · [Source](https://litteraturbanken.se/f%C3%B6rfattare/TaubeE/titlar/JagKommerAvEttBrusandHav/sida/55/etext)
509,259,Vinga,57.63400750960539,11.607055664062502,Person,🟣,Barndomslandet,Erik Andersson,TaubeE,1952,1952,published,published,[Litteraturkartan](https://litteraturbanken.se/litteraturkartan/?id=259) · [Source](https://litteraturbanken.se/författare/TaubeE/titlar/JagKommerAvEttBrusandHav/sida/20/etext)
546,259,Vinga,57.63400750960539,11.607055664062502,Plats,🟢,Vinga hos Litteraturbanken,,,,,published,published,[Litteraturkartan](https://litteraturbanken.se/litteraturkartan/?id=259)
260,260,Vinga Ungar,57.63667235875802,11.590662002563478,Plats,🟢,Fågeljakt på Vinga Ungar,,TaubeE,1952,1952,published,published,[Litteraturkartan](https://litteraturbanken.se/litteraturkartan/?id=260) · [Source](https://litteraturbanken.se/författare/TaubeE/titlar/JagKommerAvEttBrusandHav/sida/155/etext)
262,262,Morlanda,58.19423315738587,11.505260467529299,Plats,🟢,Adventsringning i Morlanda kyrka,,TaubeE,1943,1943,published,published,[Litteraturkartan](https://litteraturbanken.se/litteraturkartan/?id=262) · [Source](https://litteraturbanken.se/författare/TaubeE/titlar/BalladerIBohuslän/sida/19/etext)
285,264,Käringön,58.10926843052037,11.36089324951172,Plats,🟢,Käringön hos Litteraturbanken,,,,,published,published,[Litteraturkartan](https://litteraturbanken.se/litteraturkartan/?id=264)
123,266,Kungahälla,57.85047299448693,11.94141110034346,Linnés resa,🟡,Ruinerna av Kongahälla (1746),Erik Andersson,LinnéCvon,1746,1746,published,published,[Litteraturkartan](https://litteraturbanken.se/litteraturkartan/?id=266) · [Source](https://litteraturbanken.se/författare/LinnéCvon/titlar/LinnæiWästgötaResa/sida/I/faksimil)
266,266,Kungahälla,57.85047299448693,11.94141110034346,Person,🟣,Selma Lagerlöf och Kungahälla,Gunnar D Hansson,LagerlöfS,1858,1940,published,published,[Litteraturkartan](https://litteraturbanken.se/litteraturkartan/?id=266) · [Source](https://litteraturbanken.se/författare/LagerlöfS/titlar/DrottningarIKungahälla/sida/III/etext)
267,266,Kungahälla,57.85047299448693,11.94141110034346,Plats,🟢,Kungahälla hos Litteraturbanken,,,,,published,published,[Litteraturkartan](https://litteraturbanken.se/litteraturkartan/?id=266)
268,267,Solberga,57.94178221715719,11.815710067749025,Verk,🔵,Ond bråd död i Solberga,,LagerlöfS,1903,1903,published,published,[Litteraturkartan](https://litteraturbanken.se/litteraturkartan/?id=267) · [Source](https://litteraturbanken.se/författare/LagerlöfS/titlar/HerrArnesPenningar/sida/1/etext)
56,269,Nidingen,57.302499850000004,11.900025930278524,Resa,🟠,Att möta Sverige (1795),Erik Andersson,WollstonecraftM,1795,1795,published,published,[Litteraturkartan](https://litteraturbanken.se/litteraturkartan/?id=269) · [Source](https://litteraturbanken.se/författare/WollstonecraftM/titlar/BrefSkrifnaUnderEtKortWistande/sida/1/faksimil)
269,270,Piongatan 5,57.67967458538212,11.901927116411073,Person,🟣,Harry och Moa sätter bo,Dick Claésson,MartinsonH,1929,1929,published,published,[Litteraturkartan](https://litteraturbanken.se/litteraturkartan/?id=270)
270,271,Jonsered järnvägsstation,57.751464201531654,12.195612825974402,Person,🟣,Harry Martinson i Jonsered,,ErfurthS,1919,1920,published,published,[Litteraturkartan](https://litteraturbanken.se/litteraturkartan/?id=271) · [Source](https://litteraturbanken.se/författare/ErfurthS/titlar/HarryMartinson2/sida/120/faksimil)
271,272,Majornas barnhem,57.69341573763263,11.918232406314136,Person,🟣,Harry Martinson på barnhem,,ErfurthS,1918,1918,published,published,[Litteraturkartan](https://litteraturbanken.se/litteraturkartan/?id=272) · [Source](https://litteraturbanken.se/författare/ErfurthS/titlar/HarryMartinson2/sida/71/faksimil?storlek=2)
272,273,Mölndals sjukstuga,57.655188806113905,12.028977870941164,Person,🟣,Harry på sjukstugan,,ErfurthS,1920,1920,published,published,[Litteraturkartan](https://litteraturbanken.se/litteraturkartan/?id=273) · [Source](https://litteraturbanken.se/författare/ErfurthS/titlar/HarryMartinson2/sida/143/faksimil?)
273,274,Vasaplatsen 11,57.6991649,11.9691893,Person,🟣,Karin Boye kommer till världen,Paulina Helgeson,BoyeK,1900,1900,published,published,[Litteraturkartan](https://litteraturbanken.se/litteraturkartan/?id=274) · [Source](https://litteraturbanken.se/f%C3%B6rfattare/BoyeK/titlar/Varia/sida/71/etext)
274,275,Magasinsgatan 7,57.704284809816365,11.962051391601564,Person,🟣,En skald kommer till världen,Erik Andersson,LidnerB,1757,1757,published,published,[Litteraturkartan](https://litteraturbanken.se/litteraturkartan/?id=275) · [Source](https://litteraturbanken.se/f%C3%B6rfattare/LidnerB/titlar/GrefvinnanSpastarasD%C3%B6d/sida/1/faksimil)
275,276,"Jubileumskliniken, Sahlgrenska",57.68330039392169,11.961579993367197,Person,🟣,En diktares slut,Dick Claésson,WideAG,1965,1965,published,published,[Litteraturkartan](https://litteraturbanken.se/litteraturkartan/?id=276)
276,277,Bergslagsbanans stationshus,57.71246065522417,11.973694860935213,Person,🟣,Ett ståtligt hem,Dick Claésson,AroseniusI,1882,1882,published,published,[Litteraturkartan](https://litteraturbanken.se/litteraturkartan/?id=277) · [Source](https://litteraturbanken.se/författare/FredlundB/titlar/IvarArosenius/sida/I/faksimil)
277,278,Lysekil,58.273619233273024,11.434781402349472,Plats,🟢,Lysekil hos Litteraturbanken,,,,,published,published,[Litteraturkartan](https://litteraturbanken.se/litteraturkartan/?id=278)
502,278,Lysekil,58.273619233273024,11.434781402349472,Person,🟣,Bohuslänsk vikingaromantik,Gunnar D Hansson,,1867,1944,published,published,[Litteraturkartan](https://litteraturbanken.se/litteraturkartan/?id=278) · [Source](https://litteraturbanken.se/författare/HanssonGD/titlar/ÄransHospital/sida/292/etext)
503,278,Lysekil,58.273619233273024,11.434781402349472,Person,🟣,Strindberg på besök,Gunnar D Hansson,HanssonGD,1999,1999,published,published,[Litteraturkartan](https://litteraturbanken.se/litteraturkartan/?id=278)
278,279,Strömstad,58.9364779070223,11.175817139446737,Plats,🟢,Strömstad hos Litteraturbanken,,,,,published,published,[Litteraturkartan](https://litteraturbanken.se/litteraturkartan/?id=279)
310,279,Strömstad,58.9364779070223,11.175817139446737,Person,🟣,Folkviseupptecknare på besök i Bohuslän,Gunnar D Hansson,AfzeliusAA,1785,1871,published,published,[Litteraturkartan](https://litteraturbanken.se/litteraturkartan/?id=279)
279,280,Långö,58.95109785221694,11.110864765942098,Verk,🔵,Familj på ö-äventyr,,NyblomL,1957,1957,published,published,[Litteraturkartan](https://litteraturbanken.se/litteraturkartan/?id=280) · [Source](https://litteraturbanken.se/författare/NyblomL/titlar/SökVidNymåne/sida/5/etext)
280,281,Karin Boyes minnessten,57.939498497268744,12.539648339152336,Person,🟣,Ett slut,Paulina Helgeson,BoyeK,1941,1941,published,published,[Litteraturkartan](https://litteraturbanken.se/litteraturkartan/?id=281) · [Source](https://litteraturbanken.se/f%C3%B6rfattare/BoyeK/titlar/DeSjuD%C3%B6dssynderna/sida/251/etext)
265,282,Grebbestad,58.691659577981014,11.253262907266619,Person,🟣,Poeten från Grebbestad som såg världen,Jonas Ellerström,LindqvistE,1908,1995,published,published,[Litteraturkartan](https://litteraturbanken.se/litteraturkartan/?id=282)
281,282,Grebbestad,58.691659577981014,11.253262907266619,Plats,🟢,Grebbestad hos Litteraturbanken,,,,,published,published,[Litteraturkartan](https://litteraturbanken.se/litteraturkartan/?id=282)
282,283,Uddevalla,58.34915960159992,11.93831752985716,Plats,🟢,Uddevalla hos Litteraturbanken,,,,,published,published,[Litteraturkartan](https://litteraturbanken.se/litteraturkartan/?id=283)
515,283,Uddevalla,58.34915960159992,11.93831752985716,Person,🟣,Nyårsklockans översättare,Gunnar D Hansson,,1857,1889,published,published,[Litteraturkartan](https://litteraturbanken.se/litteraturkartan/?id=283)
283,284,Orust,58.17262836981302,11.68143667280674,Plats,🟢,Orust hos Litteraturbanken,,,,,published,published,[Litteraturkartan](https://litteraturbanken.se/litteraturkartan/?id=284)
284,285,Ljungskile,58.221733966587514,11.916258540004495,Plats,🟢,Ljungskile hos Litteraturbanken,,,,,published,published,[Litteraturkartan](https://litteraturbanken.se/litteraturkartan/?id=285)
287,286,Tjörn,58.00681351169705,11.642258651554586,Plats,🟢,Tjörn hos Litteraturbanken,,,,,published,published,[Litteraturkartan](https://litteraturbanken.se/litteraturkartan/?id=286)
504,286,Tjörn,58.00681351169705,11.642258651554586,Plats,🟢,Konstnärsblick på Tjörn,Gunnar D Hansson,BerghR,1897,1897,published,published,[Litteraturkartan](https://litteraturbanken.se/litteraturkartan/?id=286)
513,286,Tjörn,58.00681351169705,11.642258651554586,Person,🟣,Omstridd Hagberg-informator,,EkelundJ,1790,1840,published,published,[Litteraturkartan](https://litteraturbanken.se/litteraturkartan/?id=286) · [Source](https://litteraturbanken.se/f%C3%B6rfattare/AtterbomPDA/titlar/PoetiskKalender1819/sida/51/faksimil)
288,287,Marstrand,57.882942379705554,11.58315181732178,Plats,🟢,Marstrand hos Litteraturbanken,,,,,published,published,[Litteraturkartan](https://litteraturbanken.se/litteraturkartan/?id=287)
311,287,Marstrand,57.882942379705554,11.58315181732178,Verk,🔵,Radikal badresenär ogillar Marstrand,Gunnar D Hansson,LindebergA,1838,1838,published,published,[Litteraturkartan](https://litteraturbanken.se/litteraturkartan/?id=287) · [Source](https://litteraturbanken.se/f%C3%B6rfattare/LindebergA/titlar/EnBadresaTillStr%C3%B6mstad/sida/I/faksimil)
312,287,Marstrand,57.882942379705554,11.58315181732178,Person,🟣,Författargigant på sommarbesök,Gunnar D Hansson,BremerF,1801,1865,published,published,[Litteraturkartan](https://litteraturbanken.se/litteraturkartan/?id=287)
331,287,Marstrand,57.882942379705554,11.58315181732178,Person,🟣,De framletade dokumentens man,Gunnar D Hansson,,1897,1964,published,published,[Litteraturkartan](https://litteraturbanken.se/litteraturkartan/?id=287)
289,288,Kungälv,57.87328939234057,11.978569608181719,Plats,🟢,Kungälv hos Litteraturbanken,,,,,published,published,[Litteraturkartan](https://litteraturbanken.se/litteraturkartan/?id=288)
299,289,Styrsö,57.613225550980346,11.791300456970934,Plats,🟢,Styrsö hos Litteraturbanken,,,,,published,published,[Litteraturkartan](https://litteraturbanken.se/litteraturkartan/?id=289)
291,290,Axvalla hus,58.393353283928505,13.602654375135902,Plats,🟢,Axvall hos Litteraturbanken,,,,,published,published,[Litteraturkartan](https://litteraturbanken.se/litteraturkartan/?id=290)
292,291,Gräfsnäs,58.07703239246922,12.496490087360144,Plats,🟢,Gräfsnäs hos Litteraturbanken,,,,,published,published,[Litteraturkartan](https://litteraturbanken.se/litteraturkartan/?id=291)
476,291,Gräfsnäs,58.07703239246922,12.496490087360144,Person,🟣,En gigant blir till,Erik Andersson,KnorringS,1797,1848,published,published,[Litteraturkartan](https://litteraturbanken.se/litteraturkartan/?id=291) · [Source](https://litteraturbanken.se/författare/KnorringS/titlar/Cousinerna/sida/I.1/faksimil)
293,292,Läckö,58.67417276644174,13.218136243522169,Plats,🟢,Läckö hos Litteraturbanken,,,,,published,published,[Litteraturkartan](https://litteraturbanken.se/litteraturkartan/?id=292)
294,293,Bogesund,57.79115268073294,13.412239328026773,Plats,🟢,Bogesund hos Litteraturbanken,,,,,published,published,[Litteraturkartan](https://litteraturbanken.se/litteraturkartan/?id=293)
296,294,Ulricehamn,57.794995337743686,13.413612619042398,Plats,🟢,Ulricehamn hos Litteraturbanken,,,,,published,published,[Litteraturkartan](https://litteraturbanken.se/litteraturkartan/?id=294)
297,295,Gudhem,58.24013266011881,13.555459063500166,Plats,🟢,Gudhem hos Litteraturbanken,,,,,published,published,[Litteraturkartan](https://litteraturbanken.se/litteraturkartan/?id=295)
764,295,Gudhem,58.24013266011881,13.555459063500166,Resa,🟠,Bengtsson i Gudhem,,,,,published,published,[Litteraturkartan](https://litteraturbanken.se/litteraturkartan/?id=295)
300,298,Öckerö,57.70584432025425,11.64404768496752,Plats,🟢,Öckerö hos Litteraturbanken,,,,,published,published,[Litteraturkartan](https://litteraturbanken.se/litteraturkartan/?id=298)
301,299,Mölndal,57.657339026297805,12.009596731513739,Plats,🟢,Mölndal hos Litteraturbanken,,,,,published,published,[Litteraturkartan](https://litteraturbanken.se/litteraturkartan/?id=299)
302,300,Mollösund,58.07342779164201,11.488116793334486,Plats,🟢,Mollösund hos Litteraturbanken,,,,,published,published,[Litteraturkartan](https://litteraturbanken.se/litteraturkartan/?id=300)
303,301,Norum,58.054025382165335,11.85034342110157,Person,🟣,Jord-Himla-Stormaren från Norum,Gunnar D Hansson,,1895,1895,published,published,[Litteraturkartan](https://litteraturbanken.se/litteraturkartan/?id=301)
304,302,Blåsopp,58.568183750124675,11.550132483243944,Person,🟣,Thorild – den ljusa stjärnan,Gunnar D Hansson,ThorildT,1759,1808,published,published,[Litteraturkartan](https://litteraturbanken.se/litteraturkartan/?id=302)
305,303,Toröd,58.62998795773574,11.573710441589355,Plats,🟢,Gården som gav namnet,Gunnar D Hansson,ThorildT,1759,1766,published,published,[Litteraturkartan](https://litteraturbanken.se/litteraturkartan/?id=303)
307,304,Soten,58.42932974092029,11.20822459459305,Plats,🟢,Litterärt havsområde,Gunnar D Hansson,,,,published,published,[Litteraturkartan](https://litteraturbanken.se/litteraturkartan/?id=304)
306,305,Thomas Thorildplatsen,58.58098405304091,11.53744697570801,Plats,🟢,Författarplats vid Hällevadsholm,Gunnar D Hansson,ThorildT,2009,2009,published,published,[Litteraturkartan](https://litteraturbanken.se/litteraturkartan/?id=305)
308,306,Mitt i Bohuslän (ungefär),58.329683169289964,11.6400146484375,Verk,🔵,Oöverträffat översiktsverk,Gunnar D Hansson,BertheliusPH,2009,2009,published,published,[Litteraturkartan](https://litteraturbanken.se/litteraturkartan/?id=306) · [Source](https://litteraturbanken.se/f%C3%B6rfattare/BertheliusPH/titlar/Bohusl%C3%A4nskSamling/sida/3/faksimil)
428,306,Mitt i Bohuslän (ungefär),58.329683169289964,11.6400146484375,Verk,🔵,Fågelperspektiv över Bohuslän,Paulina Helgeson,LagerlöfS,1907,1907,published,published,[Litteraturkartan](https://litteraturbanken.se/litteraturkartan/?id=306) · [Source](https://litteraturbanken.se/f%C3%B6rfattare/Lagerl%C3%B6fS/titlar/NilsHolgersson2/sida/-2/etext)
472,306,Mitt i Bohuslän (ungefär),58.329683169289964,11.6400146484375,Verk,🔵,En bohuslänsk historia,,HolmbergAE,1842,1842,published,published,[Litteraturkartan](https://litteraturbanken.se/litteraturkartan/?id=306) · [Source](https://litteraturbanken.se/f%C3%B6rfattare/HolmbergAE/titlar/Bohusl%C3%A4nsHistoria1/sida/I.I/faksimil)
475,306,Mitt i Bohuslän (ungefär),58.329683169289964,11.6400146484375,Verk,🔵,Läsebok om stort och smått i Bohuslän,Paulina Helgeson,,1868,1868,published,published,[Litteraturkartan](https://litteraturbanken.se/litteraturkartan/?id=306) · [Source](https://litteraturbanken.se/f%C3%B6rfattare/Anonym/titlar/L%C3%A4sebokF%C3%B6rFolkskolan1868/sida/194/faksimil)
520,306,Mitt i Bohuslän (ungefär),58.329683169289964,11.6400146484375,Plats,🟢,Bohuslän hos Litteraturbanken,,,,,published,published,[Litteraturkartan](https://litteraturbanken.se/litteraturkartan/?id=306)
313,307,Gamla Stadsbiblioteket,57.69813926226179,11.961879730224611,Plats,🟢,En blåsig augustikväll,,AnderssonD,1917,1917,published,published,[Litteraturkartan](https://litteraturbanken.se/litteraturkartan/?id=307) · [Source](https://litteraturbanken.se/författare/AnderssonD/titlar)
314,308,Brunnsparken,57.70676107898772,11.968531608581543,Plats,🟢,Galna Frida,,AnderssonD,1917,1917,published,published,[Litteraturkartan](https://litteraturbanken.se/litteraturkartan/?id=308) · [Source](https://litteraturbanken.se/författare/AnderssonD/titlar)
352,308,Brunnsparken,57.70676107898772,11.968531608581543,Plats,🟢,Att lukta punsch,,SpolénE,1963,1963,published,published,[Litteraturkartan](https://litteraturbanken.se/litteraturkartan/?id=308) · [Source](https://litteraturbanken.se/författare/SpolénE/titlar/IvarArosenius/sida/33/etext)
315,309,Östra Larmgatan 7,57.705798105541845,11.971578598022461,Plats,🟢,Brännvin på flyttdagen,,AnderssonD,1917,1917,published,published,[Litteraturkartan](https://litteraturbanken.se/litteraturkartan/?id=309) · [Source](https://litteraturbanken.se/författare/AnderssonD/titlar)
316,310,Ölstugan Tullen,57.69946935723879,11.953082084655763,Plats,🟢,Stammis,Dick Claésson,AnderssonD,1917,1918,published,published,[Litteraturkartan](https://litteraturbanken.se/litteraturkartan/?id=310) · [Source](https://litteraturbanken.se/författare/AnderssonD/titlar)
1029,310,Ölstugan Tullen,57.69946935723879,11.953082084655763,Verk,🔵,Visa för Joakim,Dick Claésson,BlombergH,1917,1917,published,published,[Litteraturkartan](https://litteraturbanken.se/litteraturkartan/?id=310) · [Source](https://litteraturbanken.se/författare/BlombergH/titlar/SjöfolkOchFärdemän/sida/52/faksimil)
317,312,Smithska udden,57.61107253742539,11.897807121276857,Verk,🔵,En omsjungen val,Dick Claésson,Anonym,1865,1865,published,published,[Litteraturkartan](https://litteraturbanken.se/litteraturkartan/?id=312) · [Source](https://litteraturbanken.se/författare/Anonym/titlar/DetStoraFiskafänget/sida/1/faksimil)
318,313,Kville,58.567625740700315,11.367545127868654,Verk,🔵,Novellen som skapade skandal,Gunnar D Hansson,AngeredStrandbergH,1887,1887,published,published,[Litteraturkartan](https://litteraturbanken.se/litteraturkartan/?id=313) · [Source](https://litteraturbanken.se/f%C3%B6rfattare/KerfstedtA/titlar/Synd/sida/207/etext)
319,314,Bollebygd,57.67278932919083,12.556085586547853,Plats,🟢,Bollebygd hos Litteraturbanken,,,,,published,published,[Litteraturkartan](https://litteraturbanken.se/litteraturkartan/?id=314)
320,315,Tidaholm,58.18118008204765,13.959932327270508,Plats,🟢,Tidaholm hos Litteraturbanken,,,,,published,published,[Litteraturkartan](https://litteraturbanken.se/litteraturkartan/?id=315)
321,316,Onsala,57.41320566542524,12.022647857666017,Plats,🟢,Onsala hos Litteraturbanken,,,,,published,published,[Litteraturkartan](https://litteraturbanken.se/litteraturkartan/?id=316)
322,317,Nossebro,58.18846505839476,12.722425460815431,Plats,🟢,Nossebro hos Litteraturbanken,,,,,published,published,[Litteraturkartan](https://litteraturbanken.se/litteraturkartan/?id=317)
323,318,Nossebro järnvägsstation,58.18722083586541,12.71821975708008,Verk,🔵,Jolo i Nossebro,,OlssonJO,1959,1959,published,published,[Litteraturkartan](https://litteraturbanken.se/litteraturkartan/?id=318) · [Source](https://litteraturbanken.se/författare/OlssonJO/titlar/Lösnummer/sida/235/etext)
324,319,Herrljunga,58.07851164325031,13.024077415466309,Plats,🟢,Herrljunga hos Litteraturbanken,,,,,published,published,[Litteraturkartan](https://litteraturbanken.se/litteraturkartan/?id=319)
514,319,Herrljunga,58.07851164325031,13.024077415466309,Person,🟣,Grönköping i Herrljunga,Dick Claésson,HasselskogN,1892,1936,published,published,[Litteraturkartan](https://litteraturbanken.se/litteraturkartan/?id=319) · [Source](https://litteraturbanken.se/författare/HasselskogN/titlar/Guldregn/sida/3/etext)
325,320,Vänern,58.60976428619814,12.760620117187502,Plats,🟢,Vänern hos Litteraturbanken,,,,,published,published,[Litteraturkartan](https://litteraturbanken.se/litteraturkartan/?id=320)
457,320,Vänern,58.60976428619814,12.760620117187502,Person,🟣,Warberg – poet och hydrograf,Lilian Perme,,1766,1833,published,published,[Litteraturkartan](https://litteraturbanken.se/litteraturkartan/?id=320)
326,321,Vättern,58.51019638536994,14.598083496093752,Plats,🟢,Vättern hos Litteraturbanken,,,,,published,published,[Litteraturkartan](https://litteraturbanken.se/litteraturkartan/?id=321)
327,322,Almnäs slott,58.24793327952192,14.264931678771974,Person,🟣,Boye och Vättern,,BoyeK,1920,1920,published,published,[Litteraturkartan](https://litteraturbanken.se/litteraturkartan/?id=322) · [Source](https://litteraturbanken.se/författare/BoyeK/titlar/EttVerkligtJordiskt/sida/42/faksimil)
328,323,"Drottningtorget, Göteborg",57.70806793056217,11.973295211791994,Verk,🔵,Jolo på Drottningtorget,,OlssonJO,1959,1959,published,published,[Litteraturkartan](https://litteraturbanken.se/litteraturkartan/?id=323) · [Source](https://litteraturbanken.se/författare/OlssonJO/titlar/Lösnummer/sida/8/etext)
463,323,"Drottningtorget, Göteborg",57.70806793056217,11.973295211791994,Verk,🔵,Göteborg står sig väl,Kristian Wedel,WedelK,2018,2018,published,published,[Litteraturkartan](https://litteraturbanken.se/litteraturkartan/?id=323) · [Source](https://litteraturbanken.se/författare/WedelK/titlar/DenStoraFlygelskjutningenIShropshire/sida/11/etext)
330,324,Tiveden,58.71689445626542,14.615936279296877,Plats,🟢,Tiveden hos Litteraturbanken,,,,,published,published,[Litteraturkartan](https://litteraturbanken.se/litteraturkartan/?id=324)
332,325,Blidsberg,57.927041413023815,13.49249839782715,Plats,🟢,Blidsberg hos Litteraturbanken,,,,,published,published,[Litteraturkartan](https://litteraturbanken.se/litteraturkartan/?id=325)
333,326,Varnhem,58.384325746939155,13.653774261474611,Plats,🟢,Varnhem hos Litteraturbanken,,,,,published,published,[Litteraturkartan](https://litteraturbanken.se/litteraturkartan/?id=326)
767,326,Varnhem,58.384325746939155,13.653774261474611,Resa,🟠,Bengtssons Varnhem,,,,,published,published,[Litteraturkartan](https://litteraturbanken.se/litteraturkartan/?id=326)
334,327,Floby,58.12441025616389,13.345856666564943,Plats,🟢,Floby hos Litteraturbanken,,,,,published,published,[Litteraturkartan](https://litteraturbanken.se/litteraturkartan/?id=327)
335,328,Timmele,57.85306386557878,13.436236381530763,Plats,🟢,Timmele hos Litteraturbanken,,,,,published,published,[Litteraturkartan](https://litteraturbanken.se/litteraturkartan/?id=328)
336,329,Kungälv: kyrkan,57.86514151562569,11.994881629943848,Plats,🟢,En jättelik margarinlåda,Dick Claésson,AnderssonD,1917,1917,published,published,[Litteraturkartan](https://litteraturbanken.se/litteraturkartan/?id=329)
337,330,"Örgryte gamla kyrka, Göteborg",57.69859792121927,11.99685573577881,Plats,🟢,En stund i tyst beundran,Dick Claésson,AnderssonD,1918,1918,published,published,[Litteraturkartan](https://litteraturbanken.se/litteraturkartan/?id=330)
338,331,Delsjön,57.69004297577447,12.035908699035646,Plats,🟢,Den stora tystnaden,Dick Claésson,AnderssonD,1918,1918,published,published,[Litteraturkartan](https://litteraturbanken.se/litteraturkartan/?id=331)
341,333,Mo kyrka,59.09792892813488,12.646636962890627,Person,🟣,Läkaren som längtade till författarlivet,Lilian Perme,,1852,1927,published,published,[Litteraturkartan](https://litteraturbanken.se/litteraturkartan/?id=333)
340,334,Steneby kyrka,58.93369078893459,12.207012176513672,Verk,🔵,Avhandling om Dalsland från 1700-talet,Lilian Perme,,1718,1718,published,published,[Litteraturkartan](https://litteraturbanken.se/litteraturkartan/?id=334)
346,335,Gustavsfors bruk,59.194592646143676,12.10697650909424,Plats,🟢,Selma Lagerlöf och Dalsland,Lilian Perme,LagerlöfS,1915,1915,published,published,[Litteraturkartan](https://litteraturbanken.se/litteraturkartan/?id=335) · [Source](https://litteraturbanken.se/f%C3%B6rfattare/Lagerl%C3%B6fS/titlar/TrollOchM%C3%A4nn/sida/263/etext)
344,336,Björstad,58.6851245178614,12.049984931945803,Verk,🔵,Renskriven diktsamling utan krusiduller,Lilian Perme,,1874,1927,published,published,[Litteraturkartan](https://litteraturbanken.se/litteraturkartan/?id=336)
343,337,Edsleskog,59.054195491075596,12.467079162597656,Person,🟣,Uppbygglig litteratur som tog hemmen med storm,Lilian Perme,,1836,1927,published,published,[Litteraturkartan](https://litteraturbanken.se/litteraturkartan/?id=337)
356,337,Edsleskog,59.054195491075596,12.467079162597656,Verk,🔵,Ödetorp i Edsleskog,,MartinsonH,1948,1948,published,published,[Litteraturkartan](https://litteraturbanken.se/litteraturkartan/?id=337)
365,337,Edsleskog,59.054195491075596,12.467079162597656,Person,🟣,Poet med Dalslandshärstamning,Lilian Perme,SilfverstolpeGM,1893,1942,published,published,[Litteraturkartan](https://litteraturbanken.se/litteraturkartan/?id=337) · [Source](https://litteraturbanken.se/f%C3%B6rfattare/SilfverstolpeGM/titlar/Vardag/sida/3/etext)
391,337,Edsleskog,59.054195491075596,12.467079162597656,Person,🟣,Berättaren som öste ur den svenska historien,Lilian Perme,FryxellA,1795,1881,published,published,[Litteraturkartan](https://litteraturbanken.se/litteraturkartan/?id=337)
399,337,Edsleskog,59.054195491075596,12.467079162597656,Person,🟣,"Utgivare, poet och kyrkoherde",Lilian Perme,FryxellO,1806,1900,published,published,[Litteraturkartan](https://litteraturbanken.se/litteraturkartan/?id=337) · [Source](https://litteraturbanken.se/f%C3%B6rfattare/FryxellO/titlar/NattOchDag/sida/5/faksimil)
541,337,Edsleskog,59.054195491075596,12.467079162597656,Verk,🔵,Minnen av Edslan i Paris,,LindgrenA,1952,1952,published,published,[Litteraturkartan](https://litteraturbanken.se/litteraturkartan/?id=337) · [Source](https://litteraturbanken.se/f%C3%B6rfattare/LindgrenA/titlar/KatiIParis/sida/3/etext)
345,338,Lövås,58.543469391558745,12.457251548767092,Plats,🟢,von Knorringska jular på fädernegård,Lilian Perme,KnorringS,1843,1843,published,published,[Litteraturkartan](https://litteraturbanken.se/litteraturkartan/?id=338) · [Source](https://litteraturbanken.se/f%C3%B6rfattare/KnorringS/titlar/Torparen1/sida/1/etext)
349,339,Vedbyholm,58.726364092491174,12.430515289306642,Person,🟣,En åttioårings memoarer,Lilian Perme,,1791,1879,published,published,[Litteraturkartan](https://litteraturbanken.se/litteraturkartan/?id=339)
348,340,Dalskog,58.745919089111005,12.288551330566408,Plats,🟢,Mannen som tog sig an Dalskog,Lilian Perme,LignellA,1787,1863,published,published,[Litteraturkartan](https://litteraturbanken.se/litteraturkartan/?id=340) · [Source](https://litteraturbanken.se/f%C3%B6rfattare/LignellA/titlar/Beskrifning%C3%96fwerDalskogsSocken/sida/3/faksimil)
347,341,Gunnarsnäs,58.72547294243725,12.383437156677248,Person,🟣,Dagbok från brunnsvistelse,Lilian Perme,,1840,1910,published,published,[Litteraturkartan](https://litteraturbanken.se/litteraturkartan/?id=341)
455,343,Finnerödja kyrka,58.932118415948665,14.427065849304201,Person,🟣,En diktares grav,Dick Claésson,NeanderE,1921,1950,published,published,[Litteraturkartan](https://litteraturbanken.se/litteraturkartan/?id=343)
350,344,Håkantorp,58.25554325998943,13.603906631469728,Person,🟣,Årstafrun,,ReenstiernaMH,1753,1841,published,published,[Litteraturkartan](https://litteraturbanken.se/litteraturkartan/?id=344) · [Source](https://litteraturbanken.se/författare/ReenstiernaMH/titlar)
351,345,Ekelundsgatan,57.70407199753328,11.961133740842344,Person,🟣,Incident med buse,Dick Claésson,SpolénE,1963,1963,published,published,[Litteraturkartan](https://litteraturbanken.se/litteraturkartan/?id=345) · [Source](https://litteraturbanken.se/författare/SpolénE/titlar/IvarArosenius/sida/36/etext?show_search_work&ej_modern&prefix&suffix&infix&s_query=luta&s_lbworkid=lb818201&s_prefix&s_suffix&s_mediatype=etext&s_)
353,346,Nya allén,57.7042911690867,11.975978426635267,Person,🟣,Att bli galen i Allén,,SpolénE,1963,1963,published,published,[Litteraturkartan](https://litteraturbanken.se/litteraturkartan/?id=346)
354,347,Gustaf Adolfs torg,57.70717923721667,11.966877020895483,Verk,🔵,Kattresan med kung,,AroseniusI,1909,1909,published,published,[Litteraturkartan](https://litteraturbanken.se/litteraturkartan/?id=347) · [Source](https://litteraturbanken.se/författare/AroseniusI/titlar/Kattresan/sida/1/faksimil)
1051,347,Gustaf Adolfs torg,57.70717923721667,11.966877020895483,Plats,🟢,En fågel tackar sina vänner,Dick Claésson,JohanssonJ,1871,1871,published,published,[Litteraturkartan](https://litteraturbanken.se/litteraturkartan/?id=347) · [Source](https://litteraturbanken.se/författare/JohanssonJ/titlar/PåLedigaStunder/sida/117/faksimil)
1056,347,Gustaf Adolfs torg,57.70717923721667,11.966877020895483,Plats,🟢,Skiftande litteraturkurser,David Anthin,AgrellA,1882,1882,published,published,[Litteraturkartan](https://litteraturbanken.se/litteraturkartan/?id=347) · [Source](https://litteraturbanken.se/författare/AgrellA/titlar/DramatiskaArbeten1/sida/70/faksimil)
1065,347,Gustaf Adolfs torg,57.70717923721667,11.966877020895483,Plats,🟢,Här ska kungen stå,David Anthin,Anonym,1854,1854,published,published,[Litteraturkartan](https://litteraturbanken.se/litteraturkartan/?id=347) · [Source](https://litteraturbanken.se/författare/Anonym/titlar/KonungGustafIIAdolf/sida/32/faksimil)
355,348,Hängestensvägen 2,57.62235313788778,11.889180298894647,Plats,🟢,Havet födde dikten,Dick Claésson,WideAG,1939,1939,published,published,[Litteraturkartan](https://litteraturbanken.se/litteraturkartan/?id=348) · [Source](https://litteraturbanken.se/f%C3%B6rfattare/WideAG/titlar)
357,349,Grästorp,58.332837491393136,12.680926322937013,Plats,🟢,Detta oangenäma ställe,,TörnerosA,1828,1828,published,published,[Litteraturkartan](https://litteraturbanken.se/litteraturkartan/?id=349) · [Source](https://litteraturbanken.se/författare/TörnerosA/titlar/Resebrev/sida/229/faksimil)
358,349,Grästorp,58.332837491393136,12.680926322937013,Plats,🟢,Att uthärda,,LinnerhielmJC,1797,1797,published,published,[Litteraturkartan](https://litteraturbanken.se/litteraturkartan/?id=349) · [Source](https://litteraturbanken.se/författare/LinnerhielmJC/titlar/BrefUnderResor/sida/41/faksimil)
359,350,Halleberg och Hunneberg,58.36661613671376,12.480812072753908,Plats,🟢,Såsom på en gruvbotten,,TörnerosA,1828,1828,published,published,[Litteraturkartan](https://litteraturbanken.se/litteraturkartan/?id=350) · [Source](https://litteraturbanken.se/författare/TörnerosA/titlar/Resebrev/sida/229/faksimil)
361,351,Brålanda,58.5609285842525,12.341153305023912,Plats,🟢,Brålanda hos Litteraturbanken,,,,,published,published,[Litteraturkartan](https://litteraturbanken.se/litteraturkartan/?id=351)
363,353,Mitt i Dalsland (ungefär),58.76615294459465,11.941623687744142,Plats,🟢,Dalsland hos Litteraturbanken,,,,,published,published,[Litteraturkartan](https://litteraturbanken.se/litteraturkartan/?id=353)
427,353,Mitt i Dalsland (ungefär),58.76615294459465,11.941623687744142,Verk,🔵,Dalsland från gåsryggen,Paulina Helgeson,LagerlöfS,1907,1907,published,published,[Litteraturkartan](https://litteraturbanken.se/litteraturkartan/?id=353) · [Source](https://litteraturbanken.se/f%C3%B6rfattare/Lagerl%C3%B6fS/titlar/NilsHolgersson2/sida/-2/etext)
456,353,Mitt i Dalsland (ungefär),58.76615294459465,11.941623687744142,Person,🟣,Nationalsångens skapare,Lilian Perme,DybeckR,1811,1877,published,published,[Litteraturkartan](https://litteraturbanken.se/litteraturkartan/?id=353) · [Source](https://litteraturbanken.se/f%C3%B6rfattare/DybeckR/titlar/VallvisorOchHornl%C3%A5tar/sida/-1/faksimil)
362,354,Dingelvik,58.93825247983551,12.239928245544435,Person,🟣,Periodvis dalsländsk romanförfattarinna,Lilian Perme,LindhéW,1838,1922,published,published,[Litteraturkartan](https://litteraturbanken.se/litteraturkartan/?id=354) · [Source](https://litteraturbanken.se/f%C3%B6rfattare/KerfstedtA/titlar/Synd/sida/98/etext)
373,355,Torp,58.51718969692859,11.948962211608888,Person,🟣,Tidig underhållningsförfattare från Torp,Lilian Perme,UllmanEE,1749,1821,published,published,[Litteraturkartan](https://litteraturbanken.se/litteraturkartan/?id=355) · [Source](https://litteraturbanken.se/f%C3%B6rfattare/UllmanEE/titlar/DenSwenskaFr%C3%B6ken/sida/7/faksimil)
364,356,Högsäter,58.64600216081153,12.049641609191896,Person,🟣,Omstridd skaldinnefar,Lilian Perme,,1724,1798,published,published,[Litteraturkartan](https://litteraturbanken.se/litteraturkartan/?id=356)
405,356,Högsäter,58.64600216081153,12.049641609191896,Verk,🔵,Boken som fick prästen avsatt,Lilian Perme,FryxellS,1824,1824,published,published,[Litteraturkartan](https://litteraturbanken.se/litteraturkartan/?id=356) · [Source](https://litteraturbanken.se/f%C3%B6rfattare/FryxellS/titlar)
493,356,Högsäter,58.64600216081153,12.049641609191896,Plats,🟢,Högsäter hos Litteraturbanken,,,,,published,published,[Litteraturkartan](https://litteraturbanken.se/litteraturkartan/?id=356)
366,358,"Myrstacken, Nössemark",59.14044000585237,11.82107448577881,Person,🟣,Dalsländsk hembygdspoet från Nössemark,Lilian Perme,,1883,1941,published,published,[Litteraturkartan](https://litteraturbanken.se/litteraturkartan/?id=358)
369,359,Järn,58.66821333237936,12.495703697204592,Person,🟣,Ruinskildrare från Järn,Lilian Perme,,1846,1918,published,published,[Litteraturkartan](https://litteraturbanken.se/litteraturkartan/?id=359)
381,359,Järn,58.66821333237936,12.495703697204592,Person,🟣,"Brånasmén, en klockarson från Järn",Lilian Perme,OlssonJohannes,1818,1886,published,published,[Litteraturkartan](https://litteraturbanken.se/litteraturkartan/?id=359) · [Source](https://litteraturbanken.se/f%C3%B6rfattare/OlssonJohannes/titlar/Br%C3%A5nasmedensDikter/sida/5/faksimil)
370,360,Näsböle,58.58827639040921,11.963553428649902,Person,🟣,Memoarer från herrgårdslivet,Lilian Perme,,1826,1910,published,published,[Litteraturkartan](https://litteraturbanken.se/litteraturkartan/?id=360)
372,361,Nuntorp,58.53697411279709,12.312197685241701,Person,🟣,Forsdalens lilja,Lilian Perme,SundeliusAS,1826,1908,published,published,[Litteraturkartan](https://litteraturbanken.se/litteraturkartan/?id=361) · [Source](https://litteraturbanken.se/f%C3%B6rfattare/SundeliusAS/titlar/ForsdalensLilja/sida/5/faksimil)
377,362,Valbo-Ryr,58.494142362363846,11.81034564971924,Person,🟣,Filosofen som flyttade till Uppsala,Lilian Perme,WiknerP,1837,1888,published,published,[Litteraturkartan](https://litteraturbanken.se/litteraturkartan/?id=362) · [Source](https://litteraturbanken.se/f%C3%B6rfattare/WiknerP/titlar/N%C3%A5graDragAfKulturensOfferv%C3%A4sen/sida/1/etext)
339,363,Dals Rostock,58.718276069589585,12.363009452819826,Person,🟣,Här stod växtexpertens vagga,Lilian Perme,HenrikssonJ,1853,1935,published,published,[Litteraturkartan](https://litteraturbanken.se/litteraturkartan/?id=363) · [Source](https://litteraturbanken.se/f%C3%B6rfattare/HenrikssonJ/titlar/Pl%C3%A4gsederOchSkrock/sida/5/faksimil)
379,363,Dals Rostock,58.718276069589585,12.363009452819826,Person,🟣,Mannen bakom Visor på Dal,Lilian Perme,,1941,1990,published,published,[Litteraturkartan](https://litteraturbanken.se/litteraturkartan/?id=363)
382,364,"Tyska skolan, Göteborg",57.70698796432657,11.963722612093967,Person,🟣,En gymnasist vid Tyska skolan,Erik Andersson,LidnerB,1757,1757,published,published,[Litteraturkartan](https://litteraturbanken.se/litteraturkartan/?id=364)
384,365,Erikstorp,58.39501021944437,13.958773612976076,Person,🟣,En akademiledamot ser dagen,Erik Andersson,,1815,1897,published,published,[Litteraturkartan](https://litteraturbanken.se/litteraturkartan/?id=365) · [Source](https://litteraturbanken.se/översättarlexikon/artiklar/Carl_Anders_Kullberg)
385,366,Saleby prästgård,58.38176099179875,13.141965866088869,Person,🟣,En yngre Kolmodin,Erik Andersson,,1766,1766,published,published,[Litteraturkartan](https://litteraturbanken.se/litteraturkartan/?id=366)
386,367,Brommö,58.81154221460616,13.702132791252492,Person,🟣,Algexpert från Brommö,Erik Andersson,,1846,1846,published,published,[Litteraturkartan](https://litteraturbanken.se/litteraturkartan/?id=367)
388,368,Medelplana prästgård,58.5746418158422,13.37004561690472,Person,🟣,Ett brokigt liv,Erik Andersson,,1826,1826,published,published,[Litteraturkartan](https://litteraturbanken.se/litteraturkartan/?id=368)
389,369,Stora Känsö,57.62789599637895,11.753225326538088,Person,🟣,Ur krigarsläkt född,Erik Andersson,,1834,1834,published,published,[Litteraturkartan](https://litteraturbanken.se/litteraturkartan/?id=369)
390,370,"Stora Badhusgatan 7, Göteborg",57.704617662258755,11.956788187269316,Person,🟣,Invid den skvalpande vägen,Erik Andersson,TaubeE,1890,1890,published,published,[Litteraturkartan](https://litteraturbanken.se/litteraturkartan/?id=370)
985,370,"Stora Badhusgatan 7, Göteborg",57.704617662258755,11.956788187269316,Resa,🟠,En odödlig poets födelse,David Anthin,TaubeE,1890,1890,published,published,[Litteraturkartan](https://litteraturbanken.se/litteraturkartan/?id=370) · [Source](https://litteraturbanken.se/författare/TaubeE/titlar/JagKommerAvEttBrusandHav/sida/14/etext)
511,371,Utanför Smögen,58.337162961084836,11.193180084228517,Verk,🔵,Räddning och katastrof,Gunnar D Hansson,TaubeE,1929,1929,published,published,[Litteraturkartan](https://litteraturbanken.se/litteraturkartan/?id=371) · [Source](https://litteraturbanken.se/f%C3%B6rfattare/TaubeE/titlar/JagKommerAvEttBrusandHav/sida/3/etext)
395,372,Hälleviksstrand,58.12278957983324,11.443581554188572,Verk,🔵,Fritiof Anderssons debut,Erik Andersson,TaubeE,1919,1919,published,published,[Litteraturkartan](https://litteraturbanken.se/litteraturkartan/?id=372)
403,372,Hälleviksstrand,58.12278957983324,11.443581554188572,Verk,🔵,En håttespelman,Erik Andersson,TaubeE,1943,1943,published,published,[Litteraturkartan](https://litteraturbanken.se/litteraturkartan/?id=372) · [Source](https://litteraturbanken.se/författare/TaubeE/titlar/BalladerIBohuslän/sida/31/etext)
396,373,Stätten,58.21159479796543,11.492414722255536,Verk,🔵,Nej allri i livet!,Erik Andersson,TaubeE,1952,1952,published,published,[Litteraturkartan](https://litteraturbanken.se/litteraturkartan/?id=373) · [Source](https://litteraturbanken.se/författare/TaubeE/titlar/JagKommerAvEttBrusandHav/sida/94/etext)
397,374,Stätte brygga,58.20931140665829,11.488638171962561,Verk,🔵,Maj på Malö,Erik Andersson,TaubeE,1952,1952,published,published,[Litteraturkartan](https://litteraturbanken.se/litteraturkartan/?id=374) · [Source](https://litteraturbanken.se/författare/TaubeE/titlar/BalladerIBohuslän/sida/51/etext)
398,375,Flatön,58.23116715690119,11.536188373378543,Person,🟣,Dumt namn på en kuperad ö,Erik Andersson,TaubeE,1943,1943,published,published,[Litteraturkartan](https://litteraturbanken.se/litteraturkartan/?id=375) · [Source](https://litteraturbanken.se/författare/TaubeE/titlar/BalladerIBohuslän/sida/61/etext)
400,375,Flatön,58.23116715690119,11.536188373378543,Person,🟣,"Kom, Rönnderdahl, till Ängön",Erik Andersson,TaubeE,1943,1943,published,published,[Litteraturkartan](https://litteraturbanken.se/litteraturkartan/?id=375) · [Source](https://litteraturbanken.se/författare/TaubeE/titlar/BalladerIBohuslän/sida/13/etext)
402,375,Flatön,58.23116715690119,11.536188373378543,Verk,🔵,Som främling till en ö,Erik Andersson,TaubeE,1943,1943,published,published,[Litteraturkartan](https://litteraturbanken.se/litteraturkartan/?id=375) · [Source](https://litteraturbanken.se/författare/TaubeE/titlar/BalladerIBohuslän/sida/25/etext)
404,376,Bullaresjöarna,58.73078748769396,11.569714350862194,Verk,🔵,Rönnerdahl på besök,Erik Andersson,TaubeE,1943,1943,published,published,[Litteraturkartan](https://litteraturbanken.se/litteraturkartan/?id=376) · [Source](https://litteraturbanken.se/författare/TaubeE/titlar/BalladerIBohuslän/sida/45/etext)
406,377,Otterön,58.66744299480314,11.247967455745378,Verk,🔵,Så länge skutan kan gå,Erik Andersson,TaubeE,,,published,published,[Litteraturkartan](https://litteraturbanken.se/litteraturkartan/?id=377)
410,379,Senäte herrgård,58.63471485274249,13.141398568515628,Person,🟣,Rydberg på Senäte,Erik Andersson,RydbergV,1854,1855,published,published,[Litteraturkartan](https://litteraturbanken.se/litteraturkartan/?id=379)
411,380,"Göteborgs Handels- och Sjöfartstidnings tryckeri, Göteborg",57.70892663936186,11.966516541013076,Person,🟣,Att bo i en likbod,Erik Andersson,RydbergV,1855,1860,published,published,[Litteraturkartan](https://litteraturbanken.se/litteraturkartan/?id=380)
414,382,"Östra Hamngatan 12, Göteborg",57.708972491859186,11.967203186520889,Person,🟣,Sjutton år på Hamngatan,Erik Andersson,RydbergV,,,published,published,[Litteraturkartan](https://litteraturbanken.se/litteraturkartan/?id=382)
416,382,"Östra Hamngatan 12, Göteborg",57.708972491859186,11.967203186520889,Person,🟣,En publicist,Erik Andersson,,,,published,published,[Litteraturkartan](https://litteraturbanken.se/litteraturkartan/?id=382)
415,383,Vargö,57.6221686438154,11.760506910909859,Person,🟣,Somrarna på Vargö,Erik Andersson,RydbergV,,,published,published,[Litteraturkartan](https://litteraturbanken.se/litteraturkartan/?id=383)
1101,383,Vargö,57.6221686438154,11.760506910909859,Plats,🟢,Fem huvudlösa män,,,,,published,published,[Litteraturkartan](https://litteraturbanken.se/litteraturkartan/?id=383)
417,384,Bjurslätt,57.7294627448465,11.934287117490152,Person,🟣,Hedlunds Bjurslätt,Erik Andersson,,,,published,published,[Litteraturkartan](https://litteraturbanken.se/litteraturkartan/?id=384)
418,385,"Göteborgs Handels- och Sjöfartstidnings redaktion, Göteborg",57.70704489808395,11.963543271562468,Person,🟣,En motståndsman,Erik Andersson,,,,published,published,[Litteraturkartan](https://litteraturbanken.se/litteraturkartan/?id=385)
988,385,"Göteborgs Handels- och Sjöfartstidnings redaktion, Göteborg",57.70704489808395,11.963543271562468,Resa,🟠,En tecknare tar ton,David Anthin,TaubeE,1917,1917,published,published,[Litteraturkartan](https://litteraturbanken.se/litteraturkartan/?id=385) · [Source](https://litteraturbanken.se/författare/TaubeE/titlar/BalladerIBohuslän/sida/3/etext)
419,386,"Övre Fogelbergsgatan 3, Göteborg",57.69544853580061,11.963761681218454,Person,🟣,Ett hem i stormen,Erik Andersson,,1927,1945,published,published,[Litteraturkartan](https://litteraturbanken.se/litteraturkartan/?id=386)
1021,386,"Övre Fogelbergsgatan 3, Göteborg",57.69544853580061,11.963761681218454,Person,🟣,I de kända kvarteren i det idylliska Göteborg,David Anthin,GerhardK,1938,1938,published,published,[Litteraturkartan](https://litteraturbanken.se/litteraturkartan/?id=386) · [Source](https://litteraturbanken.se/författare/GerhardK/titlar/OmJagInteMinnsFel/sida/130/etext)
420,387,"Kärra, Horreds socken",57.324206354015416,12.43327401530342,Resa,🟠,Med Ludvig Nordström på husesyn (1938),Erik Andersson,NordströmL,1938,1938,published,published,[Litteraturkartan](https://litteraturbanken.se/litteraturkartan/?id=387) · [Source](https://litteraturbanken.se/författare/NordströmL/titlar/LortSverige/sida/3/etext)
422,388,Sandhult,57.76975870967553,12.82093921818866,Resa,🟠,En dammig gata (1938),Erik Andersson,NordströmL,1938,1938,published,published,[Litteraturkartan](https://litteraturbanken.se/litteraturkartan/?id=388) · [Source](https://litteraturbanken.se/författare/NordströmL/titlar/LortSverige/sida/207/etext)
425,389,Färgelanda,58.56417375905872,11.997076179189797,Resa,🟠,De bäste reste till Amerika (1938),Erik Andersson,NordströmL,1938,1938,published,published,[Litteraturkartan](https://litteraturbanken.se/litteraturkartan/?id=389) · [Source](https://litteraturbanken.se/författare/NordströmL/titlar/LortSverige/sida/229/etext)
494,389,Färgelanda,58.56417375905872,11.997076179189797,Plats,🟢,Färgelanda hos Litteraturbanken,,,,,published,published,[Litteraturkartan](https://litteraturbanken.se/litteraturkartan/?id=389)
426,390,Aleviken,59.077748165734036,11.369999970833598,Resa,🟠,Grodor och paddor i vattnet (1938),Erik Andersson,NordströmL,1938,1938,published,published,[Litteraturkartan](https://litteraturbanken.se/litteraturkartan/?id=390) · [Source](https://litteraturbanken.se/författare/NordströmL/titlar/LortSverige/sida/237/etext)
429,391,Väderöarna,58.589098360742035,11.057707071304323,Verk,🔵,Nattlig utflykt till Väderöarna,Paulina Helgeson,LagerlöfS,1907,1907,published,published,[Litteraturkartan](https://litteraturbanken.se/litteraturkartan/?id=391) · [Source](https://litteraturbanken.se/f%C3%B6rfattare/Lagerl%C3%B6fS/titlar/NilsHolgersson2/sida/-2/etext)
431,392,Mitt i Västergötland (ungefär),58.18355578186337,12.975196838378908,Verk,🔵,Sagan om Västergötland,,LagerlöfS,1907,1907,published,published,[Litteraturkartan](https://litteraturbanken.se/litteraturkartan/?id=392) · [Source](https://litteraturbanken.se/f%C3%B6rfattare/Lagerl%C3%B6fS/titlar/NilsHolgersson2/sida/-2/etext)
521,392,Mitt i Västergötland (ungefär),58.18355578186337,12.975196838378908,Plats,🟢,Västergötland hos Litteraturbanken,,,,,published,published,[Litteraturkartan](https://litteraturbanken.se/litteraturkartan/?id=392)
432,393,"Djurgårdsgatan, Göteborg",57.69770353087289,11.931452751159668,Person,🟣,Ett första hem,Dick Claésson,WideAG,1920,1920,published,published,[Litteraturkartan](https://litteraturbanken.se/litteraturkartan/?id=393)
433,394,Stenungsund,58.07216369259754,11.820063943401122,Resa,🟠,Kånkalång med Kal (2016),Erik Andersson,TörnqvistP,2016,2016,published,published,[Litteraturkartan](https://litteraturbanken.se/litteraturkartan/?id=394) · [Source](https://litteraturbanken.se/forfattare/TornqvistP/titlar/KalFranLinne)
434,395,"Olivedal, Göteborg",57.69348891868984,11.950442395785737,Resa,🟠,Referensvärken (2016),Peter Törnqvist,TörnqvistP,2016,2016,published,published,[Litteraturkartan](https://litteraturbanken.se/litteraturkartan/?id=395) · [Source](https://litteraturbanken.se/forfattare/TornqvistP/titlar/KalFranLinne)
435,396,"Djurparken, Slottsskogen, Göteborg",57.68736447920082,11.942288480380464,Resa,🟠,Sov sött som en polkagris (2016),Peter Törnqvist,TörnqvistP,2016,2016,published,published,[Litteraturkartan](https://litteraturbanken.se/litteraturkartan/?id=396) · [Source](https://litteraturbanken.se/forfattare/TornqvistP/titlar/KalFranLinne)
436,397,"Kallebäcks lider, Göteborg",57.68371684928411,12.015716634372149,Resa,🟠,Ett arkitektoniskt ljumskbråck (2016),Peter Törnqvist,TörnqvistP,2016,2016,published,published,[Litteraturkartan](https://litteraturbanken.se/litteraturkartan/?id=397) · [Source](https://litteraturbanken.se/forfattare/TornqvistP/titlar/KalFranLinne)
1141,397,"Kallebäcks lider, Göteborg",57.68371684928411,12.015716634372149,Verk,🔵,Med tandemcykel mot Haga,,SöderhjelmK,1950,1950,published,published,[Litteraturkartan](https://litteraturbanken.se/litteraturkartan/?id=397) · [Source](https://litteraturbanken.se/författare/SöderhjelmK/titlar/ViSkojarHaga/sida/8/faksimil)
437,398,"Delsjö skog, Göteborg",57.67569029834618,12.055048854822532,Resa,🟠,Fenrisulven ta profossen! (2016),Peter Törnqvist,TörnqvistP,2016,2016,published,published,[Litteraturkartan](https://litteraturbanken.se/litteraturkartan/?id=398) · [Source](https://litteraturbanken.se/forfattare/TornqvistP/titlar/KalFranLinne)
438,399,Landvetter,57.68274149523694,12.208101905149926,Resa,🟠,Skarpa berg i dagen (2016),Peter Törnqvist,TörnqvistP,2016,2016,published,published,[Litteraturkartan](https://litteraturbanken.se/litteraturkartan/?id=399) · [Source](https://litteraturbanken.se/forfattare/TornqvistP/titlar/KalFranLinne)
439,400,"Holke damm, Hajom",57.51383189416012,12.56662876371959,Resa,🟠,Hajoma hav (2016),Peter Törnqvist,TörnqvistP,2016,2016,published,published,[Litteraturkartan](https://litteraturbanken.se/litteraturkartan/?id=400) · [Source](https://litteraturbanken.se/forfattare/TornqvistP/titlar/KalFranLinne)
440,401,Skene,57.490506060843245,12.64099049815469,Resa,🟠,Tjohosan (2016),Peter Törnqvist,TörnqvistP,2016,2016,published,published,[Litteraturkartan](https://litteraturbanken.se/litteraturkartan/?id=401) · [Source](https://litteraturbanken.se/forfattare/TornqvistP/titlar/KalFranLinne)
441,402,Örby,57.47981830149851,12.69960534423176,Resa,🟠,Oset av första solabrännan (2016),Peter Törnqvist,TörnqvistP,2016,2016,published,published,[Litteraturkartan](https://litteraturbanken.se/litteraturkartan/?id=402) · [Source](https://litteraturbanken.se/forfattare/TornqvistP/titlar/KalFranLinne)
442,403,Öxnevalla,57.370141649002335,12.55319730625364,Resa,🟠,Ack huru lärkan låter sig dala (2016),Peter Törnqvist,TörnqvistP,2016,2016,published,published,[Litteraturkartan](https://litteraturbanken.se/litteraturkartan/?id=403) · [Source](https://litteraturbanken.se/forfattare/TornqvistP/titlar/KalFranLinne)
443,404,Istorp,57.337315411623706,12.49809812778535,Resa,🟠,Tog nattläger i ena byscha (2016),Peter Törnqvist,TörnqvistP,2016,2016,published,published,[Litteraturkartan](https://litteraturbanken.se/litteraturkartan/?id=404) · [Source](https://litteraturbanken.se/forfattare/TornqvistP/titlar/KalFranLinne)
444,405,Kalv,57.24418886383256,13.075611023379254,Resa,🟠,Feter illgrönska (2016),Peter Törnqvist,TörnqvistP,2016,2016,published,published,[Litteraturkartan](https://litteraturbanken.se/litteraturkartan/?id=405) · [Source](https://litteraturbanken.se/forfattare/TornqvistP/titlar/KalFranLinne)
445,406,Västra Bäck,57.25604711399532,13.251545642411912,Resa,🟠,Allt mera knottrigt och plåttrigt (2016),Peter Törnqvist,TörnqvistP,2016,2016,published,published,[Litteraturkartan](https://litteraturbanken.se/litteraturkartan/?id=406) · [Source](https://litteraturbanken.se/forfattare/TornqvistP/titlar/KalFranLinne)
447,407,Järnklev,58.5233568015864,13.322219054551478,Resa,🟠,Automobiler fläktade (2016),Peter Törnqvist,TörnqvistP,2016,2016,published,published,[Litteraturkartan](https://litteraturbanken.se/litteraturkartan/?id=407) · [Source](https://litteraturbanken.se/forfattare/TornqvistP/titlar/KalFranLinne)
448,408,Truve,58.49327931898728,13.263213792980526,Resa,🟠,Ett specimen i näsbjället (2016),Peter Törnqvist,TörnqvistP,2016,2016,published,published,[Litteraturkartan](https://litteraturbanken.se/litteraturkartan/?id=408) · [Source](https://litteraturbanken.se/forfattare/TornqvistP/titlar/KalFranLinne)
450,409,Hindens rev,58.584891438072134,12.856210925045735,Resa,🟠,En tarm av grus (2016),Peter Törnqvist,TörnqvistP,2016,2016,published,published,[Litteraturkartan](https://litteraturbanken.se/litteraturkartan/?id=409) · [Source](https://litteraturbanken.se/forfattare/TornqvistP/titlar/KalFranLinne)
452,410,Trollhättan (ett stycke utanför),58.30845318337893,12.25271080455156,Resa,🟠,Desse morgontimmar uti bakfyllan (2016),Peter Törnqvist,TörnqvistP,2016,2016,published,published,[Litteraturkartan](https://litteraturbanken.se/litteraturkartan/?id=410) · [Source](https://litteraturbanken.se/forfattare/TornqvistP/titlar/KalFranLinne)
453,411,Hjärtum,58.16997390012904,12.077273383594157,Resa,🟠,Allt är föränderlighet (2016),Peter Törnqvist,TörnqvistP,2016,2016,published,published,[Litteraturkartan](https://litteraturbanken.se/litteraturkartan/?id=411) · [Source](https://litteraturbanken.se/forfattare/TornqvistP/titlar/KalFranLinne)
454,412,Ucklum (ett stycke utanför),58.061201963153366,11.918163545216803,Resa,🟠,Åt vilket håll Götheborg? (2016),Peter Törnqvist,TörnqvistP,2016,2016,published,published,[Litteraturkartan](https://litteraturbanken.se/litteraturkartan/?id=412) · [Source](https://litteraturbanken.se/forfattare/TornqvistP/titlar/KalFranLinne)
459,415,Bårekulla,57.687450864363434,12.189288139343263,Person,🟣,Poeten i Landvetter,Dick Claésson,LindqvistE,1947,1956,published,published,[Litteraturkartan](https://litteraturbanken.se/litteraturkartan/?id=415)
460,416,"Doktorsgården, Alingsås",57.92924608360465,12.534799575805666,Person,🟣,En doktorsgård,Dick Claésson,BrattI,1881,1946,published,published,[Litteraturkartan](https://litteraturbanken.se/litteraturkartan/?id=416) · [Source](https://litteraturbanken.se/författare/BrattI/titlar/NyttLandDikter/sida/I/faksimil)
461,417,Borås Tidning,57.72333396476411,12.938246726989748,Person,🟣,Eva-Caisa och journalistiken,Dick Claésson,NeanderE,1921,1950,published,published,[Litteraturkartan](https://litteraturbanken.se/litteraturkartan/?id=417) · [Source](https://litteraturbanken.se/författare/NeanderE/titlar/Dimman/sida/5/etext)
462,418,"Centralstationen, Göteborg",57.70928303093844,11.972737312316896,Verk,🔵,Örnen har landat,Kristian Wedel,WedelK,2018,2018,published,published,[Litteraturkartan](https://litteraturbanken.se/litteraturkartan/?id=418) · [Source](https://litteraturbanken.se/författare/WedelK/titlar/DenStoraFlygelskjutningenIShropshire/sida/42/etext)
531,418,"Centralstationen, Göteborg",57.70928303093844,11.972737312316896,Person,🟣,Att skjutsa Sjöberg,Dick Claésson,WideAG,1923,1945,published,published,[Litteraturkartan](https://litteraturbanken.se/litteraturkartan/?id=418) · [Source](https://litteraturbanken.se/författare/WideAG/titlar/WideBrevEngMS/sida/7/faksimil)
1045,418,"Centralstationen, Göteborg",57.70928303093844,11.972737312316896,Resa,🟠,Engström i staden,David Anthin,EngströmA,1892,1892,published,published,[Litteraturkartan](https://litteraturbanken.se/litteraturkartan/?id=418) · [Source](https://litteraturbanken.se/författare/EngströmA/titlar/UrMinaMemoarer/sida/5/etext)
464,419,"Restaurang Kometen, Göteborg",57.70128095976087,11.975226402282717,Verk,🔵,Att kvista in på en liten beta,Kristian Wedel,WedelK,2018,2018,published,published,[Litteraturkartan](https://litteraturbanken.se/litteraturkartan/?id=419) · [Source](https://litteraturbanken.se/författare/WedelK/titlar/DenStoraFlygelskjutningenIShropshire/sida/62/etext)
465,421,"Naturhistoriska museet, Göteborg",57.69008885218262,11.94943428039551,Verk,🔵,Och stormfågeln lyfter,Kristian Wedel,WedelK,2018,2018,published,published,[Litteraturkartan](https://litteraturbanken.se/litteraturkartan/?id=421) · [Source](https://litteraturbanken.se/författare/WedelK/titlar/DenStoraFlygelskjutningenIShropshire/sida/109/etext)
466,422,"Hotell Dalhall, Åmål",59.04523462072362,12.679424285888672,Verk,🔵,Färdas söderut i aladåb,Kristian Wedel,WedelK,2018,2018,published,published,[Litteraturkartan](https://litteraturbanken.se/litteraturkartan/?id=422) · [Source](https://litteraturbanken.se/författare/WedelK/titlar/DenStoraFlygelskjutningenIShropshire/sida/147/etext)
467,423,Mollösund,58.0733134,11.4754999,Verk,🔵,Kunskap var att barka ett segel,Kristian Wedel,WedelK,2018,2018,published,published,[Litteraturkartan](https://litteraturbanken.se/litteraturkartan/?id=423) · [Source](https://litteraturbanken.se/författare/WedelK/titlar/DenStoraFlygelskjutningenIShropshire/sida/178/etext)
468,424,"Djurgårdsplatsen, Göteborg",57.693804648350984,11.936001777648928,Verk,🔵,Främlingens vrede,Kristian Wedel,WedelK,2018,2018,published,published,[Litteraturkartan](https://litteraturbanken.se/litteraturkartan/?id=424)
469,425,"Nordstan, Göteborg",57.70845768418149,11.969304084777834,Verk,🔵,Med is i bröstet,Kristian Wedel,WedelK,2018,2018,published,published,[Litteraturkartan](https://litteraturbanken.se/litteraturkartan/?id=425) · [Source](https://litteraturbanken.se/författare/WedelK/titlar/DenStoraFlygelskjutningenIShropshire/sida/183/etext)
470,426,"Stora teatern, Göteborg",57.70270266030643,11.970891952514648,Plats,🟢,Strindberg på Storan,Dick Claésson,StrindbergA,1872,1872,published,published,[Litteraturkartan](https://litteraturbanken.se/litteraturkartan/?id=426) · [Source](https://litteraturbanken.se/författare/StrindbergA/titlar/StrindbergsBrev1/sida/127/faksimil)
987,426,"Stora teatern, Göteborg",57.70270266030643,11.970891952514648,Resa,🟠,Dekormålaren som flydde staden,David Anthin,TaubeE,1907,1907,published,published,[Litteraturkartan](https://litteraturbanken.se/litteraturkartan/?id=426) · [Source](https://litteraturbanken.se/författare/TaubeE/titlar/BerättelserUnderEttFikonträd/sida/21/etext)
1113,426,"Stora teatern, Göteborg",57.70270266030643,11.970891952514648,Verk,🔵,Telefon-opera,David Anthin,SchonbergG,1881,1881,published,published,[Litteraturkartan](https://litteraturbanken.se/litteraturkartan/?id=426) · [Source](https://litteraturbanken.se/författare/SchonbergG/titlar/LjusglimtarFrånVindskammaren1/sida/114/faksimil)
43,427,Broddetorp,58.307549939082094,13.609485626220705,Person,🟣,Grönköpings mästare,Erik Andersson,HasselskogN,1892,1936,published,published,[Litteraturkartan](https://litteraturbanken.se/litteraturkartan/?id=427) · [Source](https://litteraturbanken.se/författare/HasselskogN/titlar)
766,427,Broddetorp,58.307549939082094,13.609485626220705,Resa,🟠,Bengtsson vid Hornborgasjön,,,,,published,published,[Litteraturkartan](https://litteraturbanken.se/litteraturkartan/?id=427)
471,428,"Häradsgatan 19, Mölndal",57.66037171877965,12.007284164428713,Person,🟣,En komikers död,Dick Claésson,HasselskogN,1936,1936,published,published,[Litteraturkartan](https://litteraturbanken.se/litteraturkartan/?id=428) · [Source](https://litteraturbanken.se/författare/HasselskogN/titlar/Guldregn/sida/3/etext)
473,429,"Prästgården, Floby",58.1267548966631,13.347903088221074,Person,🟣,Kellgren i Floby,Erik Andersson,KellgrenJH,1751,1751,published,published,[Litteraturkartan](https://litteraturbanken.se/litteraturkartan/?id=429) · [Source](https://litteraturbanken.se/författare/KellgrenJH/titlar/SinnenasFörening/sida/-1/faksimil)
477,430,Kinds härad,57.492951685358975,13.082485198974611,Verk,🔵,Spridande av lyxartiklar,Paulina Helgeson,ForssellDC,1827,1827,published,published,[Litteraturkartan](https://litteraturbanken.se/litteraturkartan/?id=430) · [Source](https://litteraturbanken.se/f%C3%B6rfattare/ForssellDC/titlar/Ett%C3%85rISverge/sida/VIII/faksimil)
478,431,Högärdet,58.199705163817896,12.273655261309457,Person,🟣,Högärdets Knorring,Dick Claésson,KnorringS,1797,1848,published,published,[Litteraturkartan](https://litteraturbanken.se/litteraturkartan/?id=431) · [Source](https://litteraturbanken.se/författare/KnorringS/titlar/Cousinerna/sida/I.1/faksimil)
479,432,Tydje,58.9580211,12.6144407,Person,🟣,Flitig översättare från Tydje,Johan Bergman,,1864,1951,published,published,[Litteraturkartan](https://litteraturbanken.se/litteraturkartan/?id=432)
480,433,Sandhem Härstorp,57.99432114334036,13.828429926812408,Person,🟣,Mindre mordiska skildringar,Erik Andersson,,1845,1913,published,published,[Litteraturkartan](https://litteraturbanken.se/litteraturkartan/?id=433)
481,434,Råbäcks turisthotell,58.608423076580294,13.377528190612795,Verk,🔵,Jerusalem i Råbäck,Erik Andersson,LagerlöfS,1901,1901,published,published,[Litteraturkartan](https://litteraturbanken.se/litteraturkartan/?id=434) · [Source](https://lb.se/författare/LagerlöfS/titlar/JerusalemI/sida/III/etext)
482,435,Fåglavik,58.1094743,13.1108136,Person,🟣,En enastående man,Erik Andersson,LinnarssonL,1884,1962,published,published,[Litteraturkartan](https://litteraturbanken.se/litteraturkartan/?id=435) · [Source](https://litteraturbanken.se/författare/LinnarssonL/titlar/BygdByOchGård1/sida/1/faksimil)
483,436,Björksäter,57.81059408214551,12.985397983527955,Person,🟣,En upptecknare,Erik Andersson,OlofssonK,1861,1942,published,published,[Litteraturkartan](https://litteraturbanken.se/litteraturkartan/?id=436) · [Source](https://litteraturbanken.se/författare/OlofssonK/titlar/FolklivOchFolkminne1/sida/V/faksimil)
485,437,Larv,58.191050384565614,13.12030125037522,Person,🟣,Runius från Larv,Erik Andersson,RuniusJ,1679,1713,published,published,[Litteraturkartan](https://litteraturbanken.se/litteraturkartan/?id=437) · [Source](https://litteraturbanken.se/författare/RuniusJ/titlar/SamladeSkrifter1/sida/I/faksimil)
486,438,"Kronogatan 16, Vänersborg",58.38262319619085,12.324387321066741,Person,🟣,Sjöbergs Lilla Paris,Erik Andersson,SjöbergB,1885,1929,published,published,[Litteraturkartan](https://litteraturbanken.se/litteraturkartan/?id=438) · [Source](https://litteraturbanken.se/författare/SjöbergB/titlar/FridasBok/sida/I/etext)
487,439,Tranemo,57.48913604309601,13.345923471867906,Person,🟣,Ett lovtal till härfågeln,Erik Andersson,,1620,1661,published,published,[Litteraturkartan](https://litteraturbanken.se/litteraturkartan/?id=439)
488,440,Svenljunga,57.49588054982544,13.115444183349611,Plats,🟢,Svenljunga hos Litteraturbanken,,,,,published,published,[Litteraturkartan](https://litteraturbanken.se/litteraturkartan/?id=440)
490,441,Hornborgasjön,58.33454971978788,13.571548461914064,Plats,🟢,Hornborgasjön hos Litteraturbanken,,,,,published,published,[Litteraturkartan](https://litteraturbanken.se/litteraturkartan/?id=441)
491,442,Tråvad,58.24524568548138,13.08651924133301,Plats,🟢,Tråvad hos Litteraturbanken,,,,,published,published,[Litteraturkartan](https://litteraturbanken.se/litteraturkartan/?id=442)
495,443,"Krigskyrkogården, Stensholmen",58.57572636419205,11.27450466156006,Verk,🔵,Gorch Fock,Gunnar D Hansson,HanssonGD,1999,1999,published,published,[Litteraturkartan](https://litteraturbanken.se/litteraturkartan/?id=443) · [Source](https://litteraturbanken.se/författare/HanssonGD/titlar/ÄransHospital/sida/232/etext)
496,444,Lerum,57.77582194094447,12.282800674438478,Plats,🟢,Lerum hos Litteraturbanken,,,,,published,published,[Litteraturkartan](https://litteraturbanken.se/litteraturkartan/?id=444)
498,445,"Stora tullhuset, Göteborg",57.703688645652605,11.955056190490723,Person,🟣,Att spela staden,Dick Claésson,JonasonA,1900,1900,published,published,[Litteraturkartan](https://litteraturbanken.se/litteraturkartan/?id=445) · [Source](https://litteraturbanken.se/författare/JonasonA/titlar/GöteborgSällskapsspel/sida/I/faksimil)
1052,445,"Stora tullhuset, Göteborg",57.703688645652605,11.955056190490723,Plats,🟢,Ett avsked och en varning,Dick Claésson,JohanssonJ,1871,1871,published,published,[Litteraturkartan](https://litteraturbanken.se/litteraturkartan/?id=445) · [Source](https://litteraturbanken.se/författare/JohanssonJ/titlar/PåLedigaStunder/sida/64/faksimil)
1098,445,"Stora tullhuset, Göteborg",57.703688645652605,11.955056190490723,Plats,🟢,En ögonvittnesberättelse,,,,,published,published,[Litteraturkartan](https://litteraturbanken.se/litteraturkartan/?id=445)
499,446,"Henriksberg, Göteborg",57.69979040732962,11.936302185058596,Verk,🔵,Bombi Bitt på Henriksberg,Dick Claésson,,1931,1935,published,published,[Litteraturkartan](https://litteraturbanken.se/litteraturkartan/?id=446)
1123,446,"Henriksberg, Göteborg",57.69979040732962,11.936302185058596,Plats,🟢,En stark styrman,,EngdahlA,1912,1912,published,published,[Litteraturkartan](https://litteraturbanken.se/litteraturkartan/?id=446) · [Source](https://litteraturbanken.se/författare/EngdahlA/titlar/OrdOchVisor/sida/39/faksimil)
500,447,"Hospitalet, Göteborg",57.73914333693299,12.005438804626465,Linnés resa,🟡,En skruf i hjernan (1746),,LinnéCvon,1746,1746,published,published,[Litteraturkartan](https://litteraturbanken.se/litteraturkartan/?id=447) · [Source](http://litteraturbanken.se/forfattare/LinneCvon/titlar/LinnaeiWastgotaResa/sida/157/faksimil)
501,448,"Kleva, Orust",58.25028193440733,11.755242347717287,Person,🟣,En färjesång på Orust,Dick Claésson,EkelöfG,1907,1968,published,published,[Litteraturkartan](https://litteraturbanken.se/litteraturkartan/?id=448) · [Source](https://litteraturbanken.se/författare/EkelöfG/titlar/SentPåJorden1932/sida/I/faksimil)
505,449,Sotenäs,58.45886950271421,11.373252868652346,Plats,🟢,Fransk druvkonjak,Gunnar D Hansson,,1945,1945,published,published,[Litteraturkartan](https://litteraturbanken.se/litteraturkartan/?id=449)
506,450,Malmön,58.3474338298381,11.342353820800783,Plats,🟢,Ångbåtstrafikens glansdagar,Gunnar D Hansson,,,,published,published,[Litteraturkartan](https://litteraturbanken.se/litteraturkartan/?id=450)
507,451,Hake fjord,57.67239919171431,11.735115051269531,Plats,🟢,Författarutflykt med ångbåt,Gunnar D Hansson,,1945,1945,published,published,[Litteraturkartan](https://litteraturbanken.se/litteraturkartan/?id=451)
510,452,Lyrestad,58.801317111702325,14.056105613708498,Person,🟣,En källåder till det svunna,Dick Claésson,,,,published,published,[Litteraturkartan](https://litteraturbanken.se/litteraturkartan/?id=452) · [Source](https://litteraturbanken.se/författare/SvensktVisarkiv/titlar/MedeltidaBallader1/sida/35/faksimil?traff=w44_14&traffslut=w44_14&s_query=gunnarsdotter&s_from=0&s_to=29&s_prefix=true&s_text_filter=%7B%2)
512,453,Dalstorp,57.6056025,13.5115338,Person,🟣,Vördnad för antiken,Magnus Dalsjö,,1839,1907,published,published,[Litteraturkartan](https://litteraturbanken.se/litteraturkartan/?id=453)
518,454,"Universitetsbiblioteket, Göteborg",57.695364251713535,11.98537588119507,Person,🟣,En biblioteksman,Erik Mesterton,,1903,2004,published,published,[Litteraturkartan](https://litteraturbanken.se/litteraturkartan/?id=454)
996,454,"Universitetsbiblioteket, Göteborg",57.695364251713535,11.98537588119507,Resa,🟠,Avslöjande arkivmaterial,David Anthin,TaubeE,1997,1997,published,published,[Litteraturkartan](https://litteraturbanken.se/litteraturkartan/?id=454) · [Source](https://litteraturbanken.se/författare/TaubeE/titlar/JagKommerAvEttBrusandHav/sida/39/etext)
519,455,Mitt i Göteborg (ungefär),57.70301221673618,11.968274116516113,Plats,🟢,Göteborg hos Litteraturbanken,,,,,published,published,[Litteraturkartan](https://litteraturbanken.se/litteraturkartan/?id=455)
517,456,Mitt i Göta älv (ungefär),58.136861172541046,12.12070941925049,Plats,🟢,Göta älv hos Litteraturbanken,,,,,published,published,[Litteraturkartan](https://litteraturbanken.se/litteraturkartan/?id=456)
522,457,Lur,58.81884140510005,11.330637931823732,Verk,🔵,Digerdödens Lur,Gunnar D Hansson,HanssonGD,1994,1994,published,published,[Litteraturkartan](https://litteraturbanken.se/litteraturkartan/?id=457) · [Source](https://litteraturbanken.se/författare/HanssonGD/titlar/Idegransöarna/sida/162/etext)
523,458,Hamburgsund,58.55318766413282,11.26952648162842,Verk,🔵,Mysteriet med sockerdrickan,Gunnar D Hansson,HanssonGD,1994,1994,published,published,[Litteraturkartan](https://litteraturbanken.se/litteraturkartan/?id=458) · [Source](https://litteraturbanken.se/författare/HanssonGD/titlar/Idegransöarna/sida/163/etext)
524,459,Vitlycke,58.70029409761097,11.33716106414795,Verk,🔵,Liftaren,Gunnar D Hansson,HanssonGD,1994,1994,published,published,[Litteraturkartan](https://litteraturbanken.se/litteraturkartan/?id=459) · [Source](https://litteraturbanken.se/författare/HanssonGD/titlar/Idegransöarna/sida/170/etext)
525,460,Norra Öddö,58.919403925054866,11.129279136657717,Verk,🔵,Mörka leenden,Gunnar D Hansson,HanssonGD,1994,1994,published,published,[Litteraturkartan](https://litteraturbanken.se/litteraturkartan/?id=460) · [Source](https://litteraturbanken.se/författare/HanssonGD/titlar/Idegransöarna/sida/183/etext)
527,462,Valön,58.59856360689516,11.260299682617188,Verk,🔵,Taxus baccata å Hvalön,Gunnar D Hansson,HanssonGD,1994,1994,published,published,[Litteraturkartan](https://litteraturbanken.se/litteraturkartan/?id=462) · [Source](https://litteraturbanken.se/författare/HanssonGD/titlar/Idegransöarna/sida/25/etext)
528,463,Valbodalen,58.289553667241115,11.44256114959717,Verk,🔵,En koltrast,Gunnar D Hansson,HanssonGD,1994,1994,published,published,[Litteraturkartan](https://litteraturbanken.se/litteraturkartan/?id=463) · [Source](https://litteraturbanken.se/författare/HanssonGD/titlar/Idegransöarna/sida/43/etext)
1139,464,Mathilda Halls skola,57.69905084124072,11.966675519943239,Verk,🔵,Lucia i skolan,,OterdahlJ,1924,1924,published,published,[Litteraturkartan](https://litteraturbanken.se/litteraturkartan/?id=464) · [Source](https://litteraturbanken.se/författare/OterdahlJ/titlar/Skolflickor/sida/11/etext)
530,465,Hjällbo,57.768795903036484,12.025222778320314,Person,🟣,En gigant i Hjällbo,Dick Claésson,CarlbergF,1917,1917,published,published,[Litteraturkartan](https://litteraturbanken.se/litteraturkartan/?id=465) · [Source](https://litteraturbanken.se/författare/CarlbergF/titlar/FörRättfärdighetsSkull/sida/3/etext)
529,466,"Järntorget, Göteborg",57.70001972708083,11.952770948410036,Person,🟣,Mångsidig rösträttskämpe,,CarlbergF,1851,1925,published,published,[Litteraturkartan](https://litteraturbanken.se/litteraturkartan/?id=466) · [Source](https://litteraturbanken.se/f%C3%B6rfattare/CarlbergF/titlar/F%C3%B6rR%C3%A4ttf%C3%A4rdighetsSkull/sida/3/etext)
1057,466,"Järntorget, Göteborg",57.70001972708083,11.952770948410036,Plats,🟢,Upproriska mödrar i Haga,David Anthin,,1917,1917,published,published,[Litteraturkartan](https://litteraturbanken.se/litteraturkartan/?id=466)
532,467,"Gråberget, Göteborg",57.69092035201323,11.923749446868898,Verk,🔵,Dramat på Gråberget,Dick Claésson,Anonym,1887,1887,published,published,[Litteraturkartan](https://litteraturbanken.se/litteraturkartan/?id=467) · [Source](https://litteraturbanken.se/författare/Anonym/titlar/CalleWetterlind/sida/1/faksimil)
1090,467,"Gråberget, Göteborg",57.69092035201323,11.923749446868898,Person,🟣,"Smör-Eva, Tjyv-Eva och Höns-Eva",,,,,published,published,[Litteraturkartan](https://litteraturbanken.se/litteraturkartan/?id=467)
533,468,"Fågelrovägen, Göteborg",57.69389065763855,11.890887022018433,Verk,🔵,Fågelro,Dick Claésson,Anonym,1873,1873,published,published,[Litteraturkartan](https://litteraturbanken.se/litteraturkartan/?id=468) · [Source](https://litteraturbanken.se/författare/Anonym/titlar/SällskapetSmåfoglarnas1/sida/42a/faksimil)
534,469,"Klippan, Göteborg",57.69161420968061,11.909759044647219,Verk,🔵,En son på galejan,,WallenbergJ,1781,1781,published,published,[Litteraturkartan](https://litteraturbanken.se/litteraturkartan/?id=469) · [Source](https://litteraturbanken.se/författare/WallenbergJ/titlar/SamladeSkrifter2/sida/15/faksimil)
623,469,"Klippan, Göteborg",57.69161420968061,11.909759044647219,Verk,🔵,Från Klippan till Bergwerket,Dick Claésson,HoffmannETA,1829,1829,published,published,[Litteraturkartan](https://litteraturbanken.se/litteraturkartan/?id=469) · [Source](https://litteraturbanken.se/författare/HoffmannETA/titlar/HoffmannETA/sida/225/faksimil)
535,470,"Kronhuset, Göteborg",57.70779853957924,11.964004039764406,Plats,🟢,En ostyrig vådeld,Dick Claésson,KruseW,1721,1721,published,published,[Litteraturkartan](https://litteraturbanken.se/litteraturkartan/?id=470) · [Source](https://litteraturbanken.se/författare/KruseW/titlar/EldsBrefOmGötheborgzOlycka/sida/I/faksimil)
537,471,Kungslena,58.2272911731572,13.805576562881472,Verk,🔵,En mytisk handskrift,Dick Claésson,Anonym,1290,1290,published,published,[Litteraturkartan](https://litteraturbanken.se/litteraturkartan/?id=471) · [Source](https://litteraturbanken.se/författare/Anonym/titlar/ÄldreVästgötalagenI/sida/3/faksimil)
760,471,Kungslena,58.2272911731572,13.805576562881472,Resa,🟠,Bengtsson i kyrkan,,,,,published,published,[Litteraturkartan](https://litteraturbanken.se/litteraturkartan/?id=471)
538,472,"Östra kyrkogården, Göteborg",57.71617738024274,12.007691860198976,Plats,🟢,En viloplats,,,,,published,published,[Litteraturkartan](https://litteraturbanken.se/litteraturkartan/?id=472)
543,473,Vara,58.262338923898135,12.95466184616089,Verk,🔵,Roman med Vara i blickfånget,,AnderssonErik,2008,2008,published,published,[Litteraturkartan](https://litteraturbanken.se/litteraturkartan/?id=473)
544,474,Färgelanda kyrka,58.57314757070687,11.990675926208498,Person,🟣,Ferlin och Färgelanda,Dick Claésson,FerlinN,1933,1933,published,published,[Litteraturkartan](https://litteraturbanken.se/litteraturkartan/?id=474) · [Source](https://litteraturbanken.se/författare/FerlinN/titlar/Barfotabarn/sida/42/etext)
547,475,"Knappekulla, Lerum",57.77605077913043,12.277178764343263,Person,🟣,Att bli Claque,Dick Claésson,WärnlöfAL,1911,1987,published,published,[Litteraturkartan](https://litteraturbanken.se/litteraturkartan/?id=475) · [Source](https://litteraturbanken.se/författare/WärnlöfAL/titlar/OmNiBehagar/sida/71/etext)
548,476,"Viktor Rydbergsgatan, Göteborg",57.69561653418395,11.976578235626222,Verk,🔵,Välsignat vare havet,,GerhardK,1961,1961,published,published,[Litteraturkartan](https://litteraturbanken.se/litteraturkartan/?id=476) · [Source](https://litteraturbanken.se/författare/GerhardK/titlar/KarlGerhardsBästa/sida/I/faksimil)
1040,476,"Viktor Rydbergsgatan, Göteborg",57.69561653418395,11.976578235626222,Person,🟣,Göteborgaren Rydberg,David Anthin,RydbergV,1859,1859,published,published,[Litteraturkartan](https://litteraturbanken.se/litteraturkartan/?id=476) · [Source](https://litteraturbanken.se/författare/RydbergV/titlar/DenSisteAthenaren/sida/I/etext)
549,477,Stampens kyrkogård,57.70998799972889,11.990268230438234,Person,🟣,Göteborgs Bellman,Dick Claésson,WadmanJA,1777,1837,published,published,[Litteraturkartan](https://litteraturbanken.se/litteraturkartan/?id=477) · [Source](https://litteraturbanken.se/författare/WadmanJA/titlar/SamladeSkrifter1/sida/I.I/faksimil)
551,478,Dalaborg,58.60332042147071,12.604783773422243,Verk,🔵,Erikskrönikan om Dalaborg,Lilian Perme,Anonym,1450,1450,published,published,[Litteraturkartan](https://litteraturbanken.se/litteraturkartan/?id=478) · [Source](https://litteraturbanken.se/författare/Anonym/titlar/Erikskrönikan/sida/104/etext)
552,479,Jämshög,56.2412875,14.5319796,Plats,🟢,Jämshög hos Litteraturbanken,,,,,published,published,[Litteraturkartan](https://litteraturbanken.se/litteraturkartan/?id=479)
556,483,Kristianopel,56.25628453533608,16.042442321777347,Plats,🟢,Kristianopel hos Litteraturbanken,,,,,published,published,[Litteraturkartan](https://litteraturbanken.se/litteraturkartan/?id=483)
557,484,Mörrum,56.19386006887055,14.748287200927736,Plats,🟢,Mörrum hos Litteraturbanken,,,,,published,published,[Litteraturkartan](https://litteraturbanken.se/litteraturkartan/?id=484)
594,484,Mörrum,56.19386006887055,14.748287200927736,Person,🟣,Född svensk men stupade för Danmark,Irmeli Romo,SommeliusGL,1811,1848,published,published,[Litteraturkartan](https://litteraturbanken.se/litteraturkartan/?id=484) · [Source](https://litteraturbanken.se/f%C3%B6rfattare/Anonym/titlar/Nordstjernan/sida/609/faksimil)
675,484,Mörrum,56.19386006887055,14.748287200927736,Resa,🟠,Det dumma ordet Blekinge,,AlmqvistCJL,1840,1840,published,published,[Litteraturkartan](https://litteraturbanken.se/litteraturkartan/?id=484) · [Source](https://litteraturbanken.se/författare/AlmqvistCJL/titlar/SamladeVerk23/sida/284/etext)
558,485,Sölvesborg,56.0525086645986,14.586925506591799,Plats,🟢,Sölvesborg hos Litteraturbanken,,,,,published,published,[Litteraturkartan](https://litteraturbanken.se/litteraturkartan/?id=485)
559,486,Brömsebro,56.30020572213472,15.999827384948732,Plats,🟢,Brömsebro hos Litteraturbanken,,,,,published,published,[Litteraturkartan](https://litteraturbanken.se/litteraturkartan/?id=486)
560,487,Rödeby,56.261588250488536,15.619168281555178,Plats,🟢,Rödeby hos Litteraturbanken,,,,,published,published,[Litteraturkartan](https://litteraturbanken.se/litteraturkartan/?id=487)
561,488,Asarum,56.20329049812969,14.835190773010256,Plats,🟢,Asarum hos Litteraturbanken,,,,,published,published,[Litteraturkartan](https://litteraturbanken.se/litteraturkartan/?id=488)
676,488,Asarum,56.20329049812969,14.835190773010256,Resa,🟠,Der går icke fattigt till,,AlmqvistCJL,1840,1840,published,published,[Litteraturkartan](https://litteraturbanken.se/litteraturkartan/?id=488) · [Source](https://litteraturbanken.se/författare/AlmqvistCJL/titlar/SamladeVerk23/sida/284/etext)
710,488,Asarum,56.20329049812969,14.835190773010256,Person,🟣,Inbjudan till Asarum,Dick Claésson,FlygareCarlénE,1878,1878,published,published,[Litteraturkartan](https://litteraturbanken.se/litteraturkartan/?id=488) · [Source](https://litteraturbanken.se/författare/FlygareCarlénE/titlar/MinnenSenareDelen/sida/110/etext)
562,489,Johannishus,56.24441108440075,15.41510581970215,Plats,🟢,Johannishus hos Litteraturbanken,,,,,published,published,[Litteraturkartan](https://litteraturbanken.se/litteraturkartan/?id=489)
563,502,Karlskrona: Fredrikskyrkan,56.161131432419396,15.588009595412588,Verk,🔵,Nils och Långläppen,Irmeli Romo,LagerlöfS,1907,1907,published,published,[Litteraturkartan](https://litteraturbanken.se/litteraturkartan/?id=502) · [Source](https://litteraturbanken.se/f%C3%B6rfattare/Lagerl%C3%B6fS/titlar/NilsHolgersson1/sida/112/etext)
564,503,Stumholmen: Kronohäktet,56.16041768095883,15.598088263941467,Resa,🟠,Dåligt uppförande,Irmeli Romo,MartinsonH,1919,1919,published,published,[Litteraturkartan](https://litteraturbanken.se/litteraturkartan/?id=503)
565,504,Listerby: Björketorpstenen,56.20231493699661,15.38015770918719,Plats,🟢,Död och fördärv för den som rör stenen,Irmeli Romo,JanssonSBF,,,published,published,[Litteraturkartan](https://litteraturbanken.se/litteraturkartan/?id=504) · [Source](https://litteraturbanken.se/f%C3%B6rfattare/JanssonSBF/titlar/RunesInSweden/sida/23/faksimil)
566,505,Torhamn: Horsahallen,56.11836350395646,15.835422992640817,Plats,🟢,Magiska hästar,Irmeli Romo,,,,published,published,[Litteraturkartan](https://litteraturbanken.se/litteraturkartan/?id=505)
567,506,Augerum,56.218101838073984,15.67882919101976,Verk,🔵,Medicinalväxter i Augerum,Irmeli Romo,,1678,1764,published,published,[Litteraturkartan](https://litteraturbanken.se/litteraturkartan/?id=506)
568,507,Jämjö: Jändelstugan,56.203112594987005,15.854634047864241,Person,🟣,Född i nöd,Irmeli Romo,JändelR,1895,1939,published,published,[Litteraturkartan](https://litteraturbanken.se/litteraturkartan/?id=507) · [Source](https://litteraturbanken.se/f%C3%B6rfattare/J%C3%A4ndelR/titlar/TillK%C3%A4rlekenOchHatet/sida/1/etext)
569,508,Karlshamn: Utvandrarmonumentet,56.16466928008039,14.869469405530255,Verk,🔵,Är vårat skepp så litet?,Irmeli Romo,,,,published,published,[Litteraturkartan](https://litteraturbanken.se/litteraturkartan/?id=508)
570,509,Vedeby gård,56.20481167709142,15.63781285215555,Person,🟣,Stilla leverne i Vedeby,Irmeli Romo,EhrensvärdCA,1745,1800,published,published,[Litteraturkartan](https://litteraturbanken.se/litteraturkartan/?id=509) · [Source](https://litteraturbanken.se/f%C3%B6rfattare/Ehrensv%C3%A4rdCA/titlar/Skrifter1/sida/349/faksimil)
572,512,Lösens prästgård,56.20027540642449,15.686191320419313,Person,🟣,Från förfalskare till författare,Irmeli Romo,SernerG,1886,1947,published,published,[Litteraturkartan](https://litteraturbanken.se/litteraturkartan/?id=512) · [Source](https://litteraturbanken.se/f%C3%B6rfattare/SernerG/titlar/HerrCollinsAff%C3%A4rerILondon/sida/1/faksimil)
554,513,Karlskrona: Stortorget,56.16105209843398,15.58631014850107,Plats,🟢,Karlskrona hos Litteraturbanken,,,,,published,published,[Litteraturkartan](https://litteraturbanken.se/litteraturkartan/?id=513)
573,513,Karlskrona: Stortorget,56.16105209843398,15.58631014850107,Plats,🟢,"Ser du, grönskande arkipelagen",Irmeli Romo,TegnérE,,,published,published,[Litteraturkartan](https://litteraturbanken.se/litteraturkartan/?id=513)
614,513,Karlskrona: Stortorget,56.16105209843398,15.58631014850107,Person,🟣,Här är djävulstyg i grannskapet,Irmeli Romo,SparreP,1790,1871,published,published,[Litteraturkartan](https://litteraturbanken.se/litteraturkartan/?id=513) · [Source](https://litteraturbanken.se/f%C3%B6rfattare/SparreP/titlar/Standaret1/sida/5/faksimil)
672,513,Karlskrona: Stortorget,56.16105209843398,15.58631014850107,Person,🟣,Swedenborgs hemkomst,Dick Claésson,SwedenborgE,,,published,published,[Litteraturkartan](https://litteraturbanken.se/litteraturkartan/?id=513)
696,513,Karlskrona: Stortorget,56.16105209843398,15.58631014850107,Verk,🔵,Landsbygdens skräck,,ZetterströmH,1937,1937,published,published,[Litteraturkartan](https://litteraturbanken.se/litteraturkartan/?id=513) · [Source](https://litteraturbanken.se/författare/ZetterströmH/titlar/EttTjusigtPanoptikon/sida/82/faksimil)
734,513,Karlskrona: Stortorget,56.16105209843398,15.58631014850107,Plats,🟢,Jane Austen hade koll,Paulina Helgeson,AustenJ,1813,1813,published,published,[Litteraturkartan](https://litteraturbanken.se/litteraturkartan/?id=513)
574,514,Kristianopel: Gästgiveri,56.259082055535714,16.041019679032615,Verk,🔵,Det är oroligt i världen,Irmeli Romo,SaljeSE,1960,1960,published,published,[Litteraturkartan](https://litteraturbanken.se/litteraturkartan/?id=514)
555,515,Ronneby,56.21135894126996,15.277843236071933,Plats,🟢,Ronneby hos Litteraturbanken,,,,,published,published,[Litteraturkartan](https://litteraturbanken.se/litteraturkartan/?id=515)
575,515,Ronneby,56.21135894126996,15.277843236071933,Person,🟣,Bekymra dig inte för livet,Irmeli Romo,SpegelH,1645,1714,published,published,[Litteraturkartan](https://litteraturbanken.se/litteraturkartan/?id=515) · [Source](https://litteraturbanken.se/f%C3%B6rfattare/SpegelH/titlar/GudzWerkOchHwila/sida/III/faksimil)
680,515,Ronneby,56.21135894126996,15.277843236071933,Resa,🟠,En rutten by,,AlmqvistCJL,1840,1840,published,published,[Litteraturkartan](https://litteraturbanken.se/litteraturkartan/?id=515) · [Source](https://litteraturbanken.se/författare/AlmqvistCJL/titlar/SamladeVerk23/sida/287/etext)
712,515,Ronneby,56.21135894126996,15.277843236071933,Verk,🔵,Hämndgiriga men prydliga,Dick Claésson,StrussenfeltU,1850,1850,published,published,[Litteraturkartan](https://litteraturbanken.se/litteraturkartan/?id=515) · [Source](https://litteraturbanken.se/författare/StrussenfeltU/titlar/EnMonomanie/sida/85/faksimil)
576,517,Drottningskärs kastell,56.11041120501015,15.564395428882566,Person,🟣,"Utsupet, sa Wadman",Irmeli Romo,WadmanJA,1777,1837,published,published,[Litteraturkartan](https://litteraturbanken.se/litteraturkartan/?id=517) · [Source](https://litteraturbanken.se/f%C3%B6rfattare/WadmanJA/titlar/SamladeSkrifter1/sida/I.I/faksimil)
578,520,Ronneby: flickskolan,56.21205524165358,15.280926704799644,Person,🟣,En publikens gunstling,Irmeli Romo,WettergrundJ,1830,1903,published,published,[Litteraturkartan](https://litteraturbanken.se/litteraturkartan/?id=520) · [Source](https://litteraturbanken.se/f%C3%B6rfattare/WettergrundJ/titlar/Sm%C3%A5bitar1/sida/5/faksimil)
579,522,Mörrums kyrka,56.193238128135484,14.750306368987367,Verk,🔵,O kärlek! jords och himmels under,Irmeli Romo,EdelfeltJC,1841,1841,published,published,[Litteraturkartan](https://litteraturbanken.se/litteraturkartan/?id=522) · [Source](https://litteraturbanken.se/författare/EdelfeltJC/titlar/BrudparenIMörrumsKyrka/sida/1/faksimil)
667,522,Mörrums kyrka,56.193238128135484,14.750306368987367,Verk,🔵,Minnen förbränns till glömskans aska,Irmeli Romo,FagerlundGW,1866,1866,published,published,[Litteraturkartan](https://litteraturbanken.se/litteraturkartan/?id=522) · [Source](https://litteraturbanken.se/f%C3%B6rfattare/FagerlundGW/titlar/MinnenUrHistorien/sida/3/faksimil)
582,525,Hasslö,56.11230611149486,15.468955993455895,Person,🟣,Vet hut! Vet sjudubbelt hut!,Irmeli Romo,MånssonF,1872,1938,published,published,[Litteraturkartan](https://litteraturbanken.se/litteraturkartan/?id=525) · [Source](https://litteraturbanken.se/f%C3%B6rfattare/M%C3%A5nssonF/titlar/R%C3%A4ttf%C3%A4rdigg%C3%B6relsen1/sida/1/etext)
583,526,Listerlandet,56.00650306065643,14.678832991048695,Verk,🔵,Ett in i vassen vasstungat släkte,Irmeli Romo,,1894,1954,published,published,[Litteraturkartan](https://litteraturbanken.se/litteraturkartan/?id=526)
584,527,Bräkne Hoby,56.22578614057219,15.117689609396622,Person,🟣,Är vi bara roller i livets teater?,Irmeli Romo,,1865,1961,published,published,[Litteraturkartan](https://litteraturbanken.se/litteraturkartan/?id=527)
664,527,Bräkne Hoby,56.22578614057219,15.117689609396622,Person,🟣,Rannsakningens dröm,Irmeli Romo,,1891,1972,published,published,[Litteraturkartan](https://litteraturbanken.se/litteraturkartan/?id=527)
679,527,Bräkne Hoby,56.22578614057219,15.117689609396622,Resa,🟠,Blekinge är för täckt!,,AlmqvistCJL,1840,1840,published,published,[Litteraturkartan](https://litteraturbanken.se/litteraturkartan/?id=527) · [Source](https://litteraturbanken.se/författare/AlmqvistCJL/titlar/SamladeVerk23/sida/287/etext)
585,528,Karlskrona: Ronnebygatan 1,56.161871035680235,15.595483302022332,Person,🟣,Från dekadent poet till frälst predikant,Irmeli Romo,LidmanSv,1882,1960,published,published,[Litteraturkartan](https://litteraturbanken.se/litteraturkartan/?id=528) · [Source](https://litteraturbanken.se/f%C3%B6rfattare/LidmanSv/titlar/Stensborg/sida/1/faksimil)
586,529,Utklippan,55.95359722064974,15.705230478197338,Verk,🔵,En krona av snö och is,Irmeli Romo,,1879,1939,published,published,[Litteraturkartan](https://litteraturbanken.se/litteraturkartan/?id=529)
587,530,Verkö,56.174233883023895,15.640600205515511,Verk,🔵,Ett lustigt slåtteröl,Irmeli Romo,,1839,1710,published,published,[Litteraturkartan](https://litteraturbanken.se/litteraturkartan/?id=530)
588,531,Karlskrona: Ronnebygatan 40,56.162117207350526,15.58689594268799,Verk,🔵,Blott i minnet lever det än,Irmeli Romo,,1848,1928,published,published,[Litteraturkartan](https://litteraturbanken.se/litteraturkartan/?id=531)
589,532,Karlshamn: Drottninggatan 34,56.16767288564621,14.864182233777687,Person,🟣,Med perfekt gehör för barns musik,Irmeli Romo,TegnérA,1864,1943,published,published,[Litteraturkartan](https://litteraturbanken.se/litteraturkartan/?id=532) · [Source](https://litteraturbanken.se/f%C3%B6rfattare/Tegn%C3%A9rA/titlar/Sm%C3%A5j%C3%A4ntornaOchAndraVisor/sida/i/faksimil)
590,533,Vallshålet,56.157811507142206,15.583546399775518,Plats,🟢,Kungen som fastnade i murens vallshål,Irmeli Romo,,,,published,published,[Litteraturkartan](https://litteraturbanken.se/litteraturkartan/?id=533)
591,534,Listerby,56.19209581034745,15.398607015413292,Person,🟣,Havets hjältar och havets arbetare,Irmeli Romo,TrolleH,1829,1886,published,published,[Litteraturkartan](https://litteraturbanken.se/litteraturkartan/?id=534) · [Source](https://litteraturbanken.se/f%C3%B6rfattare/TrolleH/titlar/Fr%C3%A5nLandOchHaf/sida/5/faksimil)
592,535,Ronneby Brunn,56.1977715572222,15.28575897216797,Plats,🟢,Bleka kinder får skära rosor,Irmeli Romo,AxelsonM,1823,1884,published,published,[Litteraturkartan](https://litteraturbanken.se/litteraturkartan/?id=535) · [Source](https://litteraturbanken.se/f%C3%B6rfattare/AxelsonM/titlar/Dikter/sida/5/faksimil)
730,535,Ronneby Brunn,56.1977715572222,15.28575897216797,Resa,🟠,Ett behagligt mörker,,LinnerhielmJC,1796,1796,published,published,[Litteraturkartan](https://litteraturbanken.se/litteraturkartan/?id=535) · [Source](https://litteraturbanken.se/författare/LinnerhielmJC/titlar/BrefUnderResor/sida/119/faksimil)
593,536,Karlshamn: Tekniska skolan,56.17200997338418,14.862918375874871,Person,🟣,En Båge av prosa och poesi,Irmeli Romo,,1887,1947,published,published,[Litteraturkartan](https://litteraturbanken.se/litteraturkartan/?id=536)
595,539,Alnaryd,56.34244121132174,15.429853677651412,Verk,🔵,Jag har sett Blekinges sköna vår,Irmeli Romo,LindebladA,1800,1848,published,published,[Litteraturkartan](https://litteraturbanken.se/litteraturkartan/?id=539) · [Source](https://litteraturbanken.se/f%C3%B6rfattare/LindebladA/titlar/NyaWittraSkrifter/sida/5/faksimil)
596,540,En förfallen stuga i Blekinge,56.105431954273904,14.631407261549613,Plats,🟢,Körsbärsträdet i stugan,Irmeli Romo,NordströmL,1938,1938,published,published,[Litteraturkartan](https://litteraturbanken.se/litteraturkartan/?id=540) · [Source](https://litteraturbanken.se/f%C3%B6rfattare/Nordstr%C3%B6mL/titlar/LortSverige/sida/3/etext)
597,541,Djupadal,56.23388995550203,15.274135350857707,Plats,🟢,En poetisk stjärna sjöng om Djupadal,Irmeli Romo,NicanderKA,1799,1839,published,published,[Litteraturkartan](https://litteraturbanken.se/litteraturkartan/?id=541) · [Source](https://litteraturbanken.se/f%C3%B6rfattare/NicanderKA/titlar/Runor/sida/III/faksimil)
661,541,Djupadal,56.23388995550203,15.274135350857707,Plats,🟢,Djupadal hos Litteraturbanken,,,,,published,published,[Litteraturkartan](https://litteraturbanken.se/litteraturkartan/?id=541)
599,542,Hanö,56.009386007971024,14.847664117878596,Plats,🟢,Verskonst av naturens rikedom,Irmeli Romo,GellerstedtAT,1836,1914,published,published,[Litteraturkartan](https://litteraturbanken.se/litteraturkartan/?id=542) · [Source](https://litteraturbanken.se/f%C3%B6rfattare/GellerstedtAT/titlar/Dikter/sida/5/faksimil)
598,543,Tving,56.30834726289344,15.465919732851036,Verk,🔵,Rumpan hänger ute,Irmeli Romo,,1891,1972,published,published,[Litteraturkartan](https://litteraturbanken.se/litteraturkartan/?id=543)
650,543,Tving,56.30834726289344,15.465919732851036,Verk,🔵,Att vaka över liken,,HagbergL,,,published,published,[Litteraturkartan](https://litteraturbanken.se/litteraturkartan/?id=543) · [Source](https://litteraturbanken.se/författare/HagbergL/titlar/NärDödenGästar/sida/246/faksimil)
553,547,Karlshamn: Stortorget,56.169858818942416,14.862716674215338,Plats,🟢,Karlshamn hos Litteraturbanken,,,,,published,published,[Litteraturkartan](https://litteraturbanken.se/litteraturkartan/?id=547)
581,547,Karlshamn: Stortorget,56.169858818942416,14.862716674215338,Verk,🔵,Ingenting i världen saknar sin märkvärdighet,Irmeli Romo,AlmqvistCJL,1840,1840,published,published,[Litteraturkartan](https://litteraturbanken.se/litteraturkartan/?id=547) · [Source](https://litteraturbanken.se/f%C3%B6rfattare/AlmqvistCJL/titlar/SamladeVerk23/sida/3/etext)
601,547,Karlshamn: Stortorget,56.169858818942416,14.862716674215338,Verk,🔵,Mot Mecka med rimfrost i skägget,Irmeli Romo,,1716,1716,published,published,[Litteraturkartan](https://litteraturbanken.se/litteraturkartan/?id=547)
627,547,Karlshamn: Stortorget,56.169858818942416,14.862716674215338,Person,🟣,Ett samlat mäktigt rop,Irmeli Romo,KlemanE,1867,1943,published,published,[Litteraturkartan](https://litteraturbanken.se/litteraturkartan/?id=547) · [Source](https://litteraturbanken.se/f%C3%B6rfattare/KlemanE/titlar/SvenskaKvinnorsMedborgars%C3%A5ng/sida/1/etext)
657,547,Karlshamn: Stortorget,56.169858818942416,14.862716674215338,Resa,🟠,En magisk balsam,,TörnerosA,,,published,published,[Litteraturkartan](https://litteraturbanken.se/litteraturkartan/?id=547) · [Source](https://lb.se/författare/TörnerosA/titlar/BrevOchDagbok2/sida/238/faksimil)
671,547,Karlshamn: Stortorget,56.169858818942416,14.862716674215338,Verk,🔵,Bodekulla i ordboken,Dick Claésson,AlmqvistCJL,1842,1842,published,published,[Litteraturkartan](https://litteraturbanken.se/litteraturkartan/?id=547) · [Source](https://litteraturbanken.se/författare/AlmqvistCJL/titlar/SamladeVerk17/sida/446/faksimil)
678,547,Karlshamn: Stortorget,56.169858818942416,14.862716674215338,Resa,🟠,Naiva åkrar,,AlmqvistCJL,1840,1840,published,published,[Litteraturkartan](https://litteraturbanken.se/litteraturkartan/?id=547) · [Source](https://litteraturbanken.se/författare/AlmqvistCJL/titlar/SamladeVerk23/sida/286/etext)
603,549,Gröna gången,56.156855762733194,15.581686019831979,Person,🟣,Den svenska barnbokens pionjär,Irmeli Romo,AdelborgO,1855,1936,published,published,[Litteraturkartan](https://litteraturbanken.se/litteraturkartan/?id=549) · [Source](https://litteraturbanken.se/f%C3%B6rfattare/AdelborgO/titlar/PelleSnygg/sida/1/faksimil)
605,550,Karlshamn: Drottninggatan,56.17269281150962,14.860547303433126,Person,🟣,Blott en dag ett ögonblick i sänder,Irmeli Romo,,1813,1882,published,published,[Litteraturkartan](https://litteraturbanken.se/litteraturkartan/?id=550)
677,550,Karlshamn: Drottninggatan,56.17269281150962,14.860547303433126,Resa,🟠,Hoppsan!,,AlmqvistCJL,1840,1840,published,published,[Litteraturkartan](https://litteraturbanken.se/litteraturkartan/?id=550) · [Source](https://litteraturbanken.se/författare/AlmqvistCJL/titlar/SamladeVerk23/sida/285/etext)
606,551,Kungsholms fästning,56.108294898352646,15.586511850160607,Plats,🟢,Fem skott till avsked,Irmeli Romo,,1926,2011,published,published,[Litteraturkartan](https://litteraturbanken.se/litteraturkartan/?id=551)
607,552,Knösö,56.16451738224358,15.668495178288142,Person,🟣,En nyansernas och gemenernas man,Irmeli Romo,ForssH,1911,1996,published,published,[Litteraturkartan](https://litteraturbanken.se/litteraturkartan/?id=552) · [Source](https://litteraturbanken.se/f%C3%B6rfattare/ForssH/titlar/Jag%C3%84rNyansernas%C3%84lskare/sida/9/etext)
609,555,Bräkne-Hoby folkhögskola,56.16399049099125,15.565178633587495,Person,🟣,Poet Senior,Irmeli Romo,,1972,1972,published,published,[Litteraturkartan](https://litteraturbanken.se/litteraturkartan/?id=555)
610,557,Karlshamn: Lagerblads tryckeri,56.17030599726539,14.864124296982483,Person,🟣,Sierskan från Karlshamn,Irmeli Romo,,1902,1979,published,published,[Litteraturkartan](https://litteraturbanken.se/litteraturkartan/?id=557)
689,558,Mitt i Blekinge (ungefär),56.3445105356117,15.203361511230469,Person,🟣,Blekinges apostel,Dick Claésson,AdamBremen,1095,1095,published,published,[Litteraturkartan](https://litteraturbanken.se/litteraturkartan/?id=558) · [Source](https://litteraturbanken.se/författare/AdamBremen/titlar/AdamAvBremenHistorien/sida/208/faksimil)
690,558,Mitt i Blekinge (ungefär),56.3445105356117,15.203361511230469,Verk,🔵,Läsebok för folkskolan,Dick Claésson,Anonym,1868,1868,published,published,[Litteraturkartan](https://litteraturbanken.se/litteraturkartan/?id=558) · [Source](https://litteraturbanken.se/författare/Anonym/titlar/LäsebokFörFolkskolan1868/sida/220/faksimil)
700,558,Mitt i Blekinge (ungefär),56.3445105356117,15.203361511230469,Verk,🔵,Vackra Blekinge!,Dick Claésson,BremerF,1848,1848,published,published,[Litteraturkartan](https://litteraturbanken.se/litteraturkartan/?id=558) · [Source](https://litteraturbanken.se/författare/BremerF/titlar/Midsommarresan/sida/14/faksimil)
703,558,Mitt i Blekinge (ungefär),56.3445105356117,15.203361511230469,Verk,🔵,En glänsande smaragd,,NicanderKA,1831,1831,published,published,[Litteraturkartan](https://litteraturbanken.se/litteraturkartan/?id=558) · [Source](https://litteraturbanken.se/författare/NicanderKA/titlar/MinnenFrånSödern1/sida/11/faksimil)
704,558,Mitt i Blekinge (ungefär),56.3445105356117,15.203361511230469,Verk,🔵,Blekingskt glitter smälter snö  i norr,Irmeli Romo,FrödingG,1887,1887,published,published,[Litteraturkartan](https://litteraturbanken.se/litteraturkartan/?id=558)
616,561,Karlskrona: Vallgatan,56.15841751866126,15.58913183238474,Person,🟣,Drömmen om att förena kärlek och konstnärskap,Irmeli Romo,AméenE,1852,1913,published,published,[Litteraturkartan](https://litteraturbanken.se/litteraturkartan/?id=561) · [Source](https://litteraturbanken.se/f%C3%B6rfattare/KerfstedtA/titlar/Synd/sida/107/etext)
617,562,Karlskrona: Hantverkaregatan 7,56.16063217165257,15.583580732345583,Person,🟣,En reformvänlig redaktör i tidens anda,Irmeli Romo,,,,published,published,[Litteraturkartan](https://litteraturbanken.se/litteraturkartan/?id=562)
618,563,Pukavik,56.16447278256733,14.682128870626913,Person,🟣,Det är grannare här än i Söderhavet,Irmeli Romo,,,,published,published,[Litteraturkartan](https://litteraturbanken.se/litteraturkartan/?id=563)
612,565,Kyrkhult,56.35574068535468,14.588449001312258,Plats,🟢,Kyrkhult hos Litteraturbanken,,,,,published,published,[Litteraturkartan](https://litteraturbanken.se/litteraturkartan/?id=565)
613,565,Kyrkhult,56.35574068535468,14.588449001312258,Plats,🟢,Döden varslar i Kyrkhult,,HagbergL,1937,1937,published,published,[Litteraturkartan](https://litteraturbanken.se/litteraturkartan/?id=565) · [Source](https://litteraturbanken.se/f%C3%B6rfattare/HagbergL/titlar/N%C3%A4rD%C3%B6denG%C3%A4star/sida/37/faksimil)
611,566,Olofström,56.277226950037544,14.5224666595459,Plats,🟢,Olofström hos Litteraturbanken,,,,,published,published,[Litteraturkartan](https://litteraturbanken.se/litteraturkartan/?id=566)
620,567,Jämshögs kyrkogård,56.239622064576196,14.532950877946861,Person,🟣,Verklighetens Olle Montanus,Irmeli Romo,,1842,1894,published,published,[Litteraturkartan](https://litteraturbanken.se/litteraturkartan/?id=567) · [Source](https://litteraturbanken.se/f%C3%B6rfattare/StrindbergA/titlar/R%C3%B6daRummet/sida/233/etext)
621,568,Elleholm,56.16261457427332,14.749939441353492,Person,🟣,Bokars glada grönska,Irmeli Romo,LinnerhielmJC,1797,1797,published,published,[Litteraturkartan](https://litteraturbanken.se/litteraturkartan/?id=568) · [Source](https://litteraturbanken.se/f%C3%B6rfattare/LinnerhielmJC/titlar/BrefUnderResor/sida/101/faksimil)
622,569,Karlskrona båtbrygga,56.162610007786206,15.579471588134767,Person,🟣,Poeten och skärgårdsbåten Axel,Irmeli Romo,,1919,1994,published,published,[Litteraturkartan](https://litteraturbanken.se/litteraturkartan/?id=569)
624,570,Vassända kyrkoruin,58.35198269020277,12.31117844581604,Person,🟣,En diktares grav,Dick Claésson,KruseW,1721,1721,published,published,[Litteraturkartan](https://litteraturbanken.se/litteraturkartan/?id=570) · [Source](https://litteraturbanken.se/författare/KruseW/titlar/EldsBrefOmGötheborgzOlycka/sida/I/faksimil)
571,571,Karlskrona: Amiralitetskyrkan,56.156922141775446,15.590492248993543,Person,🟣,Den sörjande turturduvan,Irmeli Romo,NordenflychtHC,1718,1763,published,published,[Litteraturkartan](https://litteraturbanken.se/litteraturkartan/?id=571) · [Source](https://litteraturbanken.se/f%C3%B6rfattare/NordenflychtHC/titlar/DenS%C3%B6rgandeTurturDufwan/sida/1/faksimil)
625,571,Karlskrona: Amiralitetskyrkan,56.156922141775446,15.590492248993543,Person,🟣,"Det var tjo, hopp och hej!",Irmeli Romo,,1813,1882,published,published,[Litteraturkartan](https://litteraturbanken.se/litteraturkartan/?id=571)
626,572,Stubbatorpet,56.35814368974197,14.413309336559907,Person,🟣,Min sång ska ljuda om detta land,Irmeli Romo,,1878,1956,published,published,[Litteraturkartan](https://litteraturbanken.se/litteraturkartan/?id=572)
629,575,Jämshög: Hantverkargatan,56.23727703442341,14.531556129259117,Person,🟣,Jag har sett figurerna framför mig,Irmeli Romo,SaljeSE,1914,1998,published,published,[Litteraturkartan](https://litteraturbanken.se/litteraturkartan/?id=575) · [Source](https://litteraturbanken.se/f%C3%B6rfattare/SaljeSE/titlar/VingslagINatten/sida/5/etext)
630,576,Karlskrona: Björkholmen,56.162007476801016,15.5722167487329,Person,🟣,En fågel från en Swahn,Irmeli Romo,,,,published,published,[Litteraturkartan](https://litteraturbanken.se/litteraturkartan/?id=576)
631,578,Karlshamn: Winbergska fastigheten,56.17422450796031,14.858957289798129,Verk,🔵,"Jag blev kär, alldeles förträffligt kär",Irmeli Romo,AhnfeltPG,1803,1863,published,published,[Litteraturkartan](https://litteraturbanken.se/litteraturkartan/?id=578) · [Source](https://litteraturbanken.se/f%C3%B6rfattare/AhnfeltPG/titlar/Biskopsvalet/sida/3/faksimil)
632,579,Karlskrona Wämö,56.17919487845955,15.612469199659246,Verk,🔵,"Blid, blomstrande och ljus",Irmeli Romo,,1841,1908,published,published,[Litteraturkartan](https://litteraturbanken.se/litteraturkartan/?id=579)
633,580,Älmtamåla,56.480325540840916,15.537378073786389,Person,🟣,Sommarvandring i Blekinge,Irmeli Romo,WigströmE,1832,1901,published,published,[Litteraturkartan](https://litteraturbanken.se/litteraturkartan/?id=580)
634,581,Sölvesborg slott,56.05607455272887,14.595051526630415,Plats,🟢,Undersköna dal och grönklädda sal,Irmeli Romo,SätherbergH,1812,1897,published,published,[Litteraturkartan](https://litteraturbanken.se/litteraturkartan/?id=581) · [Source](https://litteraturbanken.se/f%C3%B6rfattare/S%C3%A4therbergH/titlar/Dikter%C3%84ldreOchNyare1/sida/5/faksimil)
635,582,Sölvesborg: S:t Nicolai kyrka,56.053138530165356,14.584786175437332,Verk,🔵,Härulv reste stenen,Irmeli Romo,,650,650,published,published,[Litteraturkartan](https://litteraturbanken.se/litteraturkartan/?id=582)
636,583,Istaby,56.02158636548913,14.648180723124826,Verk,🔵,Hådulv skrev dessa runor,Irmeli Romo,,625,625,published,published,[Litteraturkartan](https://litteraturbanken.se/litteraturkartan/?id=583)
637,584,Ronneby folkhögskola,56.20618072121034,15.280677796326929,Person,🟣,Tänkande hästar,Irmeli Romo,,1840,1931,published,published,[Litteraturkartan](https://litteraturbanken.se/litteraturkartan/?id=584)
638,585,Karlskrona Blekingeflickan,56.163458658755445,15.58562135873217,Verk,🔵,Nog tämjer jag den karl’n,Irmeli Romo,BraunWvon,1813,1860,published,published,[Litteraturkartan](https://litteraturbanken.se/litteraturkartan/?id=585) · [Source](https://litteraturbanken.se/f%C3%B6rfattare/BraunWvon/titlar/HerrB%C3%B6rje/sida/50/faksimil)
639,586,Snappetorp,56.318756104021794,14.397797584533693,Resa,🟠,Född vid det sällsynta,Dick Claésson,MartinsonH,1904,1909,published,published,[Litteraturkartan](https://litteraturbanken.se/litteraturkartan/?id=586) · [Source](https://litteraturbanken.se/författare/MartinsonH/titlar/UrBLM/sida/III/faksimil)
640,587,Gillesnäs,56.29747924116308,14.446624517440798,Resa,🟠,En särskild stubbe,Dick Claésson,MartinsonH,1912,1912,published,published,[Litteraturkartan](https://litteraturbanken.se/litteraturkartan/?id=587) · [Source](https://litteraturbanken.se/författare/ErfurthS/titlar/HarryMartinson1/sida/103/faksimil)
641,588,Raslången,56.28367716790308,14.425907135009767,Resa,🟠,Bortvillad av trollen,Dick Claésson,MartinsonH,1912,1912,published,published,[Litteraturkartan](https://litteraturbanken.se/litteraturkartan/?id=588) · [Source](https://litteraturbanken.se/författare/ErfurthS/titlar/HarryMartinson1/sida/105/faksimil)
642,589,Alltidhults skola,56.26184447878699,14.454435110092165,Resa,🟠,Drömda perspektiv,Dick Claésson,MartinsonH,1913,1914,published,published,[Litteraturkartan](https://litteraturbanken.se/litteraturkartan/?id=589) · [Source](https://litteraturbanken.se/författare/ErfurthS/titlar/HarryMartinson1/sida/113/faksimil)
643,590,Näbbeboda folkskola,56.31534070143412,14.442687034606935,Resa,🟠,En väldig byggnad,Dick Claésson,MartinsonH,1914,1915,published,published,[Litteraturkartan](https://litteraturbanken.se/litteraturkartan/?id=590) · [Source](https://litteraturbanken.se/författare/MartinsonH/titlar/UrBLM/sida/LXVIII/faksimil)
644,591,Breanäs,56.277745151774695,14.304692745208742,Resa,🟠,Lilla världshavet,Dick Claésson,MartinsonH,1915,1916,published,published,[Litteraturkartan](https://litteraturbanken.se/litteraturkartan/?id=591) · [Source](https://litteraturbanken.se/författare/MartinsonH/titlar/UrJultidningar/sida/XII/faksimil)
645,592,Jämshög: ålderdomshemmet HM 7,56.23245642712308,14.527863264083864,Resa,🟠,Psalmsången,Dick Claésson,MartinsonH,1916,1918,published,published,[Litteraturkartan](https://litteraturbanken.se/litteraturkartan/?id=592) · [Source](https://litteraturbanken.se/författare/ErfurthS/titlar/HarryMartinson2/sida/91/faksimil)
646,593,Gillaruna,56.233076610828235,14.577226638793947,Resa,🟠,Att vilja ut,Dick Claésson,MartinsonH,1917,1917,published,published,[Litteraturkartan](https://litteraturbanken.se/litteraturkartan/?id=593) · [Source](https://litteraturbanken.se/författare/ErfurthS/titlar/HarryMartinson2/sida/32/faksimil)
647,594,Vitavatten,56.25210063698632,14.58641052246094,Resa,🟠,Att fly,Dick Claésson,MartinsonH,1917,1917,published,published,[Litteraturkartan](https://litteraturbanken.se/litteraturkartan/?id=594) · [Source](https://litteraturbanken.se/författare/ErfurthS/titlar/HarryMartinson2/sida/41/faksimil)
648,595,Karlskrona: Skeppsgossekasernen,56.15701143652874,15.584814548492433,Resa,🟠,Exercis och rymning,Dick Claésson,MartinsonH,1919,1919,published,published,[Litteraturkartan](https://litteraturbanken.se/litteraturkartan/?id=595) · [Source](https://litteraturbanken.se/författare/ErfurthS/titlar/HarryMartinson2/sida/104/faksimil)
649,596,Hovmansbygd,56.36787670471166,14.686274528503418,Verk,🔵,Akta min smörgås,,HagbergL,,,published,published,[Litteraturkartan](https://litteraturbanken.se/litteraturkartan/?id=596) · [Source](https://litteraturbanken.se/författare/HagbergL/titlar/NärDödenGästar/sida/84/faksimil)
651,597,Ryssberget,56.066190446431605,14.583621025085451,Resa,🟠,Den mest markerade gräns,,TörnerosA,,,published,published,[Litteraturkartan](https://litteraturbanken.se/litteraturkartan/?id=597) · [Source](https://lb.se/författare/TörnerosA/titlar/BrevOchDagbok1/sida/209/faksimil)
652,598,Brömsestenen,56.32077307113365,16.038547754287723,Resa,🟠,Minnets horizont,,TörnerösA,,,published,published,[Litteraturkartan](https://litteraturbanken.se/litteraturkartan/?id=598) · [Source](https://lb.se/författare/TörnerosA/titlar/BrevOchDagbok1/sida/211/faksimil)
653,599,Ebbamåla,56.44570010149689,15.023117065429688,Resa,🟠,En labyrinth af ek och bok,,TörnerosA,,,published,published,[Litteraturkartan](https://litteraturbanken.se/litteraturkartan/?id=599) · [Source](https://lb.se/författare/TörnerosA/titlar/BrevOchDagbok2/sida/236/faksimil)
654,600,Backaryd,56.346442903833044,15.153579711914064,Resa,🟠,Detta ogina lynne,,TörnerosA,,,published,published,[Litteraturkartan](https://litteraturbanken.se/litteraturkartan/?id=600) · [Source](https://lb.se/författare/TörnerosA/titlar/BrevOchDagbok2/sida/237/faksimil)
580,601,Djupafors,56.23574209378547,15.274965763092043,Verk,🔵,Surt sa räven,Irmeli Romo,LagerlöfS,1907,1907,published,published,[Litteraturkartan](https://litteraturbanken.se/litteraturkartan/?id=601) · [Source](https://litteraturbanken.se/f%C3%B6rfattare/Lagerl%C3%B6fS/titlar/NilsHolgersson1/sida/102/etext)
655,601,Djupafors,56.23574209378547,15.274965763092043,Resa,🟠,I lif och bråksam rörelse,,TörnerosA,,,published,published,[Litteraturkartan](https://litteraturbanken.se/litteraturkartan/?id=601) · [Source](https://lb.se/författare/TörnerosA/titlar/BrevOchDagbok2/sida/237/faksimil)
681,601,Djupafors,56.23574209378547,15.274965763092043,Resa,🟠,Att hoppa öfver svalget,,AlmqvistCJL,1840,1840,published,published,[Litteraturkartan](https://litteraturbanken.se/litteraturkartan/?id=601) · [Source](https://litteraturbanken.se/författare/AlmqvistCJL/titlar/SamladeVerk23/sida/288/etext)
702,601,Djupafors,56.23574209378547,15.274965763092043,Verk,🔵,Jättestriden,Dick Claésson,HedbergF,1866,1866,published,published,[Litteraturkartan](https://litteraturbanken.se/litteraturkartan/?id=601) · [Source](https://litteraturbanken.se/författare/HedbergF/titlar/Dikter/sida/89/faksimil)
706,601,Djupafors,56.23574209378547,15.274965763092043,Plats,🟢,Djupafors hos Litteraturbanken,,,,,published,published,[Litteraturkartan](https://litteraturbanken.se/litteraturkartan/?id=601)
732,601,Djupafors,56.23574209378547,15.274965763092043,Resa,🟠,Klippornas mörka sköte,,LinnerhielmJC,1796,1796,published,published,[Litteraturkartan](https://litteraturbanken.se/litteraturkartan/?id=601) · [Source](https://litteraturbanken.se/författare/LinnerhielmJC/titlar/BrefUnderResor/sida/120/faksimil)
656,602,Åryd,56.20918632260873,15.012474060058594,Resa,🟠,Det impertinenta tungomålet,,TörnerosA,,,published,published,[Litteraturkartan](https://litteraturbanken.se/litteraturkartan/?id=602) · [Source](https://lb.se/författare/TörnerosA/titlar/BrevOchDagbok2/sida/238/faksimil)
658,603,Norje tingshus,56.11698138357598,14.672756195068361,Resa,🟠,En ond atmospher,,TörnerosA,,,published,published,[Litteraturkartan](https://litteraturbanken.se/litteraturkartan/?id=603) · [Source](https://lb.se/författare/TörnerosA/titlar/BrevOchDagbok2/sida/239/faksimil)
659,604,Sissebäck,56.065387883995555,14.551895856857302,Resa,🟠,Mången fet fläck,,TörnerosA,,,published,published,[Litteraturkartan](https://litteraturbanken.se/litteraturkartan/?id=604) · [Source](https://lb.se/författare/TörnerosA/titlar/BrevOchDagbok2/sida/240/faksimil)
2165,604,Sissebäck,56.065387883995555,14.551895856857302,Resa,🟠,Mot Blekinge,,TidströmA,1756,1756,published,published,[Litteraturkartan](https://litteraturbanken.se/litteraturkartan/?id=604) · [Source](https://litteraturbanken.se/författare/TidströmA/titlar/AndersTidströmsResa/sida/75/faksimil)
660,605,Vilshult,56.35446861636897,14.477212429046633,Resa,🟠,"Spröd, tunn och mager",Dick Claésson,MartinsonH,1921,1921,published,published,[Litteraturkartan](https://litteraturbanken.se/litteraturkartan/?id=605)
662,606,Hällevik,56.01328339523685,14.703998565018995,Person,🟣,Om fiskare och bönder,Irmeli Romo,,1895,1969,published,published,[Litteraturkartan](https://litteraturbanken.se/litteraturkartan/?id=606)
663,607,Karlskrona: Landbrogatan,56.16381436974858,15.584775924617135,Verk,🔵,Nyckelspekulationer och potatisaffärer,Irmeli Romo,,1937,1937,published,published,[Litteraturkartan](https://litteraturbanken.se/litteraturkartan/?id=607)
665,610,Karlskrona: Björkholmen,56.16250670085062,15.571006536483766,Verk,🔵,Barndom med vind och vågor,Irmeli Romo,,1879,1953,published,published,[Litteraturkartan](https://litteraturbanken.se/litteraturkartan/?id=610)
666,612,Karlshamn: Munkahus,56.16364443609682,14.842945572472676,Verk,🔵,Glöm inte Karlshamn!,Irmeli Romo,,1805,1879,published,published,[Litteraturkartan](https://litteraturbanken.se/litteraturkartan/?id=612)
668,614,Karlskrona: Gräsvik,56.18137757799102,15.59149646533115,Person,🟣,Kampen för ljuset,Irmeli Romo,,1923,1923,published,published,[Litteraturkartan](https://litteraturbanken.se/litteraturkartan/?id=614)
669,615,Karlskrona: Läroverket,56.164110499426535,15.591097352498766,Plats,🟢,"Många år, många",Irmeli Romo,,1909,1997,published,published,[Litteraturkartan](https://litteraturbanken.se/litteraturkartan/?id=615)
670,616,Karlskrona: Rådhuset,56.16102172643501,15.5851686000824,Person,🟣,Hellre vichyvatten än whiskypinne,Irmeli Romo,,1901,1965,published,published,[Litteraturkartan](https://litteraturbanken.se/litteraturkartan/?id=616)
673,617,Jämjö,56.19191400821202,15.831974744796755,Verk,🔵,Allmogebröllop 1827,Dick Claésson,ForssellDC,1827,1827,published,published,[Litteraturkartan](https://litteraturbanken.se/litteraturkartan/?id=617) · [Source](https://litteraturbanken.se/författare/ForssellDC/titlar/EttÅrISverge/sida/99/faksimil)
723,617,Jämjö,56.19191400821202,15.831974744796755,Resa,🟠,Manlig fägring,,LinnerhielmJC,1796,1796,published,published,[Litteraturkartan](https://litteraturbanken.se/litteraturkartan/?id=617) · [Source](https://litteraturbanken.se/författare/LinnerhielmJC/titlar/BrefUnderResor/sida/108/faksimil)
674,618,Ysane,56.09023560932032,14.649324417114258,Resa,🟠,Små täcka löfdungar,Dick Claésson,AlmqvistCJL,1840,1840,published,published,[Litteraturkartan](https://litteraturbanken.se/litteraturkartan/?id=618) · [Source](https://litteraturbanken.se/författare/AlmqvistCJL/titlar/SamladeVerk23/sida/283/etext)
682,619,Jämsunda,56.283915382262364,15.451841354370119,Resa,🟠,Trakten kring Tschuîng,,AlmqvistCJL,1840,1840,published,published,[Litteraturkartan](https://litteraturbanken.se/litteraturkartan/?id=619) · [Source](https://litteraturbanken.se/författare/AlmqvistCJL/titlar/SamladeVerk23/sida/289/etext)
683,620,Asarums kyrka,56.205903687720905,14.833495616912842,Person,🟣,En levnadshimmel utan moln,Irmeli Romo,WestdahlP,1873,1873,published,published,[Litteraturkartan](https://litteraturbanken.se/litteraturkartan/?id=620) · [Source](https://litteraturbanken.se/författare/WestdahlP/titlar/RosorOchTörnen1/sida/5/faksimil)
684,621,Karlskrona: Blekinge Läns Tidning,56.163658631648396,15.58483386092121,Person,🟣,Ordgrodor och stilbrott,Irmeli Romo,,1867,1955,published,published,[Litteraturkartan](https://litteraturbanken.se/litteraturkartan/?id=621)
685,622,Farabol,56.43393530039557,14.57149529411254,Verk,🔵,Huvudet under bilan,Irmeli Romo,NordenhielmS,1904,1904,published,published,[Litteraturkartan](https://litteraturbanken.se/litteraturkartan/?id=622) · [Source](https://litteraturbanken.se/författare/NordenhielmS/titlar/EnBrottsligQvinna/sida/i/faksimil)
686,623,Karlskrona: Sjöofficersmässen,56.157737528921665,15.585084915292104,Plats,🟢,Den mirakulösa dockan,Irmeli Romo,,,,published,published,[Litteraturkartan](https://litteraturbanken.se/litteraturkartan/?id=623)
687,624,Karlskrona: Nordenskjöldska gården,56.15990048009456,15.58564066886902,Plats,🟢,Bokläsning i sällskaplig anda,Irmeli Romo,,1794,1863,published,published,[Litteraturkartan](https://litteraturbanken.se/litteraturkartan/?id=624)
688,625,Karlskrona: Länscellfängelset,56.16685127146386,15.58830785856117,Person,🟣,Principfast och orädd,Irmeli Romo,,1881,1926,published,published,[Litteraturkartan](https://litteraturbanken.se/litteraturkartan/?id=625)
691,626,Dackegatan,56.41826220323355,15.674743652343752,Plats,🟢,Historiska spänningsromaner,Irmeli Romo,CederborgCA,1849,1933,published,published,[Litteraturkartan](https://litteraturbanken.se/litteraturkartan/?id=626)
692,627,Mörby,56.03657844820736,14.636157989370988,Person,🟣,Listerlandets diktarkung,Irmeli Romo,,1882,1970,published,published,[Litteraturkartan](https://litteraturbanken.se/litteraturkartan/?id=627)
693,628,Tving socken,56.32705165034997,15.415191650390627,Person,🟣,Brinnande kunskapsbegär,Irmeli Romo,,1811,1877,published,published,[Litteraturkartan](https://litteraturbanken.se/litteraturkartan/?id=628)
694,629,Karlskrona: Trefaldighetskyrkan,56.1606330000342,15.585994720458986,Verk,🔵,Minnenas sparbank,Irmeli Romo,FeukL,1867,1867,published,published,[Litteraturkartan](https://litteraturbanken.se/litteraturkartan/?id=629) · [Source](https://litteraturbanken.se/f%C3%B6rfattare/FeukL/titlar/MinnenFr%C3%A5nCarlskrona/sida/3/faksimil)
726,629,Karlskrona: Trefaldighetskyrkan,56.1606330000342,15.585994720458986,Resa,🟠,Att sätta ögat i bestörtning,,LinnerhielmJC,1796,1796,published,published,[Litteraturkartan](https://litteraturbanken.se/litteraturkartan/?id=629) · [Source](https://litteraturbanken.se/författare/LinnerhielmJC/titlar/BrefUnderResor/sida/115/faksimil)
697,631,Blistorp,56.21362549497105,14.451141357421877,Verk,🔵,Nästan i Blekinge,Dick Claésson,SätherbergH,1812,1897,published,published,[Litteraturkartan](https://litteraturbanken.se/litteraturkartan/?id=631) · [Source](https://litteraturbanken.se/författare/SätherbergH/titlar/DikterÄldreOchNyare1/sida/247/faksimil)
698,632,Lösen,56.194194351564555,15.687232017517092,Person,🟣,Slagkraft,Dick Claésson,Anonym,1877,1877,published,published,[Litteraturkartan](https://litteraturbanken.se/litteraturkartan/?id=632) · [Source](https://litteraturbanken.se/författare/Anonym/titlar/NyasteSamlingAfSvenskaAnekdoter4/sida/63/faksimil)
699,633,Jämshögs kyrka,56.239283857976204,14.533388614654543,Verk,🔵,Ett bedrövligt slut,Dick Claésson,StålbergW,1864,1864,published,published,[Litteraturkartan](https://litteraturbanken.se/litteraturkartan/?id=633) · [Source](https://litteraturbanken.se/författare/BergPG/titlar/AnteckningarOmSvenskaQvinnor/sida/348/faksimil)
701,634,Runamohallen,56.20955627327071,15.168203115463257,Verk,🔵,Runskrift – eller icke,Dick Claésson,StrindbergA,1908,1908,published,published,[Litteraturkartan](https://litteraturbanken.se/litteraturkartan/?id=634) · [Source](https://litteraturbanken.se/författare/StrindbergA/titlar/EnBlåBok2/sida/747/etext)
705,635,Torhamn,56.093707027415874,15.823659896850588,Verk,🔵,"Hyckla oskuld, låtsa dygd",Dick Claésson,BraunWvon,1844,1844,published,published,[Litteraturkartan](https://litteraturbanken.se/litteraturkartan/?id=635) · [Source](https://litteraturbanken.se/författare/BraunWvon/titlar/Carolina/sida/52/faksimil)
707,636,Möljeryd,56.32406900635184,15.291080474853517,Person,🟣,Skalden från Möljeryd,Dick Claésson,LindqvistF,1846,1926,published,published,[Litteraturkartan](https://litteraturbanken.se/litteraturkartan/?id=636) · [Source](https://litteraturbanken.se/författare/MöllerD/titlar/TreSeklerAvSvenskaPekoral/sida/112/etext)
708,638,Hallabro,56.38951225908547,15.098540782928467,Verk,🔵,Sturska och ohjälpligt envisa,,NicanderKA,1831,1831,published,published,[Litteraturkartan](https://litteraturbanken.se/litteraturkartan/?id=638) · [Source](https://litteraturbanken.se/författare/NicanderKA/titlar/MinnenFrånSödern1/sida/12/faksimil)
711,639,Valberget,56.21438320556349,14.903351068496706,Plats,🟢,Valhall,Dick Claésson,GeijerEG,1825,1825,published,published,[Litteraturkartan](https://litteraturbanken.se/litteraturkartan/?id=639) · [Source](https://litteraturbanken.se/författare/GeijerEG/titlar/SamladeSkrifter4/sida/469/faksimil)
695,640,Stensnäs,56.1703694193254,14.705017805099489,Person,🟣,Okrökt rygg och gott samvete,Irmeli Romo,ThomanderJH,1798,1865,published,published,[Litteraturkartan](https://litteraturbanken.se/litteraturkartan/?id=640) · [Source](https://litteraturbanken.se/f%C3%B6rfattare/ThomanderJH/titlar/TankarOchL%C3%B6jen/sida/7/faksimil)
713,641,Nogersund,56.00841121936528,14.734983444213869,Verk,🔵,Barnens nattsömn,,NordströmL,1938,1938,published,published,[Litteraturkartan](https://litteraturbanken.se/litteraturkartan/?id=641) · [Source](https://litteraturbanken.se/författare/NordströmL/titlar/LortSverige/sida/141/etext)
714,642,Ällhölen,56.31717116175155,14.809986591208146,Verk,🔵,En sjö blev en annan sjö,Irmeli Romo,,1890,1982,published,published,[Litteraturkartan](https://litteraturbanken.se/litteraturkartan/?id=642)
716,644,Sillhövden,56.411047643463206,15.544066429138185,Verk,🔵,Katt i topp och katt ner,Irmeli Romo,,1862,1942,published,published,[Litteraturkartan](https://litteraturbanken.se/litteraturkartan/?id=644)
717,645,Sölvesborgsviken,56.056291279469704,14.605138777114917,Verk,🔵,En gång funnen aldrig glömd,Irmeli Romo,,1871,1948,published,published,[Litteraturkartan](https://litteraturbanken.se/litteraturkartan/?id=645)
719,648,Karlskrona: Skeppsgossekåren,56.15672780692991,15.584930418153819,Verk,🔵,Spotta i lovart och spy i lä,Irmeli Romo,,1901,1962,published,published,[Litteraturkartan](https://litteraturbanken.se/litteraturkartan/?id=648)
720,649,Spjutsbygd,56.31044317134597,15.588483810424806,Verk,🔵,Mordiska sammankomster,Dick Claésson,SjöborgNH,1792,1792,published,published,[Litteraturkartan](https://litteraturbanken.se/litteraturkartan/?id=649) · [Source](https://litteraturbanken.se/författare/SjöborgNH/titlar/BlekingsHistoria1/sida/133/faksimil)
721,650,Kättilsmåla,56.27546977693438,15.737013816833498,Verk,🔵,Sax och psalmbok,Dick Claésson,SjöborgNH,1792,1792,published,published,[Litteraturkartan](https://litteraturbanken.se/litteraturkartan/?id=650) · [Source](https://litteraturbanken.se/författare/SjöborgNH/titlar/BlekingsHistoria1/sida/143/faksimil)
718,651,Holmsjö Fur,56.46092795490661,15.592509269845326,Verk,🔵,Namnbyte och trolleriarbete,Irmeli Romo,,1891,1981,published,published,[Litteraturkartan](https://litteraturbanken.se/litteraturkartan/?id=651)
722,652,Angelskog,56.18063565827142,15.314512252807619,Resa,🟠,Vid en stilla vik,Dick Claésson,LinnerhielmJC,1796,1796,published,published,[Litteraturkartan](https://litteraturbanken.se/litteraturkartan/?id=652) · [Source](https://litteraturbanken.se/författare/LinnerhielmJC/titlar/BrefUnderResor/sida/101/faksimil)
724,653,Lyckeby,56.1969640104098,15.66032409667969,Resa,🟠,Utsiktens behag,,LinnerhielmJC,1796,1796,published,published,[Litteraturkartan](https://litteraturbanken.se/litteraturkartan/?id=653) · [Source](https://litteraturbanken.se/författare/LinnerhielmJC/titlar/BrefUnderResor/sida/110/faksimil)
725,654,Vämö,56.183483918642125,15.615166425704958,Resa,🟠,Krigets fasa,,LinnerhielmJC,1796,1796,published,published,[Litteraturkartan](https://litteraturbanken.se/litteraturkartan/?id=654) · [Source](https://litteraturbanken.se/författare/LinnerhielmJC/titlar/BrefUnderResor/sida/112/faksimil)
727,655,Karlskrona: Amiralitetstorget,56.15784794030235,15.586681365966799,Resa,🟠,Veklingens överflöd,,LinnerhielmJC,1796,1796,published,published,[Litteraturkartan](https://litteraturbanken.se/litteraturkartan/?id=655) · [Source](https://litteraturbanken.se/författare/LinnerhielmJC/titlar/BrefUnderResor/sida/115/faksimil)
577,656,Skärva,56.20189398587528,15.574257373809816,Plats,🟢,En vänlig viloplats klädd i grönt,Irmeli Romo,OskarII,1829,1907,published,published,[Litteraturkartan](https://litteraturbanken.se/litteraturkartan/?id=656)
728,656,Skärva,56.20189398587528,15.574257373809816,Resa,🟠,Denna låga smakfulla boning,,LinnerhielmJC,1796,1796,published,published,[Litteraturkartan](https://litteraturbanken.se/litteraturkartan/?id=656) · [Source](https://litteraturbanken.se/författare/LinnerhielmJC/titlar/BrefUnderResor/sida/116/faksimil)
729,658,Fornanäs,56.18488110117098,15.300436019897463,Resa,🟠,Obefläckad oskuld,,LinnerhielmJC,1796,1796,published,published,[Litteraturkartan](https://litteraturbanken.se/litteraturkartan/?id=658) · [Source](https://litteraturbanken.se/författare/LinnerhielmJC/titlar/BrefUnderResor/sida/118/faksimil)
731,659,Ronnebyån,56.2124322195806,15.272884368896486,Resa,🟠,Ställd vid dess störtning,,LinnerhielmJC,1796,1796,published,published,[Litteraturkartan](https://litteraturbanken.se/litteraturkartan/?id=659) · [Source](https://litteraturbanken.se/författare/LinnerhielmJC/titlar/BrefUnderResor/sida/120/faksimil)
735,660,Jämshögs Hembygdsmuseum,56.236553031666745,14.531350135803224,Plats,🟢,Ett författarmuseum,,,,,published,published,[Litteraturkartan](https://litteraturbanken.se/litteraturkartan/?id=660)
736,662,Kungsbacka kyrka,57.486972151925606,12.077161073684694,Verk,🔵,Ett Guds pojkstreck,Dick Claésson,WideAG,1960,1960,published,published,[Litteraturkartan](https://litteraturbanken.se/litteraturkartan/?id=662) · [Source](https://litteraturbanken.se/författare/WideAG/titlar/Kyrie/sida/41/etext)
837,662,Kungsbacka kyrka,57.486972151925606,12.077161073684694,Resa,🟠,Ende presten af kött och blod,,TidströmA,1756,1756,published,published,[Litteraturkartan](https://litteraturbanken.se/litteraturkartan/?id=662) · [Source](https://litteraturbanken.se/författare/TidströmA/titlar/AndersTidströmsResa/sida/1/faksimil)
737,663,Varberg,57.10696672724052,12.24778175354004,Plats,🟢,Varberg hos Litteraturbanken,,,,,published,published,[Litteraturkartan](https://litteraturbanken.se/litteraturkartan/?id=663)
915,663,Varberg,57.10696672724052,12.24778175354004,Person,🟣,Eldkulor över Halland,Dick Claésson,StrindbergA,1906,1906,published,published,[Litteraturkartan](https://litteraturbanken.se/litteraturkartan/?id=663) · [Source](https://litteraturbanken.se/författare/StrindbergA/titlar/OckultaDagboken1/sida/451/faksimil)
740,664,Halmstad,56.67387865081976,12.845646142959597,Plats,🟢,Halmstad hos Litteraturbanken,,,,,published,published,[Litteraturkartan](https://litteraturbanken.se/litteraturkartan/?id=664)
746,665,Falkenberg,56.89887305768256,12.49094009399414,Plats,🟢,Falkenberg hos Litteraturbanken,,,,,published,published,[Litteraturkartan](https://litteraturbanken.se/litteraturkartan/?id=665)
747,666,Gällared,57.09654741949373,12.825250625610352,Plats,🟢,Gällared hos Litteraturbanken,,,,,published,published,[Litteraturkartan](https://litteraturbanken.se/litteraturkartan/?id=666)
887,666,Gällared,57.09654741949373,12.825250625610352,Plats,🟢,Gällared och sagorna,Maria Ehrenberg,BondesonA,,,published,published,[Litteraturkartan](https://litteraturbanken.se/litteraturkartan/?id=666) · [Source](https://litteraturbanken.se/f%C3%B6rfattare/BondesonA/titlar/Hall%C3%A4ndskaSagor/sida/5/faksimil)
748,667,Slöinge,56.8551345,12.6908626,Plats,🟢,Slöinge hos Litteraturbanken,,,,,published,published,[Litteraturkartan](https://litteraturbanken.se/litteraturkartan/?id=667)
749,668,Laholm,56.51433251572982,13.044204711914064,Plats,🟢,Laholm hos Litteraturbanken,,,,,published,published,[Litteraturkartan](https://litteraturbanken.se/litteraturkartan/?id=668)
750,669,Frillesås,57.3172804,12.1767467,Plats,🟢,Frillesås hos Litteraturbanken,,,,,published,published,[Litteraturkartan](https://litteraturbanken.se/litteraturkartan/?id=669)
839,669,Frillesås,57.3172804,12.1767467,Resa,🟠,Skabb och skörbjugg,,TidströmA,1756,1756,published,published,[Litteraturkartan](https://litteraturbanken.se/litteraturkartan/?id=669) · [Source](https://litteraturbanken.se/författare/TidströmA/titlar/AndersTidströmsResa/sida/5/faksimil)
751,670,Tvååker,57.04145361249848,12.399079799652101,Plats,🟢,Tvååker hos Litteraturbanken,,,,,published,published,[Litteraturkartan](https://litteraturbanken.se/litteraturkartan/?id=670)
752,671,Morup,56.98177667286201,12.398672103881838,Plats,🟢,Morup hos Litteraturbanken,,,,,published,published,[Litteraturkartan](https://litteraturbanken.se/litteraturkartan/?id=671)
753,672,Knäred,56.5204881951801,13.31671714782715,Plats,🟢,Knäred hos Litteraturbanken,,,,,published,published,[Litteraturkartan](https://litteraturbanken.se/litteraturkartan/?id=672)
754,673,Grimeton,57.124057835928134,12.398543357849123,Plats,🟢,Grimeton hos Litteraturbanken,,,,,published,published,[Litteraturkartan](https://litteraturbanken.se/litteraturkartan/?id=673)
755,674,Mitt i Halland (ungefär),56.90853365398448,13.05879592895508,Plats,🟢,Halland hos Litteraturbanken,,,,,published,published,[Litteraturkartan](https://litteraturbanken.se/litteraturkartan/?id=674)
821,674,Mitt i Halland (ungefär),56.90853365398448,13.05879592895508,Resa,🟠,Lubbe om luftrymd,,NordströmL,1938,1938,published,published,[Litteraturkartan](https://litteraturbanken.se/litteraturkartan/?id=674) · [Source](https://litteraturbanken.se/författare/NordströmL/titlar/LortSverige/sida/77/etext)
756,675,Slättåkra,56.826200938252526,12.884731292724611,Plats,🟢,Slättåkra hos Litteraturbanken,,,,,published,published,[Litteraturkartan](https://litteraturbanken.se/litteraturkartan/?id=675)
757,676,Kungsbacka,57.48921531249752,12.062473297119142,Plats,🟢,Kungsbacka hos Litteraturbanken,,,,,published,published,[Litteraturkartan](https://litteraturbanken.se/litteraturkartan/?id=676)
758,677,Dagsås kyrka,57.06262948095951,12.482221154496075,Plats,🟢,Beryktad offerkyrka,,,1878,1878,published,published,[Litteraturkartan](https://litteraturbanken.se/litteraturkartan/?id=677)
759,682,Cementas dagbrott,58.39194579397447,13.808698654174805,Resa,🟠,Ett landskaps berättelse,,,,,published,published,[Litteraturkartan](https://litteraturbanken.se/litteraturkartan/?id=682)
761,683,Åsle Tå,58.17841954571255,13.687484264373781,Resa,🟠,Bengtsson och Åsle Tå,,,,,published,published,[Litteraturkartan](https://litteraturbanken.se/litteraturkartan/?id=683)
762,684,Karleby gånggrifter,58.15358771576938,13.634719848632814,Resa,🟠,Bengtsson och gånggriften,,,,,published,published,[Litteraturkartan](https://litteraturbanken.se/litteraturkartan/?id=684)
765,685,Ekornavallen,58.27853263607599,13.600988388061525,Resa,🟠,Bengtsson och Ekornavallen,,,,,published,published,[Litteraturkartan](https://litteraturbanken.se/litteraturkartan/?id=685)
768,686,Binnebergs tingshus,58.52114523196635,13.863995075225832,Resa,🟠,Bengtsson inför tinget,,,,,published,published,[Litteraturkartan](https://litteraturbanken.se/litteraturkartan/?id=686)
769,687,Lumbers hög,58.276874108279,13.276355266571047,Resa,🟠,Bengtssons andra resa,,,,,published,published,[Litteraturkartan](https://litteraturbanken.se/litteraturkartan/?id=687)
770,688,Axevalla hed,58.39549375583055,13.585195541381838,Resa,🟠,Bengtsson på Axevalla hed,,,,,published,published,[Litteraturkartan](https://litteraturbanken.se/litteraturkartan/?id=688)
772,689,Wennerbergsgården,58.4960587,13.1764846,Resa,🟠,Bengtssons vid Wennerbergsgården,,,,,published,published,[Litteraturkartan](https://litteraturbanken.se/litteraturkartan/?id=689)
775,690,Skalunda kyrka,58.550959865088686,13.00712585449219,Resa,🟠,En Bengtsson i Skalunda kyrka,,,,,published,published,[Litteraturkartan](https://litteraturbanken.se/litteraturkartan/?id=690)
776,691,Degeberg,58.5794879,13.0115408,Resa,🟠,Bengtssons Degeberg,,,,,published,published,[Litteraturkartan](https://litteraturbanken.se/litteraturkartan/?id=691)
781,692,Husaby källa,58.526752811184444,13.38287115097046,Resa,🟠,Bengtsson i Husaby,,,,,published,published,[Litteraturkartan](https://litteraturbanken.se/litteraturkartan/?id=692)
782,693,Nya Älvsborgs fästning,57.68544357106734,11.838476657867433,Person,🟣,Att besöka uslingen,Dick Claésson,SkarstedtCW,1752,1757,published,published,[Litteraturkartan](https://litteraturbanken.se/litteraturkartan/?id=693) · [Source](https://litteraturbanken.se/författare/SkarstedtCW/titlar/GöteborgsStiftsHerdaminne1885/sida/388/faksimil)
783,694,Romelanda kyrka,57.923381649999996,12.022862246614705,Person,🟣,Fördriven och illa gift,Dick Claésson,SkarstedtCW,1560,1560,published,published,[Litteraturkartan](https://litteraturbanken.se/litteraturkartan/?id=694) · [Source](https://litteraturbanken.se/författare/SkarstedtCW/titlar/GöteborgsStiftsHerdaminne1885/sida/506/faksimil)
784,696,Alfshögs kyrka,56.97391301730325,12.62951579410583,Person,🟣,Desperat präst sköt efter sin stalkare,Ingemar Lönnbom,SkarstedtCW,1804,1877,published,published,[Litteraturkartan](https://litteraturbanken.se/litteraturkartan/?id=696) · [Source](https://litteraturbanken.se/författare/SkarstedtCW/titlar/GöteborgsStiftsHerdaminne1885/sida/580/faksimil)
818,698,Askome kyrka,57.01758441170996,12.670763349160554,Plats,🟢,Han fick korgen och hämnades i kyrkan,Ingemar Lönnbom,SkarstedtCW,,,published,published,[Litteraturkartan](https://litteraturbanken.se/litteraturkartan/?id=698) · [Source](https://litteraturbanken.se/f%C3%B6rfattare/SkarstedtCW/titlar/G%C3%B6teborgsStiftsHerdaminne1885/sida/1020/faksimil)
787,700,Derome,57.23503434874185,12.311235107481481,Plats,🟢,Trollformel för skattletare,Ingemar Lönnbom,SkarstedtCW,1710,1784,published,published,[Litteraturkartan](https://litteraturbanken.se/litteraturkartan/?id=700) · [Source](https://litteraturbanken.se/f%C3%B6rfattare/SkarstedtCW/titlar/G%C3%B6teborgsStiftsHerdaminne1885/sida/1005/faksimil)
788,701,Vallda,57.480877864157925,12.005106462165715,Plats,🟢,Smedens tiggarvisa tog skruv,Ingemar Lönnbom,,1854,1922,published,published,[Litteraturkartan](https://litteraturbanken.se/litteraturkartan/?id=701)
948,701,Vallda,57.480877864157925,12.005106462165715,Plats,🟢,Vallda hos Litteraturbanken,,,,,published,published,[Litteraturkartan](https://litteraturbanken.se/litteraturkartan/?id=701)
790,718,Fagereds kyrka,57.20453376352639,12.756154658272864,Plats,🟢,Prästen som predikade för länge,,SkarstedtCW,1885,1885,published,published,[Litteraturkartan](https://litteraturbanken.se/litteraturkartan/?id=718) · [Source](https://litteraturbanken.se/f%C3%B6rfattare/SkarstedtCW/titlar/G%C3%B6teborgsStiftsHerdaminne1885/sida/304/faksimil)
791,719,Falkenbergs omnejd,56.92972244415702,12.53682615235448,Plats,🟢,Här trodde man på trollharar,Ingemar Lönnbom,LloydL,1871,1871,published,published,[Litteraturkartan](https://litteraturbanken.se/litteraturkartan/?id=719) · [Source](https://litteraturbanken.se/f%C3%B6rfattare/LloydL/titlar/SvenskaAllmogensPl%C3%A4gseder/sida/127/faksimil)
792,720,Östra gärdet,56.91265269391423,12.506349845789375,Plats,🟢,Falkenerare på falkberget – myt eller verklighet?,,GranathW,1897,1897,published,published,[Litteraturkartan](https://litteraturbanken.se/litteraturkartan/?id=720) · [Source](https://litteraturbanken.se/f%C3%B6rfattare/GranathW/titlar/EnFrihetshj%C3%A4lte/sida/71/faksimil)
793,721,Sjön Frillen,56.865265787406365,13.28417457640171,Plats,🟢,En av Hallands vackraste insjöar,,WigforssJ,1899,1899,published,published,[Litteraturkartan](https://litteraturbanken.se/litteraturkartan/?id=721) · [Source](https://litteraturbanken.se/f%C3%B6rfattare/WigforssJ/titlar/Tattare/sida/53/faksimil)
794,722,Offerkast norr om Frillesås,57.40404808202899,12.233584821224214,Plats,🟢,Stensamling som skydd mot spöken,Ingemar Lönnbom,HagbergL,1937,1937,published,published,[Litteraturkartan](https://litteraturbanken.se/litteraturkartan/?id=722) · [Source](https://litteraturbanken.se/f%C3%B6rfattare/HagbergL/titlar/N%C3%A4rD%C3%B6denG%C3%A4star/sida/514/faksimil)
795,723,Fröllinge slott,56.810641049291824,12.793720923364166,Person,🟣,Tackade nej till att bli tsarens lantmätare,,HofbergH,1676,1747,published,published,[Litteraturkartan](https://litteraturbanken.se/litteraturkartan/?id=723) · [Source](https://litteraturbanken.se/f%C3%B6rfattare/HofbergH/titlar/SvensktBiografisktHandlexikon2/sida/541/faksimil)
959,723,Fröllinge slott,56.810641049291824,12.793720923364166,Plats,🟢,Fröllinge hos Litteraturbanken,,,,,published,published,[Litteraturkartan](https://litteraturbanken.se/litteraturkartan/?id=723)
815,724,Grimeton,57.123568629574436,12.448539733886719,Person,🟣,"Ingela Strandberg – Grimeton, Varberg, USA",Ingemar Lönnbom,,1944,,published,published,[Litteraturkartan](https://litteraturbanken.se/litteraturkartan/?id=724)
796,725,Grimetons kyrkby,57.11323481959245,12.42695013061166,Plats,🟢,Prästen och klockaren i slagsmål,Ingemar Lönnbom,SkarstedtCW,1885,1885,published,published,[Litteraturkartan](https://litteraturbanken.se/litteraturkartan/?id=725) · [Source](https://litteraturbanken.se/f%C3%B6rfattare/SkarstedtCW/titlar/G%C3%B6teborgsStiftsHerdaminne1885/sida/935/faksimil)
798,726,Hultadalsvikens rastplats,56.28951299246943,14.490129947662355,Plats,🟢,Bildningens väg,Dick Claésson,MartinsonH,,,published,published,[Litteraturkartan](https://litteraturbanken.se/litteraturkartan/?id=726)
799,727,Gåsevadholms slott,57.493273572858,12.122706407681111,Plats,🟢,Inte enbart angenämt slottsliv anno 1875,Ingemar Lönnbom,DardelF,1873,1876,published,published,[Litteraturkartan](https://litteraturbanken.se/litteraturkartan/?id=727) · [Source](https://litteraturbanken.se/f%C3%B6rfattare/DardelF/titlar/Dagboksanteckningar1/sida/116/faksimil)
800,728,Gällinge kyrka,57.39473999801183,12.252146629616618,Plats,🟢,Massmördaren Ebbe Skammessons gravplats,Ingemar Lönnbom,PetterssonS,1872,1872,published,published,[Litteraturkartan](https://litteraturbanken.se/litteraturkartan/?id=728) · [Source](https://litteraturbanken.se/f%C3%B6rfattare/PetterssonS/titlar/G%C3%B6teborgsStiftsHerdaminne1872/sida/414/faksimil)
801,730,Halmstads Stora torg,56.673985142439506,12.856586161069572,Plats,🟢,Visa om faran med provsmakning,Ingemar Lönnbom,Anonym,1876,1876,published,published,[Litteraturkartan](https://litteraturbanken.se/litteraturkartan/?id=730) · [Source](https://litteraturbanken.se/f%C3%B6rfattare/Anonym/titlar/EnSorglustigWisa/sida/3/etext)
828,730,Halmstads Stora torg,56.673985142439506,12.856586161069572,Resa,🟠,Att utan pardon beqväma sig,,TörnerosA,1827,1827,published,published,[Litteraturkartan](https://litteraturbanken.se/litteraturkartan/?id=730) · [Source](https://litteraturbanken.se/författare/TörnerosA/titlar/BrevOchDagbok2/sida/248/faksimil)
846,730,Halmstads Stora torg,56.673985142439506,12.856586161069572,Resa,🟠,Svalors lerhus,,TidströmA,1756,1756,published,published,[Litteraturkartan](https://litteraturbanken.se/litteraturkartan/?id=730) · [Source](https://litteraturbanken.se/författare/TidströmA/titlar/AndersTidströmsResa/sida/13/faksimil)
802,731,Kungsbacka första stadshotell,57.4885060504003,12.0770001411438,Plats,🟢,När Albert Engström civiliserade Kungsbacka,,EngströmA,1927,1927,published,published,[Litteraturkartan](https://litteraturbanken.se/litteraturkartan/?id=731) · [Source](https://litteraturbanken.se/författare/EngströmA/titlar/UrMinaMemoarer/sida/38/etext)
803,732,Sjöboholms sätesgård,56.435578104658845,13.273043408989908,Person,🟣,Hon lät sig luras av den falska adelsmannen,Ingemar Lönnbom,BergPG,1872,1872,published,published,[Litteraturkartan](https://litteraturbanken.se/litteraturkartan/?id=732) · [Source](https://litteraturbanken.se/f%C3%B6rfattare/BergPG/titlar/M%C3%A4rkligheterUrK%C3%A4rleks/sida/40/faksimil)
804,733,Gottskär,57.38922155011514,12.0175053505227,Person,🟣,Han förde ut de isländska sagorna till folket,,BååthAU,1853,1912,published,published,[Litteraturkartan](https://litteraturbanken.se/litteraturkartan/?id=733) · [Source](https://litteraturbanken.se/f%C3%B6rfattare/B%C3%A5%C3%A5thAU/titlar/NyaDikter/sida/i/etext)
805,735,Veinge kyrkby,56.57259731340629,13.090966092422606,Person,🟣,Här föddes jämställdhetens förkämpe,Ingemar Lönnbom,,1863,1908,published,published,[Litteraturkartan](https://litteraturbanken.se/litteraturkartan/?id=735)
934,735,Veinge kyrkby,56.57259731340629,13.090966092422606,Plats,🟢,Drottningen bytte namn på byn,Ingemar Lönnbom,SkarstedtCW,1885,1885,published,published,[Litteraturkartan](https://litteraturbanken.se/litteraturkartan/?id=735) · [Source](https://litteraturbanken.se/f%C3%B6rfattare/SkarstedtCW/titlar/G%C3%B6teborgsStiftsHerdaminne1885/sida/1032/faksimil)
806,736,Halmstads kulturskola,56.663652280283124,12.853372329846025,Person,🟣,Halmstadbons trall blev turkisk nationalsång,Ingemar Lönnbom,FrödingG,1894,1911,published,published,[Litteraturkartan](https://litteraturbanken.se/litteraturkartan/?id=736) · [Source](https://litteraturbanken.se/f%C3%B6rfattare/Fr%C3%B6dingG/titlar/NyaDikter/sida/53/etext)
807,737,Svartekällan,57.08128530382677,12.266718149185182,Plats,🟢,Lokalbefolkningens tankar om hälsobrunnen,Ingemar Lönnbom,,1825,1825,published,published,[Litteraturkartan](https://litteraturbanken.se/litteraturkartan/?id=737) · [Source](https://litteraturbanken.se/författare/BergmanJM/titlar/ValdaSmärreSkrifter/sida/93/faksimil)
808,738,Torellbrunnen,57.10627060917731,12.248410731554031,Verk,🔵,Polarforskningens pionjär kom från Varberg,Ingemar Lönnbom,ChydeniusK,1861,1861,published,published,[Litteraturkartan](https://litteraturbanken.se/litteraturkartan/?id=738) · [Source](https://litteraturbanken.se/författare/ChydeniusK/titlar/ExpeditionenSpetsbergen/sida/v/faksimil)
810,740,Mölnhult,57.137842635111426,12.921164073050024,Verk,🔵,Räddade Blinde Petters hämndvisa,Ingemar Lönnbom,,1830,1837,published,published,[Litteraturkartan](https://litteraturbanken.se/litteraturkartan/?id=740)
811,742,Veka,56.44053225494038,13.001832179725174,Person,🟣,Bonden skrev om Hallands svältbygd,Ingemar Lönnbom,,,,published,published,[Litteraturkartan](https://litteraturbanken.se/litteraturkartan/?id=742)
812,743,Karmeliterklostret i Ny-Varberg,57.14332670490695,12.26797191426158,Person,🟣,Munken som trotsade alla kungar,Ingemar Lönnbom,,1480,1536,published,published,[Litteraturkartan](https://litteraturbanken.se/litteraturkartan/?id=743) · [Source](https://tekster.kb.dk/text/adl-texts-helgesen01-shoot-workid60819)
813,744,Ernst Wigforss plats,56.676723496947886,12.864434849470857,Person,🟣,Citatmaskinen Wigforss: både hatad och älskad,Ingemar Lönnbom,,1881,1977,published,published,[Litteraturkartan](https://litteraturbanken.se/litteraturkartan/?id=744)
814,745,Morups hallar,56.95037066611363,12.346088276244702,Plats,🟢,De fem drunknade blev hela landets angelägenhet,Ingemar Lönnbom,,1930,1930,published,published,[Litteraturkartan](https://litteraturbanken.se/litteraturkartan/?id=745)
816,746,Borgmästaregatan,57.10682201951722,12.251793709583582,Person,🟣,Varbergs första schartauan,Ingemar Lönnbom,,1775,1822,published,published,[Litteraturkartan](https://litteraturbanken.se/litteraturkartan/?id=746)
817,747,Gatan,57.397108976789724,12.003940204158425,Person,🟣,Här föddes kungens kapare,Ingemar Lönnbom,OxenstiernaMGL,,,published,published,[Litteraturkartan](https://litteraturbanken.se/litteraturkartan/?id=747) · [Source](https://litteraturbanken.se/f%C3%B6rfattare/OxenstiernaMGL/titlar/KonungensKapare/sida/14/faksimil)
819,748,Släps kyrka,57.51284758725135,11.979111456312241,Person,🟣,Katten från Madagaskar och prästen i Släp,Ingemar Lönnbom,,1767,1768,published,published,[Litteraturkartan](https://litteraturbanken.se/litteraturkartan/?id=748)
820,749,Källsjö,57.2168468136451,12.657968793064358,Verk,🔵,Han skrev  sf-litteratur på 1800-talet,Ingemar Lönnbom,WallmarkPA,1777,1858,published,published,[Litteraturkartan](https://litteraturbanken.se/litteraturkartan/?id=749) · [Source](https://litteraturbanken.se/f%C3%B6rfattare/WallmarkPA/titlar/JournalF%C3%B6rLitteraturen1813/sida/49/faksimil)
822,750,Mossahagen,56.813894118215295,12.644920349121094,Resa,🟠,Sneda och knotiga,,NordströmL,1938,1938,published,published,[Litteraturkartan](https://litteraturbanken.se/litteraturkartan/?id=750) · [Source](https://litteraturbanken.se/författare/NordströmL/titlar/LortSverige/sida/177/etext)
823,751,Smeagård,56.94026889071074,12.602434158325195,Resa,🟠,Här är så kallt,,NordströmL,1938,1938,published,published,[Litteraturkartan](https://litteraturbanken.se/litteraturkartan/?id=751) · [Source](https://litteraturbanken.se/författare/NordströmL/titlar/LortSverige/sida/177/etext)
824,752,Solakull,56.95180866901405,12.859411239624023,Resa,🟠,Är det kallt i köket?,,NordströmL,1938,1938,published,published,[Litteraturkartan](https://litteraturbanken.se/litteraturkartan/?id=752) · [Source](https://litteraturbanken.se/författare/NordströmL/titlar/LortSverige/sida/179/etext)
825,753,Bålagård,56.8734060907109,12.649716138839723,Resa,🟠,En bit av ett hus,,NordströmL,1838,1838,published,published,[Litteraturkartan](https://litteraturbanken.se/litteraturkartan/?id=753) · [Source](https://litteraturbanken.se/författare/NordströmL/titlar/LortSverige/sida/202/etext)
826,754,Järlöv,57.27779006207602,12.357559204101564,Resa,🟠,Kackerlackornas skyddspatron,,NordströmL,1938,1938,published,published,[Litteraturkartan](https://litteraturbanken.se/litteraturkartan/?id=754) · [Source](https://litteraturbanken.se/författare/NordströmL/titlar/LortSverige/sida/204/etext)
827,755,Östra Karups kyrka,56.423301379516076,12.9479455947876,Resa,🟠,En lustplats,,TörnerosA,1827,1827,published,published,[Litteraturkartan](https://litteraturbanken.se/litteraturkartan/?id=755) · [Source](https://litteraturbanken.se/författare/TörnerosA/titlar/BrevOchDagbok2/sida/247/faksimil)
847,755,Östra Karups kyrka,56.423301379516076,12.9479455947876,Resa,🟠,Bergtroll i fordna tider,,TidströmA,1756,1756,published,published,[Litteraturkartan](https://litteraturbanken.se/litteraturkartan/?id=755) · [Source](https://litteraturbanken.se/författare/TidströmA/titlar/AndersTidströmsResa/sida/15/faksimil)
860,755,Östra Karups kyrka,56.423301379516076,12.9479455947876,Plats,🟢,Vi voro nu i Halland,,BruniusCG,1838,1838,published,published,[Litteraturkartan](https://litteraturbanken.se/litteraturkartan/?id=755) · [Source](https://litteraturbanken.se/författare/BruniusCG/titlar/AntiqvariskOchArkitektoniskResa/sida/16/faksimil)
829,756,Sperlingsholm,56.7005122056067,12.908259630203249,Resa,🟠,Försvann till ett blott echo,,TörnerosA,1827,1827,published,published,[Litteraturkartan](https://litteraturbanken.se/litteraturkartan/?id=756) · [Source](https://litteraturbanken.se/författare/TörnerosA/titlar/BrevOchDagbok2/sida/249/faksimil)
832,756,Sperlingsholm,56.7005122056067,12.908259630203249,Person,🟣,Som en eldfull dithyramb,Dick Claésson,BremerF,1833,1833,published,published,[Litteraturkartan](https://litteraturbanken.se/litteraturkartan/?id=756) · [Source](https://litteraturbanken.se/författare/BremerF/titlar/BrevI/sida/533/faksimil)
912,756,Sperlingsholm,56.7005122056067,12.908259630203249,Plats,🟢,Greven och drängen i dråplig brottningsmatch,Ingemar Lönnbom,TorénRW,1882,1882,published,published,[Litteraturkartan](https://litteraturbanken.se/litteraturkartan/?id=756) · [Source](https://litteraturbanken.se/f%C3%B6rfattare/Tor%C3%A9nRW/titlar/Sm%C3%A5sakerUrEnGammalMedikofilaresMinnen/sida/22/faksimil)
916,756,Sperlingsholm,56.7005122056067,12.908259630203249,Verk,🔵,Nordens Corinna,Dick Claésson,RådbergF,1849,1849,published,published,[Litteraturkartan](https://litteraturbanken.se/litteraturkartan/?id=756) · [Source](https://litteraturbanken.se/författare/RådbergF/titlar/Husmanskost/sida/54/faksimil)
830,757,Femsjö,56.8915734,13.3272292,Resa,🟠,Allt stämde till högtidligt allvar,,TörnerosA,1827,1827,published,published,[Litteraturkartan](https://litteraturbanken.se/litteraturkartan/?id=757) · [Source](https://litteraturbanken.se/författare/TörnerosA/titlar/BrevOchDagbok2/sida/250/faksimil)
831,758,Lagan,56.51544534720411,13.051693439483643,Resa,🟠,Full skymning,,TörnerosA,1827,1827,published,published,[Litteraturkartan](https://litteraturbanken.se/litteraturkartan/?id=758) · [Source](https://litteraturbanken.se/författare/TörnerosA/titlar/BrevOchDagbok2/sida/248/faksimil)
833,759,Halmstads rådhus,56.67372180250643,12.857569651678206,Person,🟣,Här bluffade författaren till sig ett pass,Ingemar Lönnbom,AlmqvistCJL,1793,1866,published,published,[Litteraturkartan](https://litteraturbanken.se/litteraturkartan/?id=759) · [Source](https://litteraturbanken.se/f%C3%B6rfattare/AlmqvistCJL/titlar/AmaliaHillner1840/sida/5/faksimil)
834,760,"Kungsporten, Göteborg",57.703688645652605,11.970173120498659,Resa,🟠,Tidström lämnar staden,,TidströmA,1756,1756,published,published,[Litteraturkartan](https://litteraturbanken.se/litteraturkartan/?id=760) · [Source](https://litteraturbanken.se/författare/TidströmA/titlar/AndersTidströmsResa/sida/1/faksimil)
835,761,Kärra gästgiveri,57.6453777009272,12.020244598388674,Resa,🟠,Att jäsa i bondgossarne,,TidströmA,1756,1756,published,published,[Litteraturkartan](https://litteraturbanken.se/litteraturkartan/?id=761) · [Source](https://litteraturbanken.se/författare/TidströmA/titlar/AndersTidströmsResa/sida/1/faksimil)
836,762,Gränsen till Halland,57.55411495609277,12.090400457382204,Resa,🟠,Skoglös ort,,TidströmA,1756,1756,published,published,[Litteraturkartan](https://litteraturbanken.se/litteraturkartan/?id=762) · [Source](https://litteraturbanken.se/författare/TidströmA/titlar/AndersTidströmsResa/sida/1/faksimil)
838,763,Rågelund,57.329596632637795,12.170222997665407,Resa,🟠,Tångtak,,TidströmA,1756,1756,published,published,[Litteraturkartan](https://litteraturbanken.se/litteraturkartan/?id=763) · [Source](https://litteraturbanken.se/författare/TidströmA/titlar/AndersTidströmsResa/sida/2/faksimil)
841,764,Frillesås gamla kyrka,57.33208109584569,12.24604368209839,Resa,🟠,Att halvspringa till graven,,TidströmA,1756,1756,published,published,[Litteraturkartan](https://litteraturbanken.se/litteraturkartan/?id=764) · [Source](https://litteraturbanken.se/författare/TidströmA/titlar/AndersTidströmsResa/sida/7/faksimil)
840,765,Kulla,57.32359616389985,12.19612240791321,Resa,🟠,Denna myckna förskansning af kjortlar,,TidströmA,1756,1756,published,published,[Litteraturkartan](https://litteraturbanken.se/litteraturkartan/?id=765) · [Source](https://litteraturbanken.se/författare/TidströmA/titlar/AndersTidströmsResa/sida/5/faksimil)
842,766,Löftabro,57.31065938876323,12.17988967895508,Resa,🟠,Han är schwara hvass i dag,,TidströmA,1756,1756,published,published,[Litteraturkartan](https://litteraturbanken.se/litteraturkartan/?id=766) · [Source](https://litteraturbanken.se/författare/TidströmA/titlar/AndersTidströmsResa/sida/9/faksimil)
843,767,Getterön,57.11872280810474,12.224178314208986,Resa,🟠,Boskapen fann nöje att spatsera,,TidströmA,1756,1756,published,published,[Litteraturkartan](https://litteraturbanken.se/litteraturkartan/?id=767) · [Source](https://litteraturbanken.se/författare/TidströmA/titlar/AndersTidströmsResa/sida/9/faksimil)
844,768,Arvidstorp,56.910525218769884,12.485103607177736,Resa,🟠,Svårt är det för att få tjenstefolk,,TidströmA,1756,1756,published,published,[Litteraturkartan](https://litteraturbanken.se/litteraturkartan/?id=768) · [Source](https://litteraturbanken.se/författare/TidströmA/titlar/AndersTidströmsResa/sida/11/faksimil)
845,769,Slöinge gästgivaregård,56.85264456748729,12.690185308456423,Resa,🟠,Ett flugeglas med dricka uti,,TidströmA,1756,1756,published,published,[Litteraturkartan](https://litteraturbanken.se/litteraturkartan/?id=769) · [Source](https://litteraturbanken.se/författare/TidströmA/titlar/AndersTidströmsResa/sida/12/faksimil)
849,771,Årstads kyrka,56.91759857929815,12.678431700915102,Plats,🟢,Ovänskap ledde till en extra kyrkdörr,Ingemar Lönnbom,BergPG,,1864,published,published,[Litteraturkartan](https://litteraturbanken.se/litteraturkartan/?id=771) · [Source](https://litteraturbanken.se/f%C3%B6rfattare/BergPG/titlar/AnteckningarOmSvenskaQvinnor/sida/26/faksimil)
850,772,Vapnö slott,56.71342151903853,12.840689420700075,Verk,🔵,Ett fragment,Dick Claésson,,,,published,published,[Litteraturkartan](https://litteraturbanken.se/litteraturkartan/?id=772)
851,773,Holms kyrka,56.73380120439626,12.858155965805055,Verk,🔵,En gravhäll,Dick Claésson,,,,published,published,[Litteraturkartan](https://litteraturbanken.se/litteraturkartan/?id=773)
852,774,Kvibille kyrka,56.784498,12.833223667465754,Verk,🔵,Thorlakers grav,Dick Claésson,,,,published,published,[Litteraturkartan](https://litteraturbanken.se/litteraturkartan/?id=774)
853,775,Getinge kyrka,56.820594150000005,12.747811472208827,Verk,🔵,Einar högg,Dick Claésson,,,,published,published,[Litteraturkartan](https://litteraturbanken.se/litteraturkartan/?id=775)
854,776,Äskatorp,57.431633804403965,12.12970018386841,Verk,🔵,En amulett,Dick Claésson,,,,published,published,[Litteraturkartan](https://litteraturbanken.se/litteraturkartan/?id=776)
855,777,Halmstad,56.672381427368016,12.853918075561523,Person,🟣,Han har diktat om både krig och tornsvalor,Ingemar Lönnbom,,1939,2022,published,published,[Litteraturkartan](https://litteraturbanken.se/litteraturkartan/?id=777)
856,777,Halmstad,56.672381427368016,12.853918075561523,Person,🟣,Mamma väckte hans bokpassion,Ingemar Lönnbom,https://litteraturbanken.se/författare/VetterlundF/titlar,,,published,published,[Litteraturkartan](https://litteraturbanken.se/litteraturkartan/?id=777)
857,777,Halmstad,56.672381427368016,12.853918075561523,Person,🟣,Tristan trivdes inte i Halmstad,Ingemar Lönnbom,LindströmSigfrid,1892,1950,published,published,[Litteraturkartan](https://litteraturbanken.se/litteraturkartan/?id=777) · [Source](https://litteraturbanken.se/f%C3%B6rfattare/Lindstr%C3%B6mSigfrid/titlar/DeBesegrade/sida/5/faksimil)
858,778,Rolfstorps prästgård,57.14608457754109,12.464947644621136,Person,🟣,Vinterklädd präst i sommarvärmen,Ingemar Lönnbom,SkarstedtCW,1885,1885,published,published,[Litteraturkartan](https://litteraturbanken.se/litteraturkartan/?id=778) · [Source](https://litteraturbanken.se/f%C3%B6rfattare/SkarstedtCW/titlar/G%C3%B6teborgsStiftsHerdaminne1885/sida/487/faksimil)
859,780,Valinge kyrka,57.17166151904389,12.382499640807511,Plats,🟢,Anders tvingades med våld till altaret,,BergW,1882,1882,published,published,[Litteraturkartan](https://litteraturbanken.se/litteraturkartan/?id=780) · [Source](https://litteraturbanken.se/f%C3%B6rfattare/BergW/titlar/G%C3%B6teborgsHistoria1/sida/211/faksimil)
861,781,Skottorps slott,56.43582517294007,12.979027032852175,Plats,🟢,Spatserande omkring på gården,,BruniusCG,1838,1838,published,published,[Litteraturkartan](https://litteraturbanken.se/litteraturkartan/?id=781) · [Source](https://litteraturbanken.se/författare/BruniusCG/titlar/AntiqvariskOchArkitektoniskResa/sida/17/faksimil)
911,781,Skottorps slott,56.43582517294007,12.979027032852175,Person,🟣,Hon skrev roman om en ovillig monark,Ingemar Lönnbom,PfeifferS,1886,1886,published,published,[Litteraturkartan](https://litteraturbanken.se/litteraturkartan/?id=781) · [Source](https://litteraturbanken.se/f%C3%B6rfattare/PfeifferS/titlar/Sk%C3%B6n%C3%96lleg%C3%A5rd/sida/348/faksimil)
913,781,Skottorps slott,56.43582517294007,12.979027032852175,Person,🟣,Den älskvärda Satan,Dick Claésson,StrindbergA,1886,1886,published,published,[Litteraturkartan](https://litteraturbanken.se/litteraturkartan/?id=781) · [Source](https://litteraturbanken.se/författare/StrindbergA/titlar/HanOchHon/sida/171/etext)
862,782,Lagaholm slott,56.51629178756421,13.050159215927126,Plats,🟢,Musen måtte väl hafva matro,,BruniusCG,1838,1838,published,published,[Litteraturkartan](https://litteraturbanken.se/litteraturkartan/?id=782) · [Source](https://litteraturbanken.se/författare/BruniusCG/titlar/AntiqvariskOchArkitektoniskResa/sida/18/faksimil)
863,783,Lagavägen,56.51646936006602,13.051371574401857,Plats,🟢,En behaglig tafla,,BruniusCG,1838,1838,published,published,[Litteraturkartan](https://litteraturbanken.se/litteraturkartan/?id=783) · [Source](https://litteraturbanken.se/författare/BruniusCG/titlar/AntiqvariskOchArkitektoniskResa/sida/19/faksimil)
864,784,Utkanten av Halmstad,56.64655380388949,12.909193038940431,Plats,🟢,Den ödsliga rymden,,BruniusCG,1838,1838,published,published,[Litteraturkartan](https://litteraturbanken.se/litteraturkartan/?id=784) · [Source](https://litteraturbanken.se/författare/BruniusCG/titlar/AntiqvariskOchArkitektoniskResa/sida/22/faksimil)
865,785,Nissans mynning,56.65497626107476,12.846901416778566,Plats,🟢,Det är torparelikt,,BruniusCG,1838,1838,published,published,[Litteraturkartan](https://litteraturbanken.se/litteraturkartan/?id=785) · [Source](https://litteraturbanken.se/författare/BruniusCG/titlar/AntiqvariskOchArkitektoniskResa/sida/23/faksimil)
866,786,Sandslätt,56.72132275424167,12.69401550292969,Plats,🟢,Uprifwen utur sjelfwa landets bottn,,HarlemanC,1749,1749,published,published,[Litteraturkartan](https://litteraturbanken.se/litteraturkartan/?id=786) · [Source](https://litteraturbanken.se/författare/HarlemanC/titlar/Dagbok/sida/56/faksimil)
867,787,Tofta,56.698326842478075,13.00959348678589,Verk,🔵,Lyktgubben,,HagbergL,1937,1937,published,published,[Litteraturkartan](https://litteraturbanken.se/litteraturkartan/?id=787) · [Source](https://litteraturbanken.se/författare/HagbergL/titlar/NärDödenGästar/sida/573/faksimil)
868,788,Menlösa,56.42092786047462,13.04924726486206,Plats,🟢,Gasten i pilen,,HagbergL,1937,1937,published,published,[Litteraturkartan](https://litteraturbanken.se/litteraturkartan/?id=788) · [Source](https://litteraturbanken.se/författare/HagbergL/titlar/NärDödenGästar/sida/584/faksimil)
869,789,Ekbackarna,56.65412702294984,13.290925025939943,Verk,🔵,Ett offer,,HagbergL,1937,1937,published,published,[Litteraturkartan](https://litteraturbanken.se/litteraturkartan/?id=789) · [Source](https://litteraturbanken.se/författare/HagbergL/titlar/NärDödenGästar/sida/85/faksimil)
870,790,Österbro,56.67424410577746,12.859926223754885,Verk,🔵,En vistelse i vattnet,,HagbergL,1937,1937,published,published,[Litteraturkartan](https://litteraturbanken.se/litteraturkartan/?id=790) · [Source](https://litteraturbanken.se/författare/HagbergL/titlar/NärDödenGästar/sida/591/faksimil)
978,790,Österbro,56.67424410577746,12.859926223754885,Person,🟣,Nissan i mitt hjärta,Christina Kall,,,,published,published,[Litteraturkartan](https://litteraturbanken.se/litteraturkartan/?id=790)
871,791,Engelska kyrkogården,56.43514895785829,12.57313370704651,Plats,🟢,Där många gastar ligga,,HagbergL,1937,1937,published,published,[Litteraturkartan](https://litteraturbanken.se/litteraturkartan/?id=791) · [Source](https://litteraturbanken.se/författare/HagbergL/titlar/NärDödenGästar/sida/595/faksimil)
872,792,Färgaryds kyrka,56.9992176607153,13.308176994323732,Verk,🔵,Gengångaren Hallands-Nisse,,HagbergL,1937,1937,published,published,[Litteraturkartan](https://litteraturbanken.se/litteraturkartan/?id=792) · [Source](https://litteraturbanken.se/författare/HagbergL/titlar/NärDödenGästar/sida/630/faksimil)
873,793,"Ågatan, Falkenberg",56.90383896171799,12.493904689326886,Person,🟣,Hon drev kvinnokamp med humor,Ingemar Lönnbom,CarlbergF,1851,1925,published,published,[Litteraturkartan](https://litteraturbanken.se/litteraturkartan/?id=793) · [Source](https://litteraturbanken.se/f%C3%B6rfattare/CarlbergF/titlar/N%C3%A5graSk%C3%A4lVarf%C3%B6r/sida/I/faksimil)
874,794,Blomstervången,56.70379834090411,12.813034839928152,Person,🟣,Elsa Graves Blomstervång,Christina Kall,,,,published,published,[Litteraturkartan](https://litteraturbanken.se/litteraturkartan/?id=794)
875,796,Värö prästgård,57.25986825184,12.197738313116135,Person,🟣,Hon skrev fantastiska romaner,Ingemar Lönnbom,SörmanP,1897,1947,published,published,[Litteraturkartan](https://litteraturbanken.se/litteraturkartan/?id=796) · [Source](https://litteraturbanken.se/f%C3%B6rfattare/S%C3%B6rmanP/titlar/Aloe/sida/v/faksimil)
876,797,Vessige kyrka,56.9763393057226,12.66176462173462,Person,🟣,Prästen som var dubbelagent under Skånska kriget,Ingemar Lönnbom,,1607,1690,published,published,[Litteraturkartan](https://litteraturbanken.se/litteraturkartan/?id=797) · [Source](https://litteraturbanken.se/f%C3%B6rfattare/HofbergH/titlar/SvensktBiografisktHandlexikon1/sida/586/faksimil)
899,797,Vessige kyrka,56.9763393057226,12.66176462173462,Plats,🟢,Vessige och sagorna,Maria Ehrenberg,BondesonA,,,published,published,[Litteraturkartan](https://litteraturbanken.se/litteraturkartan/?id=797) · [Source](https://litteraturbanken.se/f%C3%B6rfattare/BondesonA/titlar/Hall%C3%A4ndskaSagor/sida/5/faksimil)
877,798,Vastad borgruin,56.83609463634317,12.65947787091136,Plats,🟢,Dubbel olycka bakom ruinerad borg,Ingemar Lönnbom,BergPG,1400,1566,published,published,[Litteraturkartan](https://litteraturbanken.se/litteraturkartan/?id=798) · [Source](https://litteraturbanken.se/f%C3%B6rfattare/BergPG/titlar/AnteckningarOmSvenskaQvinnor/sida/216/faksimil)
878,799,Vapnö kyrka,56.69751829775334,12.82994486857206,Person,🟣,Triangeldramat avslutades i Vapnö kyrka,Ingemar Lönnbom,BergPG,1697,1787,published,published,[Litteraturkartan](https://litteraturbanken.se/litteraturkartan/?id=799) · [Source](https://litteraturbanken.se/f%C3%B6rfattare/BergPG/titlar/AnteckningarOmSvenskaQvinnor/sida/316/faksimil)
879,800,Varla,57.50267113492881,12.061877637170257,Person,🟣,Hon gifte sig med 109-årig norrman,Ingemar Lönnbom,BergPG,1759,1767,published,published,[Litteraturkartan](https://litteraturbanken.se/litteraturkartan/?id=800) · [Source](https://litteraturbanken.se/f%C3%B6rfattare/BergPG/titlar/AnteckningarOmSvenskaQvinnor/sida/37/faksimil)
880,801,Ästad,57.06546477455655,12.560011250898244,Person,🟣,Diktaren från Ästad,Ingemar Lönnbom,,1919,1982,published,published,[Litteraturkartan](https://litteraturbanken.se/litteraturkartan/?id=801)
881,802,Torups kyrka,56.95936309536491,13.076508105732502,Person,🟣,Han tackade nej till att bli kardinal i Rom,Ingemar Lönnbom,HofbergH,1617,1678,published,published,[Litteraturkartan](https://litteraturbanken.se/litteraturkartan/?id=802) · [Source](https://litteraturbanken.se/f%C3%B6rfattare/HofbergH/titlar/SvensktBiografisktHandlexikon1/sida/55/faksimil)
882,803,Särö,57.50599932286853,11.940463799983265,Plats,🟢,Göteborgs revykung skojade om Särö,,EngdahlA,1912,1912,published,published,[Litteraturkartan](https://litteraturbanken.se/litteraturkartan/?id=803) · [Source](https://litteraturbanken.se/f%C3%B6rfattare/EngdahlA/titlar/OrdOchVisor/sida/61/faksimil)
906,803,Särö,57.50599932286853,11.940463799983265,Person,🟣,Tidig skräckförfattare skrev om Särö,Ingemar Lönnbom,LjungstedtA,1882,1882,published,published,[Litteraturkartan](https://litteraturbanken.se/litteraturkartan/?id=803) · [Source](https://litteraturbanken.se/f%C3%B6rfattare/LjungstedtA/titlar/SamladeBer%C3%A4ttelser9/sida/6/faksimil)
950,803,Särö,57.50599932286853,11.940463799983265,Plats,🟢,Särö hos Litteraturbanken,,,,,published,published,[Litteraturkartan](https://litteraturbanken.se/litteraturkartan/?id=803)
883,804,Alfshög,56.9720707,12.6274109,Plats,🟢,Alfshög och sagorna,Maria Ehrenberg,BondesonA,,,published,published,[Litteraturkartan](https://litteraturbanken.se/litteraturkartan/?id=804) · [Source](https://litteraturbanken.se/f%C3%B6rfattare/BondesonA/titlar/Hall%C3%A4ndskaSagor/sida/5/faksimil)
884,805,"Krukmakaregatan, Falkenberg",56.900074177483894,12.495553493499758,Plats,🟢,Falkenbergs berömda lergökar,Maria Ehrenberg,BondesonA,1892,1892,published,published,[Litteraturkartan](https://litteraturbanken.se/litteraturkartan/?id=805) · [Source](https://litteraturbanken.se/f%C3%B6rfattare/BondesonA/titlar/IGlimmingeOchKr%C3%B6plinge/sida/8/faksimil)
885,806,"Askome, Jutagård",57.01188997950803,12.662472724914553,Verk,🔵,Chronschough – den svenske besserwissern,Maria Ehrenberg,BondesonA,1897,1897,published,published,[Litteraturkartan](https://litteraturbanken.se/litteraturkartan/?id=806) · [Source](https://litteraturbanken.se/f%C3%B6rfattare/BondesonA/titlar/SkollarareJohnChronschoughsmemoarer/sida/3/etext)
886,807,Norre mossen,56.958343561491645,12.661356925964357,Verk,🔵,Från Glimminge mosse till Amerika,Maria Ehrenberg,BondesonA,1883,1883,published,published,[Litteraturkartan](https://litteraturbanken.se/litteraturkartan/?id=807) · [Source](https://litteraturbanken.se/f%C3%B6rfattare/BondesonA/titlar/HallingsAnna/sida/8/faksimil)
888,808,Häktet i Halmstad,56.670565816747164,12.856321334838869,Verk,🔵,Mästertjuven rymmer på väg till Halmstads häkte,Maria Ehrenberg,BondesonA,1888,1888,published,published,[Litteraturkartan](https://litteraturbanken.se/litteraturkartan/?id=808) · [Source](https://litteraturbanken.se/författare/BondesonA/titlar/NyaAllmogeberättelser/sida/10/faksimil)
889,809,Klammerdammsgatan,56.67515183339815,12.856922149658203,Verk,🔵,Halmstad och därefter stora världen,Maria Ehrenberg,BondesonA,1892,1892,published,published,[Litteraturkartan](https://litteraturbanken.se/litteraturkartan/?id=809) · [Source](https://litteraturbanken.se/f%C3%B6rfattare/BondesonA/titlar/IGlimmingeOchKr%C3%B6plinge/sida/46/faksimil)
890,810,Jonstorp,56.93443912583416,12.557308673858644,Verk,🔵,Att dika diken,Maria Ehrenberg,BondesonA,1888,1888,published,published,[Litteraturkartan](https://litteraturbanken.se/litteraturkartan/?id=810) · [Source](https://litteraturbanken.se/författare/BondesonA/titlar/NyaAllmogeberättelser/sida/15/faksimil)
891,811,Krogsered,57.25279669421205,12.761446237564089,Verk,🔵,En skogsbygd utan skog,Maria Ehrenberg,BondesonA,1880,1880,published,published,[Litteraturkartan](https://litteraturbanken.se/litteraturkartan/?id=811) · [Source](https://litteraturbanken.se/f%C3%B6rfattare/BondesonA/titlar/JonISl%C3%A4tthult/sida/1/etext)
892,812,Vessige,56.9751815702062,12.671978473663332,Verk,🔵,I Glimminge och Kröplinge  = Vessige och Alfshög,Maria Ehrenberg,BondesonA,1892,1892,published,published,[Litteraturkartan](https://litteraturbanken.se/litteraturkartan/?id=812) · [Source](https://litteraturbanken.se/f%C3%B6rfattare/BondesonA/titlar/IGlimmingeOchKr%C3%B6plinge/sida/6/faksimil)
893,813,Ljungby,56.98987278572331,12.590138912200928,Plats,🟢,Ljungby och sagorna,Maria Ehrenberg,BondesonA,,,published,published,[Litteraturkartan](https://litteraturbanken.se/litteraturkartan/?id=813) · [Source](https://litteraturbanken.se/f%C3%B6rfattare/BondesonA/titlar/Hall%C3%A4ndskaSagor/sida/5/faksimil)
920,813,Ljungby,56.98987278572331,12.590138912200928,Plats,🟢,Här festades ordentligt,Ingemar Lönnbom,,1769,1769,published,published,[Litteraturkartan](https://litteraturbanken.se/litteraturkartan/?id=813)
894,814,Sjönevad,56.98512639734556,12.738497257232668,Plats,🟢,Det går vilt till på Sjönevads marknad,Maria Ehrenberg,BondesonA,1881,1881,published,published,[Litteraturkartan](https://litteraturbanken.se/litteraturkartan/?id=814) · [Source](https://litteraturbanken.se/f%C3%B6rfattare/BondesonA/titlar/Marknadsgubbar/sida/6/faksimil)
895,815,Slätthult,57.03496248902182,12.901296615600588,Person,🟣,En biografi över en som inte brukar få en sådan,Maria Ehrenberg,BondesonA,1880,1880,published,published,[Litteraturkartan](https://litteraturbanken.se/litteraturkartan/?id=815) · [Source](https://litteraturbanken.se/f%C3%B6rfattare/BondesonA/titlar/JonISl%C3%A4tthult/sida/1/etext)
896,816,Sörby,56.95075549051484,12.66799807548523,Verk,🔵,Rackarns att vara rackare,Maria Ehrenberg,BondesonA,1888,1888,published,published,[Litteraturkartan](https://litteraturbanken.se/litteraturkartan/?id=816) · [Source](https://litteraturbanken.se/författare/BondesonA/titlar/NyaAllmogeberättelser/sida/20/faksimil)
897,817,Unnaryd,56.95405535036687,13.537859916687013,Plats,🟢,Unnaryd och sagorna,Marie Ehrenberg,BondesonA,,,published,published,[Litteraturkartan](https://litteraturbanken.se/litteraturkartan/?id=817) · [Source](https://litteraturbanken.se/f%C3%B6rfattare/BondesonA/titlar/Hall%C3%A4ndskaSagor/sida/5/faksimil)
898,818,Fågelboet,56.97797644603061,12.664382457733154,Person,🟣,August Bondeson – skomakaresonen som blev läkare och folklivsberättare,Maria Ehrenberg,BondesonA,1854,1906,published,published,[Litteraturkartan](https://litteraturbanken.se/litteraturkartan/?id=818)
900,819,Vinberg,56.950767192661644,12.543060779571535,Plats,🟢,Vinberg och sagorna,Maria Ehrenberg,BondesonA,,,published,published,[Litteraturkartan](https://litteraturbanken.se/litteraturkartan/?id=819) · [Source](https://litteraturbanken.se/f%C3%B6rfattare/BondesonA/titlar/Hall%C3%A4ndskaSagor/sida/5/faksimil)
901,820,Halmstads slott,56.67160921406269,12.857694625854494,Plats,🟢,"En sista natt i Sverige, med sikte på Rom",Christina Kall,Kristina,,,published,published,[Litteraturkartan](https://litteraturbanken.se/litteraturkartan/?id=820)
902,820,Halmstads slott,56.67160921406269,12.857694625854494,Person,🟣,Tjugotvå år i ett blått torn,Christina Kall,,,,published,published,[Litteraturkartan](https://litteraturbanken.se/litteraturkartan/?id=820)
903,821,Lilla Apelviken,57.08925565876014,12.24182724952698,Plats,🟢,"Är det dig, min kust, de kalla ful?",Christina Kall,,,,published,published,[Litteraturkartan](https://litteraturbanken.se/litteraturkartan/?id=821)
904,822,Oskarshamn,56.79483875930898,12.612948417663574,Verk,🔵,Målaren Sellén,Dick Claésson,StrindbergA,1880,1880,published,published,[Litteraturkartan](https://litteraturbanken.se/litteraturkartan/?id=822) · [Source](https://litteraturbanken.se/författare/StrindbergA/titlar/RödaRummet1880/sida/45/faksimil)
905,823,Törnehall,56.734430903176815,12.641197443008425,Verk,🔵,Ensamhetens hemlighetsfulla bekantskaper,Dick Claésson,StrindbergA,1880,1880,published,published,[Litteraturkartan](https://litteraturbanken.se/litteraturkartan/?id=823) · [Source](https://litteraturbanken.se/författare/StrindbergA/titlar/RödaRummet1880/sida/83/faksimil)
907,824,Sällstorp,57.23584668908245,12.359786778688433,Plats,🟢,Prästen kom försent till julottan,Ingemar Lönnbom,SkarstedtCW,1885,1885,published,published,[Litteraturkartan](https://litteraturbanken.se/litteraturkartan/?id=824) · [Source](https://litteraturbanken.se/f%C3%B6rfattare/SkarstedtCW/titlar/G%C3%B6teborgsStiftsHerdaminne1885/sida/1140/faksimil)
909,825,Barnekowsstenen,57.206016039930084,12.463011424988508,Plats,🟢,Här stupade danske kungens räddare,Ingemar Lönnbom,BergPG,1612,1612,published,published,[Litteraturkartan](https://litteraturbanken.se/litteraturkartan/?id=825) · [Source](https://litteraturbanken.se/f%C3%B6rfattare/BergPG/titlar/M%C3%A4rkligaSvenskaStenar/sida/66/faksimil)
908,826,Lillån,56.77825436266198,13.137073516845705,Person,🟣,Strindberg och guldet,Dick Claésson,StrindbergA,1896,1896,published,published,[Litteraturkartan](https://litteraturbanken.se/litteraturkartan/?id=826) · [Source](https://litteraturbanken.se/författare/StrindbergA/titlar/StrindbergsBrev11/sida/160/faksimil)
910,827,Skrea,56.884581392232995,12.569585060700776,Plats,🟢,Gallskrik eller sand gav Skrea sitt namn,Ingemar Lönnbom,PetterssonS,1872,1872,published,published,[Litteraturkartan](https://litteraturbanken.se/litteraturkartan/?id=827) · [Source](https://litteraturbanken.se/f%C3%B6rfattare/PetterssonS/titlar/G%C3%B6teborgsStiftsHerdaminne1872/sida/464/faksimil)
914,828,Strandgatan,57.103155977908166,12.24104404449463,Verk,🔵,"Ett ödsligt, ofta vildt landskap",,StrindbergA,1901,1901,published,published,[Litteraturkartan](https://litteraturbanken.se/litteraturkartan/?id=828) · [Source](https://litteraturbanken.se/författare/StrindbergA/titlar/SverigesNatur/sida/52/faksimil)
917,830,Kvarteret Sadelmakaren,57.10502272253268,12.253494789735083,Person,🟣,Sveriges första kvinnliga chefredaktör,,,1877,1928,published,published,[Litteraturkartan](https://litteraturbanken.se/litteraturkartan/?id=830)
918,831,Halmstads gamla läroverk,56.67322249282904,12.8571480290438,Person,🟣,"Liten, kortklippt, pojkklädd, pincenéprydd och kedjerökande",,JohansonK,1875,1948,published,published,[Litteraturkartan](https://litteraturbanken.se/litteraturkartan/?id=831) · [Source](https://litteraturbanken.se/f%C3%B6rfattare/JohansonK/titlar/DetRikaSt%C3%A4rbhuset/sida/I/faksimil)
921,833,Norra Horten,57.22185656259075,12.094215803662994,Plats,🟢,Ett hårresande spökeri,,BergW,1887,1887,published,published,[Litteraturkartan](https://litteraturbanken.se/litteraturkartan/?id=833) · [Source](https://litteraturbanken.se/f%C3%B6rfattare/BergW/titlar/G%C3%B6teborgsHistoria2/sida/174/faksimil)
922,834,Breareds kyrka,56.72499788589437,13.13731872470672,Plats,🟢,Prästen levde i lättja och vällust,Ingemar Lönnbom,BergW,1891,1893,published,published,[Litteraturkartan](https://litteraturbanken.se/litteraturkartan/?id=834) · [Source](https://litteraturbanken.se/f%C3%B6rfattare/BergW/titlar/G%C3%B6teborgsHistoria4/sida/220/faksimil)
946,834,Breareds kyrka,56.72499788589437,13.13731872470672,Plats,🟢,Mödernesläkten,,,,,published,published,[Litteraturkartan](https://litteraturbanken.se/litteraturkartan/?id=834)
923,835,Drängsered,57.019093048590115,12.968138570890908,Plats,🟢,Den ohöfliga visan,Ingemar Lönnbom,SkarstedtCW,1885,1885,published,published,[Litteraturkartan](https://litteraturbanken.se/litteraturkartan/?id=835) · [Source](https://litteraturbanken.se/f%C3%B6rfattare/SkarstedtCW/titlar/G%C3%B6teborgsStiftsHerdaminne1885/sida/289/faksimil)
924,836,Hasslövs kyrka,56.420150866031946,13.006778547682158,Plats,🟢,En hjelpelig trollkarl,,PetterssonS,1872,1872,published,published,[Litteraturkartan](https://litteraturbanken.se/litteraturkartan/?id=836) · [Source](https://litteraturbanken.se/f%C3%B6rfattare/PetterssonS/titlar/G%C3%B6teborgsStiftsHerdaminne1872/sida/579/faksimil)
925,837,Hasslövs kyrkogård,56.42014977221705,13.007268760816203,Person,🟣,Han hittade 900 okända växter,Ingemar Lönnbom,SkarstedtCW,1723,1805,published,published,[Litteraturkartan](https://litteraturbanken.se/litteraturkartan/?id=837) · [Source](https://litteraturbanken.se/f%C3%B6rfattare/SkarstedtCW/titlar/G%C3%B6teborgsStiftsHerdaminne1885/sida/460/faksimil)
926,838,Kvarteret trädgården,57.10576871780778,12.247563614510002,Verk,🔵,Fritiofs saga i Personska trädgården,Ingemar Lönnbom,EngdahlA,1912,1912,published,published,[Litteraturkartan](https://litteraturbanken.se/litteraturkartan/?id=838) · [Source](https://litteraturbanken.se/f%C3%B6rfattare/EngdahlA/titlar/OrdOchVisor/sida/22/faksimil)
927,839,Virken,57.423879157930735,11.903062574565412,Plats,🟢,Smugglares tilläggsplats?,Ingemar Lönnbom,RamsayE,1828,1922,published,published,[Litteraturkartan](https://litteraturbanken.se/litteraturkartan/?id=839) · [Source](https://litteraturbanken.se/f%C3%B6rfattare/RamsayE/titlar/SanningOchDikt/sida/282/faksimil)
928,840,Teatern,57.10859607262077,12.251043361611666,Plats,🟢,"Är ni berusad, människa?",Ingemar Lönnbom,FalckA,1907,1935,published,published,[Litteraturkartan](https://litteraturbanken.se/litteraturkartan/?id=840) · [Source](https://litteraturbanken.se/f%C3%B6rfattare/FalckA/titlar/Fem%C3%85rMedStrindberg/sida/36/faksimil)
929,842,Strandpromenaden,57.0929716632656,12.24007761105895,Verk,🔵,Den unga hertiginnan Ingeborg Håkansdotter,Ingemar Lönnbom,HeidenstamV,1908,1908,published,published,[Litteraturkartan](https://litteraturbanken.se/litteraturkartan/?id=842) · [Source](https://litteraturbanken.se/f%C3%B6rfattare/HeidenstamV/titlar/SvenskarnaOchDerasI/sida/201/etext)
931,844,Hagbards galge,56.88347596465323,12.738208123482764,Verk,🔵,Drick en skål för din död!,Ingemar Lönnbom,DalströmK,1889,1889,published,published,[Litteraturkartan](https://litteraturbanken.se/litteraturkartan/?id=844) · [Source](https://litteraturbanken.se/f%C3%B6rfattare/Dalstr%C3%B6mK/titlar/NordiskaHjeltesagor/sida/43/faksimil)
932,845,Hagbards kulle,56.90027187334073,12.717131534591317,Plats,🟢,Han var i målet som en get,,StarbäckCG,1879,1879,published,published,[Litteraturkartan](https://litteraturbanken.se/litteraturkartan/?id=845) · [Source](https://litteraturbanken.se/f%C3%B6rfattare/Starb%C3%A4ckCG/titlar/LifknektensBer%C3%A4ttelser/sida/144/faksimil)
933,846,Signhilds bur,56.86244985764185,12.743988912552595,Plats,🟢,Ett hemskt öde väntade Signhild,Ingemar Lönnbom,BruniusCG,1838,1838,published,published,[Litteraturkartan](https://litteraturbanken.se/litteraturkartan/?id=846) · [Source](https://litteraturbanken.se/f%C3%B6rfattare/BruniusCG/titlar/AntiqvariskOchArkitektoniskResa/sida/362/faksimil)
935,847,Rossared,57.48470488441593,12.198289632797241,Plats,🟢,Här fanns vilda hästar,,,1871,1871,published,published,[Litteraturkartan](https://litteraturbanken.se/litteraturkartan/?id=847)
936,848,Dömestorp,56.42525385874873,12.984829824417833,Person,🟣,Godsherren hyllade Finlands-veteranen,Ingemar Lönnbom,,1871,1871,published,published,[Litteraturkartan](https://litteraturbanken.se/litteraturkartan/?id=848) · [Source](https://litteraturbanken.se/f%C3%B6rfattare/M%C3%B6llerP/titlar/Rimmerier/sida/5/faksimil)
937,849,Vinbergs prästgård,56.92799621169435,12.54830556833147,Person,🟣,Här föddes Olof von Dalin,Ingemar Lönnbom,AtterbomPDA,1844,1844,published,published,[Litteraturkartan](https://litteraturbanken.se/litteraturkartan/?id=849) · [Source](https://litteraturbanken.se/f%C3%B6rfattare/AtterbomPDA/titlar/SvenskaSiareOchSkalderIII/sida/-2/etext)
938,850,Harplinge,56.74093760269618,12.728638799308102,Person,🟣,Här sjöngs maj i by,Ingemar Lönnbom,,1916,1916,published,published,[Litteraturkartan](https://litteraturbanken.se/litteraturkartan/?id=850)
939,850,Harplinge,56.74093760269618,12.728638799308102,Person,🟣,Utbildning och rösträtt var hennes passion,,,1836,1919,published,published,[Litteraturkartan](https://litteraturbanken.se/litteraturkartan/?id=850)
940,851,Storgatan 41,56.676772844389326,12.85893813842249,Person,🟣,M. F. stod i vägen för kvinnorna,Ingemar Lönnbom,JohansonK,1948,1948,published,published,[Litteraturkartan](https://litteraturbanken.se/litteraturkartan/?id=851) · [Source](https://litteraturbanken.se/f%C3%B6rfattare/JohansonK/titlar/SigridFridman/sida/1/faksimil)
942,852,Tostaredsvägen,57.44485538153916,12.243371316789908,Plats,🟢,Svartkonstböcker är inget att leka med,,,1884,1884,published,published,[Litteraturkartan](https://litteraturbanken.se/litteraturkartan/?id=852)
941,853,Hallandsposten,56.66870295647747,12.859818935394289,Person,🟣,Pellaskapare volontärade på Hallandsposten,,WärnlöfAL,1911,1987,published,published,[Litteraturkartan](https://litteraturbanken.se/litteraturkartan/?id=853) · [Source](https://litteraturbanken.se/författare/WärnlöfAL/titlar/OmNiBehagar/sida/3/etext)
943,854,Simlångsdalen,56.721223776844056,13.131172822395929,Verk,🔵,Romanen gav namn till Simlångsdalen,,StrömF,1903,1903,published,published,[Litteraturkartan](https://litteraturbanken.se/litteraturkartan/?id=854) · [Source](https://litteraturbanken.se/f%C3%B6rfattare/Str%C3%B6mF/titlar/FolketISiml%C3%A5ngsdalen/sida/13/faksimil)
944,855,Frodestenen,57.44080602288648,12.183473149817885,Plats,🟢,Kron-Kalle räddade gravfältet,Ingemar Lönnbom,BergPG,1873,1873,published,published,[Litteraturkartan](https://litteraturbanken.se/litteraturkartan/?id=855) · [Source](https://litteraturbanken.se/f%C3%B6rfattare/BergPG/titlar/M%C3%A4rkligaSvenskaStenar/sida/39/faksimil)
945,856,Norra kyrkogården,56.680633100281916,12.857694625854494,Plats,🟢,Ett barndomsminne,,,,,published,published,[Litteraturkartan](https://litteraturbanken.se/litteraturkartan/?id=856)
947,857,Breared,56.71814361923208,13.122267723083498,Plats,🟢,Fädernesläkten,,,,,published,published,[Litteraturkartan](https://litteraturbanken.se/litteraturkartan/?id=857)
949,858,Gårdshult,56.69313683290742,13.144798278808596,Plats,🟢,Detta är Halland,,,,,published,published,[Litteraturkartan](https://litteraturbanken.se/litteraturkartan/?id=858)
951,859,Tjolöholm,57.39856052586802,12.10325360298157,Plats,🟢,Tjolöholm hos Litteraturbanken,,,,,published,published,[Litteraturkartan](https://litteraturbanken.se/litteraturkartan/?id=859)
952,860,Skällinge,57.1821685,12.4683439,Plats,🟢,Skällinge hos Litteraturbanken,,,,,published,published,[Litteraturkartan](https://litteraturbanken.se/litteraturkartan/?id=860)
954,861,Ätran,57.11895579479921,12.944083213806152,Plats,🟢,Ätran hos Litteraturbanken,,,,,published,published,[Litteraturkartan](https://litteraturbanken.se/litteraturkartan/?id=861)
953,862,Himle,57.073175,12.3667501,Plats,🟢,Himle hos Litteraturbanken,,,,,published,published,[Litteraturkartan](https://litteraturbanken.se/litteraturkartan/?id=862)
955,863,Nissan,56.9715093224852,13.17938804626465,Plats,🟢,Nissan hos Litteraturbanken,,,,,published,published,[Litteraturkartan](https://litteraturbanken.se/litteraturkartan/?id=863)
956,864,Tylösand,56.648600200000004,12.73179199043825,Plats,🟢,Tylösand hos Litteraturbanken,,,,,published,published,[Litteraturkartan](https://litteraturbanken.se/litteraturkartan/?id=864)
957,865,Getinge,56.81734701197178,12.736587524414064,Plats,🟢,Getinge hos Litteraturbanken,,,,,published,published,[Litteraturkartan](https://litteraturbanken.se/litteraturkartan/?id=865)
969,866,Fjärås,57.459829951730605,12.178859710693361,Plats,🟢,Fjärås hos Litteraturbanken,,,,,published,published,[Litteraturkartan](https://litteraturbanken.se/litteraturkartan/?id=866)
961,867,Hallandsås,56.37542262330902,13.023605346679688,Plats,🟢,Hallandsås hos Litteraturbanken,,,,,published,published,[Litteraturkartan](https://litteraturbanken.se/litteraturkartan/?id=867)
960,868,Våxtorp,56.42003775264788,13.108341693878176,Plats,🟢,Våxtorp hos Litteraturbanken,,,,,published,published,[Litteraturkartan](https://litteraturbanken.se/litteraturkartan/?id=868)
968,869,Hanhals,57.4443593,12.0833306,Plats,🟢,Hanhals hos Litteraturbanken,,,,,published,published,[Litteraturkartan](https://litteraturbanken.se/litteraturkartan/?id=869)
967,870,Veddige,57.26925198864007,12.318463325500488,Plats,🟢,Veddige hos Litteraturbanken,,,,,published,published,[Litteraturkartan](https://litteraturbanken.se/litteraturkartan/?id=870)
966,871,Skedala,56.692500550940665,12.98165559768677,Plats,🟢,Skedala hos Litteraturbanken,,,,,published,published,[Litteraturkartan](https://litteraturbanken.se/litteraturkartan/?id=871)
965,872,Tjärby,57.0971205,12.4049651,Plats,🟢,Tjärby hos Litteraturbanken,,,,,published,published,[Litteraturkartan](https://litteraturbanken.se/litteraturkartan/?id=872)
964,873,Veinge,56.55459856736091,13.081476688385012,Plats,🟢,Veinge hos Litteraturbanken,,,,,published,published,[Litteraturkartan](https://litteraturbanken.se/litteraturkartan/?id=873)
963,874,Ysby,56.4933152,13.1199661,Plats,🟢,Ysby hos Litteraturbanken,,,,,published,published,[Litteraturkartan](https://litteraturbanken.se/litteraturkartan/?id=874)
962,875,Hishult,56.4282532,13.3122044,Plats,🟢,Hishult hos Litteraturbanken,,,,,published,published,[Litteraturkartan](https://litteraturbanken.se/litteraturkartan/?id=875)
970,876,Vallby,57.4532735738183,12.158131599426271,Person,🟣,Mount Betty 85⁰ 11´S 163⁰45´W – bland Antarktis istoppar,Christina Kall,,,,published,published,[Litteraturkartan](https://litteraturbanken.se/litteraturkartan/?id=876)
971,877,Älvsåker,57.54206554981407,12.119464874267578,Person,🟣,Masken dog i mossan,Christina Kall,,,,published,published,[Litteraturkartan](https://litteraturbanken.se/litteraturkartan/?id=877)
972,878,Vinbergs kyrka,56.92675251118974,12.545517683029177,Person,🟣,Hur har ni det med kringflackandet?,Christina Kall,,,,published,published,[Litteraturkartan](https://litteraturbanken.se/litteraturkartan/?id=878)
973,878,Vinbergs kyrka,56.92675251118974,12.545517683029177,Person,🟣,Om eldnatten,Dick Claésson,WideAG,1959,1962,published,published,[Litteraturkartan](https://litteraturbanken.se/litteraturkartan/?id=878) · [Source](https://litteraturbanken.se/författare/WideAG/titlar/WideBrevBjörckMS/sida/7/faksimil)
974,879,Hällevik,57.42141980167245,12.328891300621818,Plats,🟢,Här låg Hallands helvete,Ingemar Lönnbom,StrömF,1929,1929,published,published,[Litteraturkartan](https://litteraturbanken.se/litteraturkartan/?id=879)
975,880,Långås,56.97595236163748,12.449498677701596,Verk,🔵,Långås-Tilda och andra slagfärdiga halländskor,,StrömF,1929,1929,published,published,[Litteraturkartan](https://litteraturbanken.se/litteraturkartan/?id=880)
976,881,Grimsjön,57.10920501635711,12.47473050576239,Person,🟣,Förvildade kor,Ingemar Lönnbom,,2013,2013,published,published,[Litteraturkartan](https://litteraturbanken.se/litteraturkartan/?id=881)
977,883,Osbecks bokskogar,56.40725668968541,12.999992353288691,Person,🟣,Botanikern som gav namn åt reservatet,Ingemar Lönnbom,ÖdmannS,1815,1815,published,published,[Litteraturkartan](https://litteraturbanken.se/litteraturkartan/?id=883) · [Source](https://litteraturbanken.se/f%C3%B6rfattare/%C3%96dmannS/titlar/SkrifterOchBrev1/sida/234/faksimil)
979,884,Villa Gövik,57.503149806206814,11.933673620223999,Person,🟣,Kärlekens vägar är krokiga,,GerhardK,1956,1956,published,published,[Litteraturkartan](https://litteraturbanken.se/litteraturkartan/?id=884) · [Source](https://litteraturbanken.se/författare/GerhardK/titlar/KattBlandHermeliner/sida/82/etext)
980,885,Hertig Knutsgatan 43 C,56.66591436408597,12.877060174942018,Person,🟣,Nyenkelhetens drottning,Sonja Åkesson,,1926,1977,published,published,[Litteraturkartan](https://litteraturbanken.se/litteraturkartan/?id=885)
981,886,Söndrum,56.669669250592314,12.78885841369629,Person,🟣,"Moderskap, våld och nyskapande",Elsa Grave,,1918,2003,published,published,[Litteraturkartan](https://litteraturbanken.se/litteraturkartan/?id=886)
982,887,Mörkaveka,56.77596909151679,13.176223309966627,Verk,🔵,Suck till Mörkavekapojkarna,Ingemar Lönnbom,StrömF,1929,1929,published,published,[Litteraturkartan](https://litteraturbanken.se/litteraturkartan/?id=887)
983,888,Bexells talande stenar,57.1007201560945,12.524328231811525,Plats,🟢,Därför kom ristningarna till,Ingemar Lönnbom,,1892,1892,published,published,[Litteraturkartan](https://litteraturbanken.se/litteraturkartan/?id=888)
984,892,Societetsparken,57.10681842263872,12.244201025485777,Person,🟣,Frödings svåra tid i Varberg,Ingemar Lönnbom,FrödingG,1889,1891,published,published,[Litteraturkartan](https://litteraturbanken.se/litteraturkartan/?id=892) · [Source](https://litteraturbanken.se/f%C3%B6rfattare/Fr%C3%B6dingG/titlar/GuitarrOchDragharmonika/sida/3/etext)
986,893,Taubegatan 3,57.69503425,11.917379885497546,Resa,🟠,Ett flyttat Taubemonument,David Anthin,TaubeE,1906,1906,published,published,[Litteraturkartan](https://litteraturbanken.se/litteraturkartan/?id=893)
989,894,Masthuggsberget,57.697221926924016,11.936838626861574,Resa,🟠,Goda framtidsutsikter från Masthuggsberget,David Anthin,TaubeE,1925,1925,published,published,[Litteraturkartan](https://litteraturbanken.se/litteraturkartan/?id=894)
990,895,Ramberget,57.71324901820389,11.936817169189453,Resa,🟠,Kung bland berg,David Anthin,TaubeE,1925,1925,published,published,[Litteraturkartan](https://litteraturbanken.se/litteraturkartan/?id=895)
991,896,Grand Hotel Haglund,57.70687571697792,11.971546411514282,Resa,🟠,Resa i hotellrum,David Anthin,TaubeE,1955,1955,published,published,[Litteraturkartan](https://litteraturbanken.se/litteraturkartan/?id=896)
992,897,Park Avenue Hotel,57.698574988409334,11.978198289871218,Resa,🟠,Hypokondriska väggmålningar,David Anthin,TaubeE,1958,1958,published,published,[Litteraturkartan](https://litteraturbanken.se/litteraturkartan/?id=897) · [Source](https://litteraturbanken.se/författare/TaubeE/titlar/BalladerIBohuslän/sida/51/etext)
993,898,"Stora scenen, Liseberg",57.69636763750085,11.993776559829714,Resa,🟠,Taubehyllningar och Lisebergsapplåder,David Anthin,TaubeE,,,published,published,[Litteraturkartan](https://litteraturbanken.se/litteraturkartan/?id=898) · [Source](https://litteraturbanken.se/författare/TaubeE/titlar/BalladerIBohuslän/sida/35/faksimil)
994,899,"Slottsberget, Göteborg",57.70426188060689,11.92919969558716,Resa,🟠,Ridderlig räddning av kunglig gåva,David Anthin,TaubeE,1960,1960,published,published,[Litteraturkartan](https://litteraturbanken.se/litteraturkartan/?id=899)
997,901,Järsbergsstenen,59.2854299,14.1356889,Person,🟣,Runinristare Wannberg,Marit Kapla,JanssonSBF,1863,1863,published,published,[Litteraturkartan](https://litteraturbanken.se/litteraturkartan/?id=901) · [Source](https://litteraturbanken.se/författare/JanssonSBF/titlar/VärmlandsRuninskrifter/sida/20/faksimil)
998,902,Dalby kyrka,60.6494650566818,12.99461603164673,Verk,🔵,Exilvärmlänningen Arvid Stjärnblom,Marit Kapla,SöderbergH,1912,1912,published,published,[Litteraturkartan](https://litteraturbanken.se/litteraturkartan/?id=902) · [Source](https://litteraturbanken.se/f%C3%B6rfattare/S%C3%B6derbergH/titlar/DenAllvarsamma/sida/52/etext?hit_index=0&show_search_work&s_query=St%C3%B6llet&s_lbworkid=lb354083&s_mediatype=etext&s_word_form_only)
1313,902,Dalby kyrka,60.6494650566818,12.99461603164673,Plats,🟢,En nedgrävd kyrka (1845),,BorgströmFL,1845,1845,published,published,[Litteraturkartan](https://litteraturbanken.se/litteraturkartan/?id=902) · [Source](https://litteraturbanken.se/författare/BorgströmFL/titlar/BerättelseÖfverEnResaIWermland/sida/204/faksimil)
999,903,Fämtåsen,60.5441902,13.2153165,Plats,🟢,Klarälvdalens Chimborazo,Marit Kapla,SöderbergH,1907,1907,published,published,[Litteraturkartan](https://litteraturbanken.se/litteraturkartan/?id=903) · [Source](https://litteraturbanken.se/författare/SöderbergH/titlar/DetMörknar/sida/209/etext)
1000,904,"Berga gård, Lysvik",60.02409356213305,13.123919963836672,Person,🟣,Känslornas poet,Marit Kapla,NordenflychtHC,1718,1763,published,published,[Litteraturkartan](https://litteraturbanken.se/litteraturkartan/?id=904) · [Source](https://litteraturbanken.se/författare/NordenflychtHC/titlar/Skrifter/sida/294/etext)
1001,905,Brunskogs kyrka,59.65394445,12.89211998857391,Person,🟣,Till minne av Anna Brunell,Marit Kapla,RudeenT,1661,1729,published,published,[Litteraturkartan](https://litteraturbanken.se/litteraturkartan/?id=905) · [Source](https://litteraturbanken.se/författare/RudeenT/titlar/KärleksOchBröllopsdikter/sida/III/faksimil)
1002,906,Vägsjöfors herrgård,60.2872375,13.0447461,Verk,🔵,En gammal portal,Marit Kapla,FredlundB,1902,1902,published,published,[Litteraturkartan](https://litteraturbanken.se/litteraturkartan/?id=906) · [Source](https://litteraturbanken.se/författare/FredlundB/titlar/IvarArosenius/sida/71/faksimil)
1006,910,Bogens prästgård,60.0542532,12.5609791,Verk,🔵,”Motti’n är den vanligaste spisen”,Marit Kapla,AxelsonM,1852,1852,published,published,[Litteraturkartan](https://litteraturbanken.se/litteraturkartan/?id=910) · [Source](https://litteraturbanken.se/författare/AxelsonM/titlar/VandringIWermlandsElfdal/sida/102/faksimil)
1016,911,Kungsportsavenyen,57.69838005893861,11.977618932724,Plats,🟢,Konsten att gå nedför Avenyn,David Anthin,,,,published,published,[Litteraturkartan](https://litteraturbanken.se/litteraturkartan/?id=911)
1017,911,Kungsportsavenyen,57.69838005893861,11.977618932724,Plats,🟢,Skål för den staden!,David Anthin,,,,published,published,[Litteraturkartan](https://litteraturbanken.se/litteraturkartan/?id=911)
1018,912,Järntorget 8,57.69983053839088,11.953629255294802,Person,🟣,Uppassaren Karl Gerhard,David Anthin,GerhardK,1914,1914,published,published,[Litteraturkartan](https://litteraturbanken.se/litteraturkartan/?id=912) · [Source](https://litteraturbanken.se/författare/GerhardK/titlar/OmJagInteMinnsFel/sida/99/etext)
1025,912,Järntorget 8,57.69983053839088,11.953629255294802,Verk,🔵,En dununge på teatern,David Anthin,LagerlöfS,1931,1931,published,published,[Litteraturkartan](https://litteraturbanken.se/litteraturkartan/?id=912) · [Source](https://litteraturbanken.se/författare/LagerlöfS/titlar/FrånSkildaTider2/sida/86/etext)
1035,912,Järntorget 8,57.69983053839088,11.953629255294802,Person,🟣,En plaskande debut,David Anthin,EngdahlA,1876,1876,published,published,[Litteraturkartan](https://litteraturbanken.se/litteraturkartan/?id=912) · [Source](https://litteraturbanken.se/författare/EngdahlA/titlar/OrdOchVisor/sida/111/faksimil)
1019,913,Viktoriagatan 17,57.696195630482464,11.966396570205688,Person,🟣,Festfixaren Karl Gerhard,David Anthin,GerhardK,1914,1917,published,published,[Litteraturkartan](https://litteraturbanken.se/litteraturkartan/?id=913) · [Source](https://litteraturbanken.se/författare/GerhardK/titlar/OmJagInteMinnsFel/sida/104/etext)
1020,914,Första Långgatan 13A,57.699956664293985,11.947224140167238,Person,🟣,I de ökända kvarteren i det ruskiga Marseille,David Anthin,GerhardK,1937,1937,published,published,[Litteraturkartan](https://litteraturbanken.se/litteraturkartan/?id=914) · [Source](https://litteraturbanken.se/författare/GerhardK/titlar/KarlGerhardsBästa/sida/11/faksimil)
1007,915,Karlstad,59.38393337805974,13.526186943054201,Plats,🟢,Karlstad hos Litteraturbanken,,,,,published,published,[Litteraturkartan](https://litteraturbanken.se/litteraturkartan/?id=915)
1241,915,Karlstad,59.38393337805974,13.526186943054201,Linnés resa,🟡,En medelmåttig stor stad (1746),,LinnéCvon,1746,1746,published,published,[Litteraturkartan](https://litteraturbanken.se/litteraturkartan/?id=915) · [Source](https://litteraturbanken.se/författare/LinnéCvon/titlar/LinnæiWästgötaResa/sida/241/faksimil)
1243,915,Karlstad,59.38393337805974,13.526186943054201,Linnés resa,🟡,Folkliga botemedel (1746),,LinnéCvon,1746,1746,published,published,[Litteraturkartan](https://litteraturbanken.se/litteraturkartan/?id=915) · [Source](https://litteraturbanken.se/författare/LinnéCvon/titlar/LinnæiWästgötaResa/sida/243/faksimil)
1261,915,Karlstad,59.38393337805974,13.526186943054201,Resa,🟠,Ingen sol i Karlstad (1930),,KjellgrenJ,1930,1930,published,published,[Litteraturkartan](https://litteraturbanken.se/litteraturkartan/?id=915) · [Source](https://litteraturbanken.se/författare/KjellgrenJ/titlar/PåSnålskjutsGenomEuropa/sida/14/etext)
1271,915,Karlstad,59.38393337805974,13.526186943054201,Resa,🟠,En batterilagare (1926),,BäckmannI,1926,1926,published,published,[Litteraturkartan](https://litteraturbanken.se/litteraturkartan/?id=915) · [Source](https://litteraturbanken.se/författare/BäckmannI/titlar/PåOchIVägenMedFordhoppa/sida/46/faksimil)
1347,915,Karlstad,59.38393337805974,13.526186943054201,Verk,🔵,Hermelin om Karlstad,,HermelinO,2010,2010,published,published,[Litteraturkartan](https://litteraturbanken.se/litteraturkartan/?id=915) · [Source](https://litteraturbanken.se/författare/HermelinO/titlar/HecatompolisSuionum/sida/71/faksimil)
1349,915,Karlstad,59.38393337805974,13.526186943054201,Person,🟣,En spiritist från Värmland,,SkarstedtE,1897,1897,published,published,[Litteraturkartan](https://litteraturbanken.se/litteraturkartan/?id=915) · [Source](https://litteraturbanken.se/författare/SkarstedtE/titlar/VåraPennfäktare/sida/178/faksimil)
1358,915,Karlstad,59.38393337805974,13.526186943054201,Plats,🟢,Eld i staden,,StrömF,1929,1929,published,published,[Litteraturkartan](https://litteraturbanken.se/litteraturkartan/?id=915) · [Source](https://litteraturbanken.se/författare/StrömF/titlar/SvenskaOrdstäv/sida/246/faksimil)
1360,915,Karlstad,59.38393337805974,13.526186943054201,Plats,🟢,Ett högre anspråk,,KeyE,1906,1906,published,published,[Litteraturkartan](https://litteraturbanken.se/litteraturkartan/?id=915) · [Source](https://litteraturbanken.se/författare/KeyE/titlar/Folkbildningsarbetet/sida/27/etext)
1008,916,Årjäng,59.39225950871679,12.133390903472902,Plats,🟢,Årjäng hos Litteraturbanken,,,,,published,published,[Litteraturkartan](https://litteraturbanken.se/litteraturkartan/?id=916)
1380,916,Årjäng,59.39225950871679,12.133390903472902,Resa,🟠,Den första tillblivelsens primitiva tillstånd (1938),,NordströmL,1938,1938,published,published,[Litteraturkartan](https://litteraturbanken.se/litteraturkartan/?id=916) · [Source](https://litteraturbanken.se/författare/NordströmL/titlar/LortSverige/sida/254/etext)
1009,917,Töcksfors,59.50809361132452,11.842639446258545,Plats,🟢,Töcksfors hos Litteraturbanken,,,,,published,published,[Litteraturkartan](https://litteraturbanken.se/litteraturkartan/?id=917)
1265,917,Töcksfors,59.50809361132452,11.842639446258545,Resa,🟠,En rekommendation (1930),,KjellgrenJ,1930,1930,published,published,[Litteraturkartan](https://litteraturbanken.se/litteraturkartan/?id=917) · [Source](https://litteraturbanken.se/författare/KjellgrenJ/titlar/PåSnålskjutsGenomEuropa/sida/19/etext)
1010,918,Säffle,59.132481452624276,12.925028800964357,Plats,🟢,Säffle hos Litteraturbanken,,,,,published,published,[Litteraturkartan](https://litteraturbanken.se/litteraturkartan/?id=918)
1274,918,Säffle,59.132481452624276,12.925028800964357,Resa,🟠,Värmlands grundläggare (1926),,BäckmannI,1926,1926,published,published,[Litteraturkartan](https://litteraturbanken.se/litteraturkartan/?id=918) · [Source](https://litteraturbanken.se/författare/BäckmannI/titlar/PåOchIVägenMedFordhoppa/sida/48/faksimil)
1011,919,Värmlandsnäs,59.027129183581195,13.128662109375002,Plats,🟢,Värmlandsnäs hos Litteraturbanken,,,,,published,published,[Litteraturkartan](https://litteraturbanken.se/litteraturkartan/?id=919)
1012,920,Forshaga,59.52831197326136,13.48397970199585,Plats,🟢,Forshaga hos Litteraturbanken,,,,,published,published,[Litteraturkartan](https://litteraturbanken.se/litteraturkartan/?id=920)
1013,921,Deje,59.60602463941094,13.461921215057375,Plats,🟢,Deje hos Litteraturbanken,,,,,published,published,[Litteraturkartan](https://litteraturbanken.se/litteraturkartan/?id=921)
1014,922,Edsvalla,59.4369756,13.2103442,Plats,🟢,Edsvalla hos Litteraturbanken,,,,,published,published,[Litteraturkartan](https://litteraturbanken.se/litteraturkartan/?id=922)
1015,923,Storfors,59.53155449077223,14.273418188095095,Plats,🟢,Storfors hos Litteraturbanken,,,,,published,published,[Litteraturkartan](https://litteraturbanken.se/litteraturkartan/?id=923)
1022,924,Liseberg,57.69688365365568,11.991072893142702,Person,🟣,Gungor och karuseller,David Anthin,GerhardK,1948,1948,published,published,[Litteraturkartan](https://litteraturbanken.se/litteraturkartan/?id=924) · [Source](https://litteraturbanken.se/författare/GerhardK/titlar/KarlGerhardsBästa/sida/107/faksimil?show_search_work&s_query=Gungorna&s_lbworkid=lb1461923&s_mediatype=faksimil&s_word_form_only&hit_index=1)
1023,925,Karl Gerhards plats,57.69869538549957,11.97989344596863,Person,🟣,Göteborgs Aristofanes,David Anthin,GerhardK,1933,1933,published,published,[Litteraturkartan](https://litteraturbanken.se/litteraturkartan/?id=925) · [Source](https://litteraturbanken.se/författare/GerhardK/titlar/KarlGerhardsBästa/sida/I/faksimil)
1024,927,Göteborgs hamninlopp,57.685890920344136,11.871070861816408,Plats,🟢,Göteborgsskryt,David Anthin,LagerlöfS,1907,1907,published,published,[Litteraturkartan](https://litteraturbanken.se/litteraturkartan/?id=927) · [Source](https://litteraturbanken.se/författare/LagerlöfS/titlar/NilsHolgersson2/sida/458/etext)
1026,928,Sophie Elkans gata,57.74754355021945,11.965227127075197,Person,🟣,I skymundan,David Anthin,ElkanS,1889,1889,published,published,[Litteraturkartan](https://litteraturbanken.se/litteraturkartan/?id=928) · [Source](https://litteraturbanken.se/författare/ElkanS/titlar/DurOchMoll/sida/27/etext)
1027,929,"Rådhuset, Göteborg",57.70700181834796,11.965913772583008,Verk,🔵,Brännvinskrig och jäkelskap,David Anthin,ElkanS,1899,1899,published,published,[Litteraturkartan](https://litteraturbanken.se/litteraturkartan/?id=929) · [Source](https://litteraturbanken.se/författare/ElkanS/titlar/JohnHall/sida/103/etext)
1125,929,"Rådhuset, Göteborg",57.70700181834796,11.965913772583008,Plats,🟢,Okunnighetens mörker,,LundinC,1874,1874,published,published,[Litteraturkartan](https://litteraturbanken.se/litteraturkartan/?id=929) · [Source](https://litteraturbanken.se/författare/LundinC/titlar/FrånStockholmsSynkrets/sida/157/faksimil)
1028,930,Mosaiska begravningsplatsen,57.71245241690156,11.989570856094362,Person,🟣,En hyllning till livet,David Anthin,ElkanS,1921,1921,published,published,[Litteraturkartan](https://litteraturbanken.se/litteraturkartan/?id=930) · [Source](https://litteraturbanken.se/författare/LagerlöfS/titlar/FrånSkildaTider2/sida/171/etext)
1030,931,"Christinæ kyrka, Göteborg",57.70679547042289,11.964948177337646,Verk,🔵,Göteborgsdimma,,CederqvistA,1887,1887,published,published,[Litteraturkartan](https://litteraturbanken.se/litteraturkartan/?id=931) · [Source](https://litteraturbanken.se/författare/CederqvistA/titlar/Harpolåt/sida/107/faksimil)
1033,931,"Christinæ kyrka, Göteborg",57.70679547042289,11.964948177337646,Plats,🟢,Sång av en vindflöjel,Dick Claésson,SchonbergG,1881,1881,published,published,[Litteraturkartan](https://litteraturbanken.se/litteraturkartan/?id=931) · [Source](https://litteraturbanken.se/författare/SchonbergG/titlar/LjusglimtarFrånVindskammaren1/sida/124/faksimil)
1031,932,Restaurang Lorensberg,57.69896484420384,11.979206800460817,Verk,🔵,Utsocknes studenter,,EssénL,1869,1869,published,published,[Litteraturkartan](https://litteraturbanken.se/litteraturkartan/?id=932) · [Source](https://litteraturbanken.se/författare/EssénL/titlar/FrånUngdomensDar/sida/13/faksimil)
1032,933,Göta älv vid Göteborg,57.70273705559595,11.942996978759767,Verk,🔵,En stolt stads spegling,,JohanssonJ,1871,1871,published,published,[Litteraturkartan](https://litteraturbanken.se/litteraturkartan/?id=933) · [Source](https://litteraturbanken.se/författare/JohanssonJ/titlar/PåLedigaStunder/sida/125/faksimil)
1034,934,S:t Jörgens sjukhus,57.74920389307835,11.952567100524902,Plats,🟢,I glömskans dy,,AlmkvistJA,1876,1876,published,published,[Litteraturkartan](https://litteraturbanken.se/litteraturkartan/?id=934) · [Source](https://litteraturbanken.se/författare/AlmkvistJA/titlar/Tilltugg/sida/7/faksimil)
1036,935,Haga,57.698511923107105,11.95639729499817,Plats,🟢,Hagas Pekka,David Anthin,EngdahlA,1916,1916,published,published,[Litteraturkartan](https://litteraturbanken.se/litteraturkartan/?id=935) · [Source](https://litteraturbanken.se/författare/EngdahlA/titlar/SjuttonGubbar/sida/18/faksimil)
1037,936,Trädgårdsföreningen,57.70488669637202,11.975162029266357,Person,🟣,En glad hyllning till Bellman,David Anthin,EngdahlA,1911,1911,published,published,[Litteraturkartan](https://litteraturbanken.se/litteraturkartan/?id=936) · [Source](https://litteraturbanken.se/författare/EngdahlA/titlar/OrdOchVisor/sida/118/faksimil)
1038,937,"Hamnen, Göteborg",57.69692378793741,11.909308433532717,Person,🟣,En världsnomad i stapelstaden,David Anthin,MartinsonH,1928,1928,published,published,[Litteraturkartan](https://litteraturbanken.se/litteraturkartan/?id=937) · [Source](https://litteraturbanken.se/författare/MartinsonH/titlar/UrNyTid/sida/XII/faksimil)
1039,938,"Lundby, Göteborg",57.710916474265005,11.914780139923097,Verk,🔵,Kärleken till Hisingen,David Anthin,,1999,1999,published,published,[Litteraturkartan](https://litteraturbanken.se/litteraturkartan/?id=938)
1041,940,"Ostindiska huset, Norra Hamngatan 12",57.7063149,11.9634562,Plats,🟢,En gnista i Göteborgs kulturmörker,David Anthin,RydbergV,1862,1862,published,published,[Litteraturkartan](https://litteraturbanken.se/litteraturkartan/?id=940) · [Source](https://litteraturbanken.se/författare/RydbergV/titlar/BibelnsLäraOmKristus/sida/I/etext)
1042,941,Slottsskogspromenaden,57.68425061266606,11.946194171905518,Verk,🔵,Tomten i Slottsskogen,David Anthin,RydbergV,1881,1881,published,published,[Litteraturkartan](https://litteraturbanken.se/litteraturkartan/?id=941) · [Source](https://litteraturbanken.se/författare/RydbergV/titlar/Dikter/sida/69/faksimil)
1064,941,Slottsskogspromenaden,57.68425061266606,11.946194171905518,Plats,🟢,En inställd duell,David Anthin,BolanderS,1862,1862,published,published,[Litteraturkartan](https://litteraturbanken.se/litteraturkartan/?id=941) · [Source](https://litteraturbanken.se/författare/BolanderS/titlar/Gunstlingarne/sida/439/faksimil)
1043,942,Stigbergstorget 10,57.6988025,11.9332248,Verk,🔵,Tomten på Stigbergstorget,David Anthin,RydbergV,1875,1875,published,published,[Litteraturkartan](https://litteraturbanken.se/litteraturkartan/?id=942) · [Source](https://litteraturbanken.se/författare/RydbergV/titlar/LilleViggsÄfventyr1875/sida/I/faksimil)
1044,943,Tomtehuset,57.69777806424521,11.96540951728821,Plats,🟢,Tomtar på loftet,David Anthin,RydbergV,1890,1890,published,published,[Litteraturkartan](https://litteraturbanken.se/litteraturkartan/?id=943) · [Source](https://litteraturbanken.se/författare/RydbergV/titlar/Dikter/sida/69/faksimil)
1046,944,Masthuggstorget,57.69902217558443,11.943104267120361,Resa,🟠,Hoppet tänds på en krog,David Anthin,EngströmA,1892,1892,published,published,[Litteraturkartan](https://litteraturbanken.se/litteraturkartan/?id=944) · [Source](https://litteraturbanken.se/författare/EngströmA/titlar/UrMinaMemoarer/sida/5/etext)
1072,944,Masthuggstorget,57.69902217558443,11.943104267120361,Plats,🟢,Ett äktenskapstips,David Anthin,PfeifferS,1867,1867,published,published,[Litteraturkartan](https://litteraturbanken.se/litteraturkartan/?id=944) · [Source](https://litteraturbanken.se/författare/PfeifferS/titlar/TaflorUrGöteborgslifvet/sida/28/faksimil)
1047,945,Exercisheden,57.702565078821664,11.97908878326416,Resa,🟠,Exercis i fotogenljus,David Anthin,EngströmA,1892,1892,published,published,[Litteraturkartan](https://litteraturbanken.se/litteraturkartan/?id=945) · [Source](https://litteraturbanken.se/författare/EngströmA/titlar/UrMinaMemoarer/sida/5/etext)
1048,946,Valandhuset,57.70029490886586,11.974228620529177,Resa,🟠,En go göteborgsbohem,David Anthin,EngströmA,1892,1892,published,published,[Litteraturkartan](https://litteraturbanken.se/litteraturkartan/?id=946) · [Source](https://litteraturbanken.se/författare/EngströmA/titlar/UrMinaMemoarer/sida/5/etext)
1049,947,"Ullstorp, Örgrytevägen",57.69764046405344,11.991319656372072,Resa,🟠,Bohemliv i Örgryte,David Anthin,EngströmA,1892,1892,published,published,[Litteraturkartan](https://litteraturbanken.se/litteraturkartan/?id=947) · [Source](https://litteraturbanken.se/författare/EngströmA/titlar/UrMinaMemoarer/sida/5/etext)
1050,948,Ölhallen Weise,57.7058186,11.9645673,Resa,🟠,Krogmålaren,David Anthin,EngströmA,1893,1893,published,published,[Litteraturkartan](https://litteraturbanken.se/litteraturkartan/?id=948) · [Source](https://litteraturbanken.se/författare/EngströmA/titlar/UrMinaMemoarer/sida/5/etext)
1053,949,"Sagoskogen, Hjällbo",57.773802381090285,12.032271754694197,Verk,🔵,En mytisk hjälte,Dick Claésson,Anonym,700,700,published,published,[Litteraturkartan](https://litteraturbanken.se/litteraturkartan/?id=949) · [Source](https://litteraturbanken.se/författare/Anonym/titlar/Beowulf/sida/iii/faksimil)
1054,950,"Kapellplatsen, Göteborg",57.69364409713455,11.972383353894923,Plats,🟢,Landalapojkarne,Dick Claésson,ÅbergJO,1894,1894,published,published,[Litteraturkartan](https://litteraturbanken.se/litteraturkartan/?id=950) · [Source](https://litteraturbanken.se/författare/ÅbergJO/titlar/Landalapojkarne/sida/6/faksimil)
1055,951,Landalagatan,57.691155462297985,11.972297592246822,Plats,🟢,Att förstå Landala,David Anthin,OterdahlJ,1924,1924,published,published,[Litteraturkartan](https://litteraturbanken.se/litteraturkartan/?id=951) · [Source](https://litteraturbanken.se/författare/OterdahlJ/titlar/Skolflickor/sida/158/etext)
1058,952,"Frejagatan 18A, Mölndal",57.65564800877909,12.00282096862793,Person,🟣,Hemkomster till Mölndal,David Anthin,HillbäckE,1969,1969,published,published,[Litteraturkartan](https://litteraturbanken.se/litteraturkartan/?id=952) · [Source](https://litteraturbanken.se/författare/HillbäckE/titlar/EnMörkBlåRedovisning/sida/62/etext)
1059,953,Billdal,57.57560746125622,11.946859359741213,Person,🟣,En queer apa i Billdal,David Anthin,SjöstrandÖ,1935,1935,published,published,[Litteraturkartan](https://litteraturbanken.se/litteraturkartan/?id=953) · [Source](https://litteraturbanken.se/författare/SjöstrandÖ/titlar/FantasinsNödvändighet/sida/51/faksimil)
1060,954,"Linnégatan, Göteborg",57.69676325054366,11.951258182525635,Plats,🟢,En Stockholmsskurk på Linnégatan,David Anthin,KochM,1916,1916,published,published,[Litteraturkartan](https://litteraturbanken.se/litteraturkartan/?id=954) · [Source](https://litteraturbanken.se/författare/KochM/titlar/GudsVackraVärldII/sida/147/etext)
1061,955,"Slottsskogen, Göteborg",57.68686589322514,11.935293674468994,Person,🟣,Teatrala självmordstankar,David Anthin,LindqvistM,1906,1906,published,published,[Litteraturkartan](https://litteraturbanken.se/litteraturkartan/?id=955) · [Source](https://litteraturbanken.se/författare/LindqvistM/titlar/Människor/sida/73/faksimil)
1062,955,"Slottsskogen, Göteborg",57.68686589322514,11.935293674468994,Plats,🟢,Hjordar av Nordens gaseller,David Anthin,LagerlöfS,1896,1896,published,published,[Litteraturkartan](https://litteraturbanken.se/litteraturkartan/?id=955) · [Source](https://litteraturbanken.se/författare/LagerlöfS/titlar/FrånSkildaTider1/sida/167/etext)
1063,955,"Slottsskogen, Göteborg",57.68686589322514,11.935293674468994,Person,🟣,Dubbelmoral i Slottsskogen,David Anthin,CarlbergF,1903,1903,published,published,[Litteraturkartan](https://litteraturbanken.se/litteraturkartan/?id=955) · [Source](https://litteraturbanken.se/författare/CarlbergF/titlar/Vårlöften/sida/128/faksimil)
1066,956,Skansen Kronan,57.69600642181896,11.955313682556152,Plats,🟢,Stadsutveckling utan skoj,David Anthin,MalmgrenVE,1892,1892,published,published,[Litteraturkartan](https://litteraturbanken.se/litteraturkartan/?id=956) · [Source](https://litteraturbanken.se/författare/MalmgrenVE/titlar/RödtOchSvart/sida/41/faksimil)
1067,956,Skansen Kronan,57.69600642181896,11.955313682556152,Verk,🔵,En mindre känd julsaga,David Anthin,BäckmanW,1857,1857,published,published,[Litteraturkartan](https://litteraturbanken.se/litteraturkartan/?id=956) · [Source](https://litteraturbanken.se/författare/BäckmanW/titlar/Murgrönan/sida/32/faksimil)
1143,956,Skansen Kronan,57.69600642181896,11.955313682556152,Verk,🔵,Regnet kommer vågrätt,,SöderhjelmK,1950,1950,published,published,[Litteraturkartan](https://litteraturbanken.se/litteraturkartan/?id=956) · [Source](https://litteraturbanken.se/författare/SöderhjelmK/titlar/ViSkojarHaga/sida/35/faksimil)
1069,957,Käringberget,57.677310027899445,11.858839988708498,Plats,🟢,Landskampsvinst efter bra försvar,David Anthin,TrolleH,1878,1878,published,published,[Litteraturkartan](https://litteraturbanken.se/litteraturkartan/?id=957) · [Source](https://litteraturbanken.se/författare/TrolleH/titlar/ÖstersjönsKonung/sida/512/faksimil)
1070,958,Nedre Kvarnbergsgatan 11,57.70916840056943,11.964379549026491,Person,🟣,En suput sjunger ut,David Anthin,WadmanJA,1824,1824,published,published,[Litteraturkartan](https://litteraturbanken.se/litteraturkartan/?id=958) · [Source](https://litteraturbanken.se/författare/WadmanJA/titlar/SamladeSkrifter2/sida/47/faksimil)
1099,958,Nedre Kvarnbergsgatan 11,57.70916840056943,11.964379549026491,Plats,🟢,En klok gumma,,,,,published,published,[Litteraturkartan](https://litteraturbanken.se/litteraturkartan/?id=958)
1071,959,Breda vägen,57.69863232040698,11.941108703613283,Verk,🔵,Smugglare i staden,David Anthin,SundbladJ,1877,1877,published,published,[Litteraturkartan](https://litteraturbanken.se/litteraturkartan/?id=959) · [Source](https://litteraturbanken.se/författare/SundbladJ/titlar/SmuglarensDotter/sida/221/faksimil)
1106,959,Breda vägen,57.69863232040698,11.941108703613283,Plats,🟢,Hemligheter i Masthugget,David Anthin,FlygareCarlénE,1877,1877,published,published,[Litteraturkartan](https://litteraturbanken.se/litteraturkartan/?id=959) · [Source](https://litteraturbanken.se/författare/FlygareCarlénE/titlar/BerättelserFrånLandsorten/sida/329/faksimil)
1073,960,Smala vägen,57.7001114545748,11.949949264526367,Person,🟣,En stum lagerkrans,David Anthin,LivijnC,1813,1813,published,published,[Litteraturkartan](https://litteraturbanken.se/litteraturkartan/?id=960) · [Source](https://litteraturbanken.se/författare/LivijnC/titlar/BrefFrånFälttågen/sida/33/faksimil)
1109,960,Smala vägen,57.7001114545748,11.949949264526367,Plats,🟢,En stockholmare i Masthugget,David Anthin,BlancheA,1848,1848,published,published,[Litteraturkartan](https://litteraturbanken.se/litteraturkartan/?id=960) · [Source](https://litteraturbanken.se/författare/BlancheA/titlar/FörstaÄlskarinnan/sida/319/faksimil)
1074,962,Lilla Katrinelund,57.70453703016209,11.989645957946777,Person,🟣,En diktare blir till,,TrotzigB,1929,1929,published,published,[Litteraturkartan](https://litteraturbanken.se/litteraturkartan/?id=962)
1075,963,Spannmålsgatan,57.7088703599116,11.96566700935364,Person,🟣,Ett vetande på höjden,,BolanderS,1807,1869,published,published,[Litteraturkartan](https://litteraturbanken.se/litteraturkartan/?id=963)
1076,965,Scholandersgatan 11B,57.7306156,11.9284985,Person,🟣,Berättelser om ensamhet och utanförskap,Lisbeth Larsson,,1951,1981,published,published,[Litteraturkartan](https://litteraturbanken.se/litteraturkartan/?id=965)
1077,966,Säldammsbacken 11,57.6845747,11.9378887,Person,🟣,En barndom i trädgårdsmästarvillan,Lisbeth Larsson,,1935,2011,published,published,[Litteraturkartan](https://litteraturbanken.se/litteraturkartan/?id=966)
1078,967,"Västergatan 1, Göteborg",57.6961383,11.9620058,Person,🟣,Spara och Slösa,Ellinor Melander,,,,published,published,[Litteraturkartan](https://litteraturbanken.se/litteraturkartan/?id=967)
1079,968,Röda sten,57.688964863462125,11.90072536468506,Verk,🔵,Ett varsel om undergång,,,1918,1918,published,published,[Litteraturkartan](https://litteraturbanken.se/litteraturkartan/?id=968)
1080,969,Södhallsberget,57.70355106791344,11.924114227294924,Verk,🔵,Om spökskepp,,,,,published,published,[Litteraturkartan](https://litteraturbanken.se/litteraturkartan/?id=969)
1081,970,"Kolerakyrkogården, Bräcke",57.70351094097439,11.901315450668335,Plats,🟢,Om ett spöke,,,,,published,published,[Litteraturkartan](https://litteraturbanken.se/litteraturkartan/?id=970)
1082,971,Lundby gamla kyrka,57.712721773260135,11.915391683578493,Verk,🔵,Om samtal med de döda,,,,,published,published,[Litteraturkartan](https://litteraturbanken.se/litteraturkartan/?id=971)
1083,972,Sänkverksgatan,57.6995868,11.9425233,Plats,🟢,Vatten-Kalle på älvens botten,,,,,published,published,[Litteraturkartan](https://litteraturbanken.se/litteraturkartan/?id=972)
1084,973,Örgrytevägen,57.69782966418237,11.998186111450197,Plats,🟢,Soldaters vålnader,,,,,published,published,[Litteraturkartan](https://litteraturbanken.se/litteraturkartan/?id=973)
1085,974,Hundeskär,57.67834259572818,11.82957172393799,Verk,🔵,Hornpers utsända,,,,,published,published,[Litteraturkartan](https://litteraturbanken.se/litteraturkartan/?id=974)
1086,975,Karl Gustavsgatan,57.69748566321293,11.967523097991943,Plats,🟢,Spå-Eva och det långa skägget,,,,,published,published,[Litteraturkartan](https://litteraturbanken.se/litteraturkartan/?id=975)
1087,976,Sandarna,57.68444561816642,11.913278102874758,Person,🟣,Olyckan,,,,,published,published,[Litteraturkartan](https://litteraturbanken.se/litteraturkartan/?id=976)
1088,977,Landala kapell,57.69186078399879,11.973606348037722,Person,🟣,Spå-Eva i Landala,,,,,published,published,[Litteraturkartan](https://litteraturbanken.se/litteraturkartan/?id=977)
1089,978,Kvarnberget,57.708211222821646,11.963306665420534,Plats,🟢,Kvarnbergets jättesten,,,,,published,published,[Litteraturkartan](https://litteraturbanken.se/litteraturkartan/?id=978)
1091,979,Sannegårdshamnen,57.70281731114444,11.928234100341799,Verk,🔵,Havets vidskepelser,,,,,published,published,[Litteraturkartan](https://litteraturbanken.se/litteraturkartan/?id=979)
1092,980,Djurgårdskyrkogården,57.692841330380126,11.936259269714357,Plats,🟢,Spökerier vid Djurgårdskyrkogården,,,,,published,published,[Litteraturkartan](https://litteraturbanken.se/litteraturkartan/?id=980)
1093,981,Sjömansgatan 5 och 7,57.695157837476415,11.94342613220215,Verk,🔵,En pensionerad sjömans spökhistoria,,,,,published,published,[Litteraturkartan](https://litteraturbanken.se/litteraturkartan/?id=981)
1095,981,Sjömansgatan 5 och 7,57.695157837476415,11.94342613220215,Plats,🟢,En elak skeppare går igen,,,,,published,published,[Litteraturkartan](https://litteraturbanken.se/litteraturkartan/?id=981)
1094,983,Torpa,57.72379230466315,12.038526535034181,Plats,🟢,Rackartyg i berget,,,,,published,published,[Litteraturkartan](https://litteraturbanken.se/litteraturkartan/?id=983)
1096,984,"Kyrkogatan 2, Göteborg",57.7042666,11.961442,Plats,🟢,Konsul Kraks pojke,,,,,published,published,[Litteraturkartan](https://litteraturbanken.se/litteraturkartan/?id=984)
1097,985,"Andrewsgatan 13, Göteborg",57.69600642181896,11.922333240509033,Plats,🟢,En liten grå gubbe,,,,,published,published,[Litteraturkartan](https://litteraturbanken.se/litteraturkartan/?id=985)
1100,986,Kannebäck,57.6410677,11.90118871121048,Plats,🟢,Ett troll bjuder på gröt,,,,,published,published,[Litteraturkartan](https://litteraturbanken.se/litteraturkartan/?id=986)
1102,987,Sandvik,57.69797873025461,11.761679649353027,Plats,🟢,Tyst i Kristi jord,,,,,published,published,[Litteraturkartan](https://litteraturbanken.se/litteraturkartan/?id=987)
1103,988,Annedal,57.69281839392576,11.958081722259523,Person,🟣,"Poet, konstnär, översättare",Emma Tornborg,,,,published,published,[Litteraturkartan](https://litteraturbanken.se/litteraturkartan/?id=988)
540,990,Tandåsplatsen 2,57.69703725,12.002595812192093,Person,🟣,Författare och folkbildare på Mathilda Halls flickskola,,OterdahlJ,1879,1965,published,published,[Litteraturkartan](https://litteraturbanken.se/litteraturkartan/?id=990)
1104,991,Masthugget,57.69824246103356,11.94394111633301,Plats,🟢,Drömmen om Masthugget,David Anthin,FlygareCarlénE,1842,1842,published,published,[Litteraturkartan](https://litteraturbanken.se/litteraturkartan/?id=991) · [Source](https://litteraturbanken.se/författare/FlygareCarlénE/titlar/RosenPåTistelön2/sida/486/etext)
1105,992,Masthuggskajen,57.7007879376689,11.940529346466064,Person,🟣,Ett farväl till Göteborg,David Anthin,GrillAJ,1788,1788,published,published,[Litteraturkartan](https://litteraturbanken.se/litteraturkartan/?id=992) · [Source](https://litteraturbanken.se/författare/GrillAJ/titlar/Resedagbok/sida/29/faksimil)
1107,993,"Lorensbergsgatan, Göteborg",57.70029490886586,11.976481676101686,Plats,🟢,Störiga grannar,David Anthin,CederqvistA,1887,1887,published,published,[Litteraturkartan](https://litteraturbanken.se/litteraturkartan/?id=993) · [Source](https://litteraturbanken.se/författare/CederqvistA/titlar/Harpolåt/sida/96/faksimil)
1108,994,Carnegie Porterbruk,57.69055908201722,11.907355785369875,Plats,🟢,En utebliven skål,David Anthin,BruniusCG,1838,1838,published,published,[Litteraturkartan](https://litteraturbanken.se/litteraturkartan/?id=994) · [Source](https://litteraturbanken.se/författare/BruniusCG/titlar/AntiqvariskOchArkitektoniskResa/sida/65/faksimil)
1110,995,"Domkyrkoplan, Göteborg",57.70414723434193,11.964046955108644,Person,🟣,Bruden Göteborg,David Anthin,RuniusJ,1699,1699,published,published,[Litteraturkartan](https://litteraturbanken.se/litteraturkartan/?id=995) · [Source](https://litteraturbanken.se/författare/RuniusJ/titlar/SamladeSkrifter2/sida/7/faksimil)
1111,996,Den Bäckska paviljongen,57.69144218009278,11.915069818496706,Person,🟣,En ödmjuk författare,David Anthin,RydbergV,1865,1865,published,published,[Litteraturkartan](https://litteraturbanken.se/litteraturkartan/?id=996) · [Source](https://litteraturbanken.se/författare/RydbergV/titlar/Singoalla/sida/iii/etext)
1112,997,"Furugatan, Göteborg",57.6868604,11.9738415,Person,🟣,Liv efter döden,David Anthin,EkK,1909,1926,published,published,[Litteraturkartan](https://litteraturbanken.se/litteraturkartan/?id=997) · [Source](https://litteraturbanken.se/författare/EkK/titlar/DödOchLiv/sida/29/etext)
1114,998,"Såggatan, Göteborg",57.69616696256666,11.924993991851807,Person,🟣,Den unge Lidners lidande,David Anthin,SchwartzMS,1893,1893,published,published,[Litteraturkartan](https://litteraturbanken.se/litteraturkartan/?id=998) · [Source](https://litteraturbanken.se/författare/SchwartzMS/titlar/TvennePingstaftnar/sida/1/etext)
1115,999,"Värdshuset, Klippan",57.69094902408086,11.910542249679567,Plats,🟢,En improviserad öl,David Anthin,WadmanJA,1810,1810,published,published,[Litteraturkartan](https://litteraturbanken.se/litteraturkartan/?id=999) · [Source](https://litteraturbanken.se/författare/WadmanJA/titlar/SamladeSkrifter3/sida/87/faksimil)
1116,1000,"Majberget, Göteborg",57.6938849236924,11.923062801361086,Plats,🟢,Bland aporna på Majberget,David Anthin,MattsonO,1967,1967,published,published,[Litteraturkartan](https://litteraturbanken.se/litteraturkartan/?id=1000) · [Source](https://litteraturbanken.se/författare/MattsonO/titlar/FemLjusFörTalejten/sida/3/etext)
1117,1001,"Gröna gatan, Göteborg",57.69208441971996,11.9176983833313,Verk,🔵,Science fiction i Majorna,David Anthin,LundinC,1878,1878,published,published,[Litteraturkartan](https://litteraturbanken.se/litteraturkartan/?id=1001) · [Source](https://litteraturbanken.se/författare/LundinC/titlar/OxygenAromasia/sida/III/etext)
1118,1002,"Carnegiegatan, Göteborg",57.69032970237242,11.916046142578127,Plats,🟢,Madonnan i Majorna,David Anthin,LindgrenM,1877,1877,published,published,[Litteraturkartan](https://litteraturbanken.se/litteraturkartan/?id=1002) · [Source](https://litteraturbanken.se/författare/LindgrenM/titlar/SeraljensStjerna/sida/5/faksimil)
1119,1003,"Kungstorget, Göteborg",57.70324724855466,11.967426538467409,Plats,🟢,En munter klagovisa,David Anthin,LidholmA,1886,1886,published,published,[Litteraturkartan](https://litteraturbanken.se/litteraturkartan/?id=1003) · [Source](https://litteraturbanken.se/författare/LidholmA/titlar/Muntrationssång/sida/4/faksimil)
1120,1004,"Älvsborgsgatan, Göteborg",57.68844873451213,11.913857460021974,Plats,🟢,Majorna i folksjälen,David Anthin,AlmqvistCJL,1842,1842,published,published,[Litteraturkartan](https://litteraturbanken.se/litteraturkartan/?id=1004) · [Source](https://litteraturbanken.se/författare/AlmqvistCJL/titlar/SamladeVerk25/sida/III/etext)
1121,1005,"Friskväderstorget, Göteborg",57.72461730185261,11.889524459838869,Plats,🟢,Framtidsuroxar på Hisingen,David Anthin,WijkanderO,1861,1861,published,published,[Litteraturkartan](https://litteraturbanken.se/litteraturkartan/?id=1005) · [Source](https://litteraturbanken.se/författare/WijkanderO/titlar/Göteborg/sida/5/faksimil)
1122,1006,Landala,57.69194679790105,11.963875293731691,Person,🟣,Hexameter under lyktornas sken,David Anthin,EkelöfG,1966,1966,published,published,[Litteraturkartan](https://litteraturbanken.se/litteraturkartan/?id=1006) · [Source](https://litteraturbanken.se/författare/EkelöfG/titlar/EkelöfTaubeBrev/sida/54/faksimil)
1124,1007,"Götaplatsen, Göteborg",57.697164574543265,11.97962522506714,Plats,🟢,Armen med torsken,,HasselskogN,1933,1933,published,published,[Litteraturkartan](https://litteraturbanken.se/litteraturkartan/?id=1007) · [Source](https://litteraturbanken.se/författare/HasselskogN/titlar/GrönköpingIHelgOchSöcken1933/sida/98/faksimil)
1126,1008,"Berzeliigatan 26, Göteborg",57.6997803,11.9846455,Person,🟣,En 40-talist,,NeanderE,1921,1950,published,published,[Litteraturkartan](https://litteraturbanken.se/litteraturkartan/?id=1008) · [Source](https://litteraturbanken.se/författare/NeanderE)
1127,1009,"Kungsgatan 5, Göteborg",57.7027075,11.9575644,Person,🟣,En filosof i exil,,,,,published,published,[Litteraturkartan](https://litteraturbanken.se/litteraturkartan/?id=1009)
1128,1010,"Skolgatan, Göteborg",57.69695818871494,11.957824230194094,Verk,🔵,Sörjande nympher i Haga,Dick Claésson,WadmanJA,1830,1830,published,published,[Litteraturkartan](https://litteraturbanken.se/litteraturkartan/?id=1010) · [Source](https://litteraturbanken.se/författare/WadmanJA/titlar/SamladeSkrifter3/sida/30/faksimil)
1129,1011,"Kungsparken, Göteborg",57.70146440812846,11.968038082122805,Plats,🟢,Små med-människjor och rackor,,BergW,1779,1779,published,published,[Litteraturkartan](https://litteraturbanken.se/litteraturkartan/?id=1011) · [Source](https://litteraturbanken.se/författare/BergW/titlar/GöteborgÄldreTeatrar1/sida/66/faksimil)
1130,1012,"Saltholmen, Göteborg",57.661272769788475,11.842671632766725,Verk,🔵,Till de barn som härmar biet,Dick Claésson,SnoilskyC,1897,1897,published,published,[Litteraturkartan](https://litteraturbanken.se/litteraturkartan/?id=1012) · [Source](https://litteraturbanken.se/författare/SnoilskyC/titlar/Dikter5/sida/164/faksimil)
1131,1013,"Lillatorpsgatan 15b, Göteborg",57.7020373,12.0237312,Person,🟣,Minnesbilder från Göteborg,,SjöstrandÖ,1950,1950,published,published,[Litteraturkartan](https://litteraturbanken.se/litteraturkartan/?id=1013) · [Source](https://litteraturbanken.se/författare/SjöstrandÖ/titlar/FantasinsNödvändighet/sida/71/faksimil)
1132,1015,"Långedrag, Göteborg",57.67017303286161,11.848121881484987,Plats,🟢,Havsgudens trädgårdar,,LundinC,1878,1878,published,published,[Litteraturkartan](https://litteraturbanken.se/litteraturkartan/?id=1015) · [Source](https://litteraturbanken.se/författare/LundinC/titlar/OxygenAromasia/sida/81/etext)
1133,1016,"Skansen Lejonet, Göteborg",57.71430348505567,11.989495754241945,Plats,🟢,En dyrbar perla uti Sveas krona,,ThorellP,1868,1868,published,published,[Litteraturkartan](https://litteraturbanken.se/litteraturkartan/?id=1016) · [Source](https://litteraturbanken.se/författare/ThorellP/titlar/Ljungblommor/sida/29/faksimil)
1134,1017,"Elektricitetsverket, Göteborg",57.703155529002096,11.954637765884401,Plats,🟢,Eldarn matar glupska lågan,,WallinW,1889,1889,published,published,[Litteraturkartan](https://litteraturbanken.se/litteraturkartan/?id=1017) · [Source](https://litteraturbanken.se/författare/WallinW/titlar/Gnistor/sida/81/faksimil)
1135,1018,"Sankta Birgittas kapell, Göteborg",57.69111532162566,11.909555196762085,Plats,🟢,Wadmans porterpojke,,BergmanJM,1825,1825,published,published,[Litteraturkartan](https://litteraturbanken.se/litteraturkartan/?id=1018) · [Source](https://litteraturbanken.se/författare/BergmanJM/titlar/ValdaSmärreSkrifter/sida/90/faksimil)
1136,1019,"Åby, Mölndal",57.6502405287057,12.011994123458864,Plats,🟢,De industriösa tyskarna,,BergmanJM,1825,1825,published,published,[Litteraturkartan](https://litteraturbanken.se/litteraturkartan/?id=1019) · [Source](https://litteraturbanken.se/författare/BergmanJM/titlar/ValdaSmärreSkrifter/sida/92/faksimil)
1137,1020,Tolered,57.73197269527389,11.91123962402344,Plats,🟢,Föga smickrande,,RuniusJ,1713,1713,published,published,[Litteraturkartan](https://litteraturbanken.se/litteraturkartan/?id=1020) · [Source](https://litteraturbanken.se/författare/RuniusJ/titlar/SamladeSkrifter3/sida/32/faksimil)
1138,1021,"Gamlestaden, Göteborg",57.73105621690037,12.012219429016115,Verk,🔵,Lucia i Göteborg,,OterdahlJ,1924,1924,published,published,[Litteraturkartan](https://litteraturbanken.se/litteraturkartan/?id=1021) · [Source](https://litteraturbanken.se/författare/OterdahlJ/titlar/Skolflickor/sida/7/etext)
1140,1022,"Masthuggskyrkan, Göteborg",57.69708432461972,11.937825679779053,Verk,🔵,En uppenbarelse vid Masthuggskyrkan,,OterdahlJ,1924,1924,published,published,[Litteraturkartan](https://litteraturbanken.se/litteraturkartan/?id=1022) · [Source](https://litteraturbanken.se/författare/OterdahlJ/titlar/Skolflickor/sida/166/etext)
1142,1023,"Skolgatan 47, Göteborg",57.6972357,11.9579416,Verk,🔵,Rummet hade tre dörrar,,SöderhjelmK,1950,1950,published,published,[Litteraturkartan](https://litteraturbanken.se/litteraturkartan/?id=1023) · [Source](https://litteraturbanken.se/författare/SöderhjelmK/titlar/ViSkojarHaga/sida/11/faksimil)
1144,1024,"Skanstorget, Göteborg",57.695759875714,11.957749128341677,Verk,🔵,Ett Göteborg i morgonskrud,,SöderhjelmK,1950,1950,published,published,[Litteraturkartan](https://litteraturbanken.se/litteraturkartan/?id=1024) · [Source](https://litteraturbanken.se/författare/SöderhjelmK/titlar/ViSkojarHaga/sida/62/faksimil)
1145,1025,"Skansberget, Göteborg",57.69652817664779,11.955013275146484,Verk,🔵,Under varje tak bodde människor,,SöderhjelmK,1950,1950,published,published,[Litteraturkartan](https://litteraturbanken.se/litteraturkartan/?id=1025) · [Source](https://litteraturbanken.se/författare/SöderhjelmK/titlar/ViSkojarHaga/sida/86/faksimil)
1146,1027,Södra Råda kyrka,59.0079067,14.1922059,Verk,🔵,Strindberg och Södra Råda,Marit Kapla,StrindbergA,1881,1881,published,published,[Litteraturkartan](https://litteraturbanken.se/litteraturkartan/?id=1027) · [Source](https://litteraturbanken.se/f%C3%B6rfattare/StrindbergA/titlar/SvenskaFolket1/sida/262/etext)
1147,1028,Badplats vid sjön Kläggen,60.26140905075002,12.783117765774632,Person,🟣,”Have såg ja allri”,Marit Kapla,,1921,2005,published,published,[Litteraturkartan](https://litteraturbanken.se/litteraturkartan/?id=1028)
1167,1031,Spångbergsgymnasiet,59.7083078,14.167348569261007,Person,🟣,En fruktbar missuppfattning,Marit Kapla,,1928,2023,published,published,[Litteraturkartan](https://litteraturbanken.se/litteraturkartan/?id=1031)
1168,1032,"Charlottenbergs station, Eda kommun",59.8841269,12.2980927,Plats,🟢,Slutstation,Marit Kapla,,1909,1987,published,published,[Litteraturkartan](https://litteraturbanken.se/litteraturkartan/?id=1032)
1169,1033,"Rabakoberg, Lekvattnet, Torsby kommun",60.17345247056659,12.642731666564943,Plats,🟢,Skönhet på samtliga språk,Marit Kapla,,1925,2002,published,published,[Litteraturkartan](https://litteraturbanken.se/litteraturkartan/?id=1033)
1170,1034,"Kommunhuset, Årjäng",59.3863568,12.1227505,Person,🟣,Smärtan i Silbodal,Marit Kapla,,1925,2002,published,published,[Litteraturkartan](https://litteraturbanken.se/litteraturkartan/?id=1034)
1171,1035,"Nordtomta gård, Vegerbol, Värmskog, Grums kommun",59.472231337434216,12.90120005607605,Plats,🟢,Värmländska författare blir mer värmländska i exil,Marit Kapla,,1931,2016,published,published,[Litteraturkartan](https://litteraturbanken.se/litteraturkartan/?id=1035)
1172,1036,"Prästgården i Köla socken, Eda kommun",59.80385054858159,12.238662242889406,Person,🟣,Hon skrämde bort norska armén,Marit Kapla,StålbergW,1864,1864,published,published,[Litteraturkartan](https://litteraturbanken.se/litteraturkartan/?id=1036) · [Source](https://litteraturbanken.se/f%C3%B6rfattare/BergPG/titlar/AnteckningarOmSvenskaQvinnor/sida/III/faksimil)
1173,1037,"Storgatan 19, Sunne",59.838911499999995,13.151648590226015,Verk,🔵,Fanny Uddes butik,Marit Kapla,,,,published,published,[Litteraturkartan](https://litteraturbanken.se/litteraturkartan/?id=1037)
1174,1038,Sunne kyrka,59.837672921181785,13.154540061950685,Verk,🔵,Jubelkören i kyrkan,Marit Kapla,,1937,2000,published,published,[Litteraturkartan](https://litteraturbanken.se/litteraturkartan/?id=1038)
1308,1038,Sunne kyrka,59.837672921181785,13.154540061950685,Plats,🟢,Super Mamsell? (1845),,BorgströmFL,1845,1845,published,published,[Litteraturkartan](https://litteraturbanken.se/litteraturkartan/?id=1038) · [Source](https://litteraturbanken.se/författare/BorgströmFL/titlar/BerättelseÖfverEnResaIWermland/sida/176/faksimil)
1175,1039,"Storgatan 20, Sunne",59.8389397,13.1510446,Verk,🔵,Spritförrådet,Marit Kapla,,1937,2000,published,published,[Litteraturkartan](https://litteraturbanken.se/litteraturkartan/?id=1039)
1176,1040,"Gelleråsbanan, Karlskoga Motorstadion",59.38253245,14.514407540786596,Plats,🟢,Publikrekord på Gelleråsen,Marit Kapla,,1918,1989,published,published,[Litteraturkartan](https://litteraturbanken.se/litteraturkartan/?id=1040)
1177,1041,"Solvargsvägen 7, Karlskoga",59.3387863,14.5067489,Plats,🟢,”Vi lever som miljonärer på Solvargsvägen”,Marit Kapla,,1918,1989,published,published,[Litteraturkartan](https://litteraturbanken.se/litteraturkartan/?id=1041)
1178,1042,"Uddeholms herrgård, Hagfors kommun",60.018019545749276,13.61734986305237,Plats,🟢,”Vi ha aldrig samtalat utan att disputera”,Marit Kapla,,1846,1846,published,published,[Litteraturkartan](https://litteraturbanken.se/litteraturkartan/?id=1042) · [Source](https://litteraturbanken.se/f%C3%B6rfattare/GeijerEG/titlar/SamladeSkrifter1850_1_2/sida/316/faksimil)
1179,1043,"Förlovningsstenen, Rämmens herrgård, Filipstad",60.01904415099765,14.106218175873932,Plats,🟢,"”En ros för dig, min Anna”",Marit Kapla,TegnérE,1802,1802,published,published,[Litteraturkartan](https://litteraturbanken.se/litteraturkartan/?id=1043) · [Source](https://litteraturbanken.se/författare/BöökF/titlar/EsaiasTegnér1/sida/91/faksimil)
1180,1044,"Rämmens herrgård, Filipstads kommun",60.02592680583727,14.110050201416017,Person,🟣,Det skogsbevuxna templet,Marit Kapla,BöökF,1804,1804,published,published,[Litteraturkartan](https://litteraturbanken.se/litteraturkartan/?id=1044) · [Source](https://litteraturbanken.se/författare/BöökF/titlar/EsaiasTegnér1/sida/38/faksimil)
1181,1045,"Millesvik prästgård, Säffle kommun",58.96711444108908,13.125829696655275,Person,🟣,Esa-i-as Tegnér,Marit Kapla,BöökF,1733,1792,published,published,[Litteraturkartan](https://litteraturbanken.se/litteraturkartan/?id=1045) · [Source](https://litteraturbanken.se/författare/BöökF/titlar/EsaiasTegnér1/sida/8/faksimil)
1182,1046,"Kyrkerud komministerboställe, By socken, Säffle kommun",59.1229767,12.9627407,Plats,🟢,Här föddes Esaias Tegnér,Marit Kapla,TegnérE,1782,1782,published,published,[Litteraturkartan](https://litteraturbanken.se/litteraturkartan/?id=1046)
1183,1047,"Ransbergs herrgård, Munkfors kommun",59.79168266650886,13.415887936491247,Plats,🟢,”Jag nöjd med litet är”,Marit Kapla,GeijerEG,1811,1811,published,published,[Litteraturkartan](https://litteraturbanken.se/litteraturkartan/?id=1047) · [Source](https://litteraturbanken.se/författare/GeijerEG/titlar/Dikter/sida/140/etext)
1184,1048,"Geijersgården, Ransäter, Munkfors kommun",59.7663314,13.4416691,Person,🟣,Manuset i Moraklockan,Marit Kapla,GeijerEG,1803,1803,published,published,[Litteraturkartan](https://litteraturbanken.se/litteraturkartan/?id=1048) · [Source](https://litteraturbanken.se/författare/GeijerEG/titlar/SamladeSkrifter1/sida/13/faksimil)
1185,1049,"Lundby, Mangskog, Arvika kommun",59.7530888,12.823336625693393,Person,🟣,Varmt vatten till korna,Marit Kapla,AurellT,1949,1949,published,published,[Litteraturkartan](https://litteraturbanken.se/litteraturkartan/?id=1049) · [Source](https://litteraturbanken.se/författare/AurellT/titlar/NyaBerättelser/sida/91/etext)
1186,1050,"Mangskogs kyrkogård, Arvika kommun",59.75135005,12.824328936823775,Person,🟣,Frid,Marit Kapla,AurellT,,,published,published,[Litteraturkartan](https://litteraturbanken.se/litteraturkartan/?id=1050)
1187,1051,Mangskog,59.7527746,12.8243585,Person,🟣,Längs Aurells landsväg,Marit Kapla,AurellT,1949,1949,published,published,[Litteraturkartan](https://litteraturbanken.se/litteraturkartan/?id=1051) · [Source](https://litteraturbanken.se/författare/AurellT/titlar/NyaBerättelser/sida/55/etext)
1188,1052,"Adressen för nedlagda Herman Anderssons bokhandel, Tingvallagatan 15, Karlstad",59.3802024,13.502266801435706,Person,🟣,Strutläsaren Aurell,Marit Kapla,AurellT,1955,1955,published,published,[Litteraturkartan](https://litteraturbanken.se/litteraturkartan/?id=1052) · [Source](https://litteraturbanken.se/författare/AurellT/titlar/Viktor/sida/7/etext)
1189,1053,"Adressen för Aug. Jacobssons bokhandel, Storgatan 23, Arvika, nuvarande Akademibokhandeln",59.654292824254085,12.59335876049039,Plats,🟢,På cykel hem till Värmland,Marit Kapla,AurellT,1969,1969,published,published,[Litteraturkartan](https://litteraturbanken.se/litteraturkartan/?id=1053) · [Source](https://litteraturbanken.se/författare/AurellT/titlar/SamtalÖnskas/sida/121/etext)
1190,1054,"Där Nole, Lövnäs, Mangskog: Tage och Kathrine Aurells hus, Arvika kommun",59.730871436452865,12.832902836072304,Plats,🟢,De drog till Mangskog,Marit Kapla,AurellT,1957,1957,published,published,[Litteraturkartan](https://litteraturbanken.se/litteraturkartan/?id=1054) · [Source](https://litteraturbanken.se/författare/AurellT/presentation)
1191,1055,"Långgatan, Herrhagen, Karlstad",59.376169149999996,13.519308886266753,Plats,🟢,Två Sockerslott,Marit Kapla,AurellT,1932,1932,published,published,[Litteraturkartan](https://litteraturbanken.se/litteraturkartan/?id=1055) · [Source](https://litteraturbanken.se/författare/AurellT/titlar/TybergsGård/sida/42/etext)
1192,1056,"Kyrkan i Nykroppa, Filipstads kommun",59.619661550000004,14.301781060355587,Plats,🟢,Relativt roligt,Marit Kapla,FerlinN,1951,1951,published,published,[Litteraturkartan](https://litteraturbanken.se/litteraturkartan/?id=1056) · [Source](https://litteraturbanken.se/författare/FerlinN/titlar/KejsarensPapegoja/sida/82/etext)
1193,1057,"Lanthandeln, Skolvägen 2, Gräsmark, Sunne kommun",59.946181300000006,12.910716634805457,Plats,🟢,Handelsman i Gräsmark,Marit Kapla,FerlinN,1926,1927,published,published,[Litteraturkartan](https://litteraturbanken.se/litteraturkartan/?id=1057) · [Source](https://litteraturbanken.se/författare/FerlinN/titlar/EnDöddansaresVisor/sida/65/etext)
1194,1058,"Dunderbacken, Filipstad",59.76797199787717,14.263530434534653,Plats,🟢,Busen Fabian firar midsommar,Marit Kapla,FerlinN,1930,1930,published,published,[Litteraturkartan](https://litteraturbanken.se/litteraturkartan/?id=1058) · [Source](https://litteraturbanken.se/författare/FerlinN/titlar/EnDöddansaresVisor/sida/55/etext)
1195,1059,"Abborrberget, Filipstads kommun",59.717871260769726,14.207630052408028,Plats,🟢,Nu brinner vårens blåa eld,Marit Kapla,FerlinN,1930,1930,published,published,[Litteraturkartan](https://litteraturbanken.se/litteraturkartan/?id=1059) · [Source](https://litteraturbanken.se/författare/FerlinN/titlar/EnDöddansaresVisor/sida/76/etext)
1196,1060,"Ferlinladan, komministergårdens uthus, Filipstad",59.7113965,14.161536049495693,Verk,🔵,En cirkusmanege,Marit Kapla,FerlinN,1939,1939,published,published,[Litteraturkartan](https://litteraturbanken.se/litteraturkartan/?id=1060) · [Source](https://litteraturbanken.se/författare/FerlinN/titlar/Goggles/sida/94/etext)
1197,1061,"Hantverksgatan, Lelle gata, vid Svintorget, Filipstad",59.7113965,14.161536049495693,Person,🟣,Ferlin och Oxhälja,Marit Kapla,FerlinN,1939,1939,published,published,[Litteraturkartan](https://litteraturbanken.se/litteraturkartan/?id=1061) · [Source](https://litteraturbanken.se/författare/FerlinN/titlar/Goggles/sida/10/etext)
1198,1062,"Sandbäcksgatan 7, Karlstad, Karlstads kommun",59.38376595,13.497044196819974,Person,🟣,Från Klara till Klara,Marit Kapla,FerlinN,,,published,published,[Litteraturkartan](https://litteraturbanken.se/litteraturkartan/?id=1062)
1199,1063,"Sunne kyrkogård, Sunne kommun",59.83769855,13.15448663792407,Verk,🔵,Ack Värmeland du sköna,Marit Kapla,FryxellA,1822,1822,published,published,[Litteraturkartan](https://litteraturbanken.se/litteraturkartan/?id=1063) · [Source](https://litteraturbanken.se/författare/AtterbomPDA/titlar/PoetiskKalender1822/sida/I.95/faksimil)
1200,1064,"Tabergs herrgård, Nordmarksberg, Filipstads kommun",59.83080069001211,14.121151212983264,Verk,🔵,Från abskons till öxlas,Marit Kapla,DahlgrenFA,1914,1916,published,published,[Litteraturkartan](https://litteraturbanken.se/litteraturkartan/?id=1064) · [Source](https://litteraturbanken.se/författare/DahlgrenFA/titlar/Glossarium/sida/I/faksimil)
1201,1065,"Platsen för rivna Hybelejens kvarn, Karlstad",59.3820893,13.4987654,Verk,🔵,Hybelejen blev Kevenhüller,Marit Kapla,LagerlöfS,1891,1891,published,published,[Litteraturkartan](https://litteraturbanken.se/litteraturkartan/?id=1065) · [Source](https://litteraturbanken.se/författare/LagerlöfS/titlar/GöstaBerlingsSaga1933/sida/358/etext)
1202,1066,"Trötvik, Rottnen, Sunne kommun",59.9263539,12.9042403,Verk,🔵,Stenen i sjön Rottnen,Marit Kapla,LagerlöfS,1914,1914,published,published,[Litteraturkartan](https://litteraturbanken.se/litteraturkartan/?id=1066) · [Source](https://litteraturbanken.se/författare/LagerlöfS/titlar/Höst/sida/202/etext)
1203,1067,"Gettjärnsklätten, Sunne kommun",59.892994,12.948381550771206,Verk,🔵,Patron Julius flyktförsök,Marit Kapla,LagerlöfS,1891,1891,published,published,[Litteraturkartan](https://litteraturbanken.se/litteraturkartan/?id=1067) · [Source](https://litteraturbanken.se/författare/LagerlöfS/titlar/GöstaBerling2/sida/105/etext)
1204,1068,"Angersby, Sunne kommun",59.80471331562873,13.204447179120999,Plats,🟢,Den olyckliga Lotta Uggla,Marit Kapla,LagerlöfS,1930,1930,published,published,[Litteraturkartan](https://litteraturbanken.se/litteraturkartan/?id=1068) · [Source](https://litteraturbanken.se/författare/LagerlöfS/titlar/Höst/sida/76/etext)
1372,1068,"Angersby, Sunne kommun",59.80471331562873,13.204447179120999,Verk,🔵,Berga (1891),,LagerlöfS,1891,1891,published,published,[Litteraturkartan](https://litteraturbanken.se/litteraturkartan/?id=1068) · [Source](https://litteraturbanken.se/författare/LagerlöfS/titlar/GöstaBerling1/sida/70/etext)
1206,1069,"Mårbacka, Sunne kommun",59.7805633,13.233015912759313,Verk,🔵,Verklighet och fiktion på Mårbacka,Marit Kapla,LagerlöfS,1907,1907,published,published,[Litteraturkartan](https://litteraturbanken.se/litteraturkartan/?id=1069) · [Source](https://litteraturbanken.se/författare/LagerlöfS/titlar/NilsHolgersson2/sida/410/etext)
1362,1069,"Mårbacka, Sunne kommun",59.7805633,13.233015912759313,Verk,🔵,Löfdala (1891),,LagerlöfS,1891,1891,published,published,[Litteraturkartan](https://litteraturbanken.se/litteraturkartan/?id=1069) · [Source](https://litteraturbanken.se/författare/LagerlöfS/titlar/GöstaBerling2/sida/60/etext)
2181,1069,"Mårbacka, Sunne kommun",59.7805633,13.233015912759313,Plats,🟢,Besök på Mårbacka,,CastroA,1945,1945,published,published,[Litteraturkartan](https://litteraturbanken.se/litteraturkartan/?id=1069) · [Source](https://litteraturbanken.se/författare/CastroA/titlar/MistralsResa/sida/10/etext)
1207,1070,"Rottneros park, platsen för brukets gamla smedja, Sunne kommun",59.8021061,13.125942271583153,Plats,🟢,Julnätternas julnatt,Marit Kapla,LagerlöfS,1891,1891,published,published,[Litteraturkartan](https://litteraturbanken.se/litteraturkartan/?id=1070) · [Source](https://litteraturbanken.se/författare/LagerlöfS/titlar/GöstaBerling1/sida/37/etext)
1208,1071,"Älvgatan 11, Karlstad, Karlstads kommun",59.37989995,13.49498908781911,Plats,🟢,”Det finaste huset i Karlstad”,Marit Kapla,LagerlöfS,1925,1925,published,published,[Litteraturkartan](https://litteraturbanken.se/litteraturkartan/?id=1071) · [Source](https://litteraturbanken.se/författare/LagerlöfS/titlar/CharlotteLöwensköld/sida/5/etext)
1211,1072,"Tingvallagymnasiet, f. d. Karlstads högre allmänna läroverk, Karlstads kommun",59.38068385,13.506444494790188,Plats,🟢,Kända studenter,Marit Kapla,AurellT,1965,1965,published,published,[Litteraturkartan](https://litteraturbanken.se/litteraturkartan/?id=1072) · [Source](https://litteraturbanken.se/författare/AurellT/titlar/Viktor/sida/16/etext)
1213,1073,"Brunskogs kyrka, Arvika kommun",59.653708550000005,12.893293939152468,Plats,🟢,Som en bondbrud,Marit Kapla,FrödingG,1891,1891,published,published,[Litteraturkartan](https://litteraturbanken.se/litteraturkartan/?id=1073) · [Source](https://litteraturbanken.se/författare/FrödingG/titlar/GuitarrOchDragharmonika/sida/16/etext)
1214,1074,"Domkyrkan i Karlstad, Karlstads kommun",59.3815301,13.506512503800561,Verk,🔵,Militären tågar in i Karlstad,Marit Kapla,FrödingG,1897,1897,published,published,[Litteraturkartan](https://litteraturbanken.se/litteraturkartan/?id=1074) · [Source](https://litteraturbanken.se/författare/FrödingG/titlar/RägglerÅPaschaserII/sida/47/etext)
1215,1075,"Gunneruds gård, Karlstads kommun",59.4152043,13.6077017,Plats,🟢,Sagor i syréngrottan,Marit Kapla,FrödingG,1896,1896,published,published,[Litteraturkartan](https://litteraturbanken.se/litteraturkartan/?id=1075) · [Source](https://litteraturbanken.se/författare/FrödingG/titlar/StänkOchFlikar/sida/64/etext)
1216,1076,"Frödingsstugan, Byn vid sjön Alstern, Karlstads kommun",59.4386029,13.5959215,Person,🟣,Dolores Fröding,Marit Kapla,FrödingG,1897,1897,published,published,[Litteraturkartan](https://litteraturbanken.se/litteraturkartan/?id=1076) · [Source](https://litteraturbanken.se/författare/FrödingG/titlar/NyttOchGammalt/sida/49/etext)
1217,1077,"Frimurarelogen, Tingvallagatan 15, Karlstad, Karlstads kommun",59.3802024,13.502266801435706,Plats,🟢,Unionen som gick om intet,Marit Kapla,FrödingG,1894,1894,published,published,[Litteraturkartan](https://litteraturbanken.se/litteraturkartan/?id=1077) · [Source](https://litteraturbanken.se/författare/FrödingG/titlar/NyaDikter/sida/3/etext)
1218,1078,"Stadsträdgården, Karlstad, Karlstads kommun",59.37669325,13.500917122584035,Plats,🟢,Dystra tankar i Stadsträdgården,Marit Kapla,FrödingG,1894,1894,published,published,[Litteraturkartan](https://litteraturbanken.se/litteraturkartan/?id=1078) · [Source](https://litteraturbanken.se/författare/FrödingG/titlar/NyaDikter/sida/67/etext)
1219,1079,"Avundsåsen, Torsby kommun",60.7441891,12.5789974,Plats,🟢,Hur Avundsåsen fick sitt namn,Marit Kapla,SchröderG,1893,1893,published,published,[Litteraturkartan](https://litteraturbanken.se/litteraturkartan/?id=1079) · [Source](https://litteraturbanken.se/författare/SchröderG/titlar/ÖrjanKajland/sida/178/faksimil)
1220,1080,"Västra kyrkogården, Karlstad",59.38669424818288,13.51257443034176,Person,🟣,Folklivsforskaren Albrekt Segerstedt,Marit Kapla,SegerstedtA,1844,1894,published,published,[Litteraturkartan](https://litteraturbanken.se/litteraturkartan/?id=1080)
1221,1082,"Stora Kils kyrka, Kils kommun",59.527893750000004,13.316025067466,Person,🟣,Han skapade Tuvstarr,Marit Kapla,,1885,1984,published,published,[Litteraturkartan](https://litteraturbanken.se/litteraturkartan/?id=1082)
1222,1083,"Botilssäters kyrka, Värmlandsnäs, Säffle kommun",59.04552555,13.08178925455002,Verk,🔵,Ungdomsbok för storstadsflickor,Marit Kapla,AndersonH,1891,1891,published,published,[Litteraturkartan](https://litteraturbanken.se/litteraturkartan/?id=1083) · [Source](https://litteraturbanken.se/författare/AndersonH/titlar/StadsflickorPåLandet/sida/5/faksimil)
1223,1084,Mariebergsskogen,59.3658783,13.4818111,Person,🟣,Trollen i Mariebergsskogen,Marit Kapla,,,,published,published,[Litteraturkartan](https://litteraturbanken.se/litteraturkartan/?id=1084)
1224,1085,"Klinten, Storhöjden, Filipstad",59.72779346379611,14.183727617630511,Person,🟣,Sotlugg och Linlugg,Marit Kapla,,1911,2003,published,published,[Litteraturkartan](https://litteraturbanken.se/litteraturkartan/?id=1085)
1225,1086,"Degerfors station, Degerfors kommun",59.229171449999996,14.440700782425285,Plats,🟢,Såna är värmlänningarna,Marit Kapla,LundbergGA,1897,1897,published,published,[Litteraturkartan](https://litteraturbanken.se/litteraturkartan/?id=1086) · [Source](https://litteraturbanken.se/författare/LundbergGA/titlar/PåJernvägsresa/sida/10/faksimil)
1226,1087,"Gamla prästgården, Kyrkebol, Norra Ny socken, Torsby kommun",60.39137155572431,13.28653226873326,Plats,🟢,Apel-äpplena i Kyrkebol,Marit Kapla,AxelsonM,1852,1852,published,published,[Litteraturkartan](https://litteraturbanken.se/litteraturkartan/?id=1087) · [Source](https://litteraturbanken.se/författare/AxelsonM/titlar/VandringIWermlandsElfdal/sida/34/faksimil)
1227,1088,"Hammarområdet i Norum, Karlstads kommun",59.56007028042539,13.696083950674575,Verk,🔵,Den 409-åriga tallen i Norum,Marit Kapla,LinnéCvon,1746,1746,published,published,[Litteraturkartan](https://litteraturbanken.se/litteraturkartan/?id=1088) · [Source](https://litteraturbanken.se/författare/LinnéCvon/titlar/LinnæiWästgötaResa/sida/246/faksimil)
1247,1088,"Hammarområdet i Norum, Karlstads kommun",59.56007028042539,13.696083950674575,Linnés resa,🟡,Furen blifwer det högsta träet (1746),,LinnéCvon,1746,1746,published,published,[Litteraturkartan](https://litteraturbanken.se/litteraturkartan/?id=1088) · [Source](https://litteraturbanken.se/författare/LinnéCvon/titlar/LinnæiWästgötaResa/sida/247/faksimil)
1233,1090,"Rör, Väse socken, Karlstads kommun",59.41904877185141,13.811058998107912,Verk,🔵,"Vibjörn, sin bror",Marit Kapla,JanssonSBF,,,published,published,[Litteraturkartan](https://litteraturbanken.se/litteraturkartan/?id=1090) · [Source](https://litteraturbanken.se/författare/JanssonSBF/titlar/VärmlandsRuninskrifter/sida/56/faksimil)
1232,1091,"Västra Hovlanda, Hammarö socken, Hammarö kommun",59.316303536612814,13.532420396804811,Verk,🔵,Af owuligt folck,Marit Kapla,JanssonSBF,,,published,published,[Litteraturkartan](https://litteraturbanken.se/litteraturkartan/?id=1091) · [Source](https://litteraturbanken.se/författare/JanssonSBF/titlar/VärmlandsRuninskrifter/sida/61/faksimil)
1231,1092,"Gunnarskogs hembygdsgård, Arvika kommun",59.81190609494444,12.575783729553223,Verk,🔵,Skramlestenens gåta,Marit Kapla,,,,published,published,[Litteraturkartan](https://litteraturbanken.se/litteraturkartan/?id=1092)
1230,1094,"Olof Trätäljas gravhög, Säffle",59.131198884759286,12.922346591949465,Plats,🟢,Olof Trätäljas gravhög,Marit Kapla,FernowE,1773,1773,published,published,[Litteraturkartan](https://litteraturbanken.se/litteraturkartan/?id=1094) · [Source](https://litteraturbanken.se/författare/FernowE/titlar/BeskrifningÖfverVärmland/sida/64/faksimil)
1229,1095,"Hjälleskate säteri, Värmlandsnäs, Säffle kommun",58.98235460772048,13.10222625732422,Plats,🟢,Åsas oönskade friare,Marit Kapla,FernowE,1773,1773,published,published,[Litteraturkartan](https://litteraturbanken.se/litteraturkartan/?id=1095) · [Source](https://litteraturbanken.se/författare/FernowE/titlar/BeskrifningÖfverVärmland/sida/87/faksimil)
1228,1096,"Grav, Köla socken, Eda kommun",59.7565209,12.3238205,Plats,🟢,Törnrosens torp,Marit Kapla,AlmqvistCJL,1824,1824,published,published,[Litteraturkartan](https://litteraturbanken.se/litteraturkartan/?id=1096) · [Source](https://litteraturbanken.se/författare/AlmqvistCJL/titlar/SamladeVerk5/sida/2/etext)
1212,1097,Stadshotellet i Karlstad,59.3813113,13.5005257,Person,🟣,Fröding intervjuar Ellen Hartman,Marit Kapla,FrödingG,1894,1894,published,published,[Litteraturkartan](https://litteraturbanken.se/litteraturkartan/?id=1097) · [Source](https://litteraturbanken.se/författare/FrödingG/titlar/KlippAvHansSax/sida/38/etext)
1210,1098,"Häljeby herrgård, Sunne, Sunne kommun",59.82449000077085,13.164024353027346,Person,🟣,Den mångsidige Petrus Lagerlöf,Marit Kapla,HammarsköldL,1703,1703,published,published,[Litteraturkartan](https://litteraturbanken.se/litteraturkartan/?id=1098) · [Source](https://litteraturbanken.se/författare/HammarsköldL/titlar/SvenskaVitterheten/sida/126/faksimil)
1209,1099,"Fryksdalshöjden, Sunne kommun",59.70014746794755,13.104457855224611,Person,🟣,”Som att ge sig utför en kyrkvägg”,Marit Kapla,LagerlöfS,1933,1933,published,published,[Litteraturkartan](https://litteraturbanken.se/litteraturkartan/?id=1099) · [Source](https://litteraturbanken.se/författare/LagerlöfS/titlar/Höst/sida/101/etext)
1148,1100,Missionskyrkan i Torsby,60.13534814961898,13.004692619793492,Person,🟣,Narrad på Torsby marknad,Marit Kapla,,1907,1907,published,published,[Litteraturkartan](https://litteraturbanken.se/litteraturkartan/?id=1100)
1149,1101,"Branäs, Torsby kommun",60.6610703,12.9632208,Plats,🟢,En forskningsresa,Marit Kapla,BorgströmFL,1875,1875,published,published,[Litteraturkartan](https://litteraturbanken.se/litteraturkartan/?id=1101) · [Source](https://litteraturbanken.se/författare/BorgströmFL/titlar/BerättelseÖfverEnResaIWermland/sida/206/faksimil)
1150,1102,"Persberg, Filipstads kommun",59.75284663951674,14.24637302631081,Verk,🔵,Fattigdomen i Persberg,Marit Kapla,AxelsonM,1847,1847,published,published,[Litteraturkartan](https://litteraturbanken.se/litteraturkartan/?id=1102) · [Source](https://litteraturbanken.se/f%C3%B6rfattare/AxelsonM/titlar/RosenIFilipstad/sida/219/faksimil)
1329,1102,"Persberg, Filipstads kommun",59.75284663951674,14.24637302631081,Resa,🟠,Änteligen (1807),,LinnerhielmJC,1807,1807,published,published,[Litteraturkartan](https://litteraturbanken.se/litteraturkartan/?id=1102) · [Source](https://litteraturbanken.se/författare/LinnerhielmJC/titlar/BrefSenareResor/sida/58/faksimil)
1151,1103,"Bergmästaregården, Filipstad, Filipstads kommun",59.71006295,14.1715351,Plats,🟢,Den vackraste platsen i Filipstad,Marit Kapla,FerlinN,1847,1847,published,published,[Litteraturkartan](https://litteraturbanken.se/litteraturkartan/?id=1103) · [Source](https://litteraturbanken.se/författare/FerlinN/titlar/Goggles/sida/131/etext)
1152,1104,"Kastensbol, gamla kaptensbostället, Långserud socken, Säffle kommun",59.2984726,12.6661769,Person,🟣,Ur en ung värmländskas dagbok,Marit Kapla,DahlgrenL,1923,1923,published,published,[Litteraturkartan](https://litteraturbanken.se/litteraturkartan/?id=1104) · [Source](https://litteraturbanken.se/f%C3%B6rfattare/DahlgrenL/titlar/UrRans%C3%A4tersFamiljearkiv/sida/109/faksimil)
1153,1105,"Lundsbergs skola, Storfors kommun",59.49856935,14.15911117805228,Plats,🟢,Lundsberg i litteraturen,Marit Kapla,KuylenstiernaE,1925,1925,published,published,[Litteraturkartan](https://litteraturbanken.se/litteraturkartan/?id=1105) · [Source](https://litteraturbanken.se/f%C3%B6rfattare/KuylenstiernaE/titlar/DeNioKamraterna/sida/151/faksimil)
1154,1106,"Picassoskulpturen, Strandudden, Kristinehamns kommun",59.2732663,14.0516102,Person,🟣,Poesi vid Vänerns strand,Marit Kapla,Ingrid Nyström,1917,1999,published,published,[Litteraturkartan](https://litteraturbanken.se/litteraturkartan/?id=1106)
1155,1107,"Gunnarskogs kyrka, Gunnarskog, Arvika kommun",59.81213065,12.564084156385377,Plats,🟢,Folket i Finnskogarna,Marit Kapla,PerssonF,1915,1915,published,published,[Litteraturkartan](https://litteraturbanken.se/litteraturkartan/?id=1107) · [Source](https://litteraturbanken.se/f%C3%B6rfattare/PerssonF/titlar/Modalspr%C3%A4sten/sida/13/faksimil)
1156,1108,"Fryksände kyrkogård, Torsby",60.13788334947491,13.015005836092199,Person,🟣,Signe Björnberg alias Sigge Stark,Marit Kapla,,1896,1964,published,published,[Litteraturkartan](https://litteraturbanken.se/litteraturkartan/?id=1108)
1157,1109,"By kyrkogård, Säffle kommun",59.1160797,12.941820599848702,Person,🟣,"Nog är Säffle bra, men bättre Åmål",Marit Kapla,BäckmannI,1913,1913,published,published,[Litteraturkartan](https://litteraturbanken.se/litteraturkartan/?id=1109) · [Source](https://litteraturbanken.se/författare/BäckmannI/titlar/GustafFröding/sida/5/faksimil)
1158,1110,"Södra Tofta, Ölme socken, Kristinehamns kommun",59.3416621,13.969261,Verk,🔵,Roddtur i regn 1643,Marit Kapla,GylleniusP,1622,1667,published,published,[Litteraturkartan](https://litteraturbanken.se/litteraturkartan/?id=1110) · [Source](https://litteraturbanken.se/f%C3%B6rfattare/GylleniusP/titlar/DiariumGyllenianum/sida/5/faksimil)
1159,1111,Teatern i Karlstad,59.3820623,13.497204143937465,Plats,🟢,Hela stadens teater,Marit Kapla,FrödingG,1893,1893,published,published,[Litteraturkartan](https://litteraturbanken.se/litteraturkartan/?id=1111)
1160,1112,"Hagen, Västra Hungvik, Arvika kommun",59.57554136782173,12.681955297835694,Person,🟣,Värmländsk grandoft,Marit Kapla,,1892,1967,published,published,[Litteraturkartan](https://litteraturbanken.se/litteraturkartan/?id=1112)
1161,1113,"Claras torg, Årjäng, Årjängs kommun",59.3940527,12.1340802,Person,🟣,Poeten Clara Johansson,Marit Kapla,,1902,1992,published,published,[Litteraturkartan](https://litteraturbanken.se/litteraturkartan/?id=1113)
1162,1114,"Liljendals gamla bruk, Filipstads kommun",60.14219210584253,14.067504787983527,Plats,🟢,Det döda bruket,Marit Kapla,LandquistJ,1949,1949,published,published,[Litteraturkartan](https://litteraturbanken.se/litteraturkartan/?id=1114) · [Source](https://litteraturbanken.se/f%C3%B6rfattare/LandquistJ/titlar/SomJagMinnsDem/sida/17/faksimil)
1163,1115,"Eds kyrka, Grums kommun",59.29126985,13.072845857079646,Verk,🔵,Värmlänningen Carlsson,Marit Kapla,StrindbergA,1887,1887,published,published,[Litteraturkartan](https://litteraturbanken.se/litteraturkartan/?id=1115) · [Source](https://litteraturbanken.se/f%C3%B6rfattare/StrindbergA/titlar/Hems%C3%B6borna/sida/31/etext)
1164,1116,"Södra Råda kyrkplats, Gullspångs kommun, landskapet Värmland",59.0079067,14.1922059,Plats,🟢,De förlorade takmålningarna,Marit Kapla,StrindbergA,1882,1882,published,published,[Litteraturkartan](https://litteraturbanken.se/litteraturkartan/?id=1116) · [Source](https://litteraturbanken.se/f%C3%B6rfattare/StrindbergA/titlar/SvenskaFolket1/sida/262/etext)
1165,1117,"Alsters herrgård och Frödingsstugan, Byn, Karlstads kommun",59.4386029,13.5959215,Person,🟣,"”Det är tomt, det är brändt”",Marit Kapla,FrödingG,1896,1896,published,published,[Litteraturkartan](https://litteraturbanken.se/litteraturkartan/?id=1117) · [Source](https://litteraturbanken.se/författare/FrödingG/titlar/StänkOchFlikar/sida/53/etext)
1166,1118,"Kajsheden, Torsby",60.13668320531084,12.980041876240824,Person,🟣,”Viser på bonnmåle”,Marit Kapla,,1873,1917,published,published,[Litteraturkartan](https://litteraturbanken.se/litteraturkartan/?id=1118)
1205,1119,"Stjärnsfors, Norra Råda socken, Hagfors kommun",60.03495217179888,13.630471229553224,Plats,🟢,Järnet från Uddeholm,Marit Kapla,LagerlöfS,1891,1891,published,published,[Litteraturkartan](https://litteraturbanken.se/litteraturkartan/?id=1119) · [Source](https://litteraturbanken.se/författare/LagerlöfS/titlar/GöstaBerling2/sida/43/etext)
1235,1120,Avelsäter,59.1023697269109,12.801690101623537,Linnés resa,🟡,Göken och höken (1746),,LinnéCvon,1746,1746,published,published,[Litteraturkartan](https://litteraturbanken.se/litteraturkartan/?id=1120) · [Source](https://litteraturbanken.se/författare/LinnéCvon/titlar/LinnæiWästgötaResa/sida/236/faksimil)
1236,1121,Byälven,59.13636739504499,12.92344093322754,Linnés resa,🟡,En kulle (1746),,LinnéCvon,1746,1746,published,published,[Litteraturkartan](https://litteraturbanken.se/litteraturkartan/?id=1121) · [Source](https://litteraturbanken.se/författare/LinnéCvon/titlar/LinnæiWästgötaResa/sida/237/faksimil)
1237,1122,Mässvik,59.22030818117216,13.112053871154787,Linnés resa,🟡,Turkiska tapeter (1746),,LinnéCvon,1746,1746,published,published,[Litteraturkartan](https://litteraturbanken.se/litteraturkartan/?id=1122) · [Source](https://litteraturbanken.se/författare/LinnéCvon/titlar/LinnæiWästgötaResa/sida/238/faksimil)
1238,1123,Ransundet,59.266889489710834,13.07398796081543,Linnés resa,🟡,Torr som gåsen (1746),,LinnéCvon,1746,1746,published,published,[Litteraturkartan](https://litteraturbanken.se/litteraturkartan/?id=1123) · [Source](https://litteraturbanken.se/författare/LinnéCvon/titlar/LinnæiWästgötaResa/sida/238/faksimil)
1280,1123,Ransundet,59.266889489710834,13.07398796081543,Plats,🟢,Drängspringet (1845),,BorgströmFL,1845,1845,published,published,[Litteraturkartan](https://litteraturbanken.se/litteraturkartan/?id=1123) · [Source](https://litteraturbanken.se/författare/BorgströmFL/titlar/BerättelseÖfverEnResaIWermland/sida/43/faksimil?storlek=2)
1239,1124,Fryken,59.56111446916529,13.32366943359375,Linnés resa,🟡,Glittersand (1746),,LinnéCvon,1746,1746,published,published,[Litteraturkartan](https://litteraturbanken.se/litteraturkartan/?id=1124) · [Source](https://litteraturbanken.se/författare/LinnéCvon/titlar/LinnæiWästgötaResa/sida/239/faksimil)
1255,1124,Fryken,59.56111446916529,13.32366943359375,Plats,🟢,Fryken hos Litteraturbanken,,,,,published,published,[Litteraturkartan](https://litteraturbanken.se/litteraturkartan/?id=1124)
1309,1124,Fryken,59.56111446916529,13.32366943359375,Plats,🟢,Sjöormen (1845),,BorgströmFL,1845,1845,published,published,[Litteraturkartan](https://litteraturbanken.se/litteraturkartan/?id=1124) · [Source](https://litteraturbanken.se/författare/BorgströmFL/titlar/BerättelseÖfverEnResaIWermland/sida/178/faksimil)
1330,1124,Fryken,59.56111446916529,13.32366943359375,Verk,🔵,En rofva på isen,,SöderbergH,1912,1912,published,published,[Litteraturkartan](https://litteraturbanken.se/litteraturkartan/?id=1124) · [Source](https://litteraturbanken.se/författare/SöderbergH/titlar/DenAllvarsamma/sida/22/etext)
1364,1124,Fryken,59.56111446916529,13.32366943359375,Verk,🔵,Löfven (1891),,LagerlöfS,1891,1891,published,published,[Litteraturkartan](https://litteraturbanken.se/litteraturkartan/?id=1124) · [Source](https://litteraturbanken.se/författare/LagerlöfS/titlar/GöstaBerling1/sida/31/etext)
1240,1125,Norsälven,59.40469026425721,13.232517242431642,Linnés resa,🟡,Härligt timmer i Wermeland (1746),,LinnéCvon,1746,1746,published,published,[Litteraturkartan](https://litteraturbanken.se/litteraturkartan/?id=1125) · [Source](https://litteraturbanken.se/författare/LinnéCvon/titlar/LinnæiWästgötaResa/sida/239/faksimil)
1242,1126,Klarälven,59.412552710655866,13.49069595336914,Linnés resa,🟡,Floden Clara (1746),,LinnéCvon,1746,1746,published,published,[Litteraturkartan](https://litteraturbanken.se/litteraturkartan/?id=1126) · [Source](https://litteraturbanken.se/författare/LinnéCvon/titlar/LinnæiWästgötaResa/sida/242/faksimil)
1245,1127,Kustorpet,59.53592813098427,13.62806797027588,Linnés resa,🟡,Ett tjockt mörker (1746),,LinnéCvon,1746,1746,published,published,[Litteraturkartan](https://litteraturbanken.se/litteraturkartan/?id=1127) · [Source](https://litteraturbanken.se/författare/LinnéCvon/titlar/LinnæiWästgötaResa/sida/246/faksimil)
1248,1128,Nyeds kyrka,59.59580725141185,13.733510971069338,Linnés resa,🟡,En ganska stor prydnad (1746),,LinnéCvon,1746,1746,published,published,[Litteraturkartan](https://litteraturbanken.se/litteraturkartan/?id=1128) · [Source](https://litteraturbanken.se/författare/LinnéCvon/titlar/LinnæiWästgötaResa/sida/249/faksimil)
1249,1130,Dammshöjden,59.698025516341964,14.103183746337892,Linnés resa,🟡,En widlöftig horizont (1746),,LinnéCvon,1746,1746,published,published,[Litteraturkartan](https://litteraturbanken.se/litteraturkartan/?id=1130) · [Source](https://litteraturbanken.se/författare/LinnéCvon/titlar/LinnæiWästgötaResa/sida/251/faksimil)
1250,1131,Filipstad,59.712524642614156,14.168093204498291,Linnés resa,🟡,Philippstad (1746),,LinnéCvon,1746,1746,published,published,[Litteraturkartan](https://litteraturbanken.se/litteraturkartan/?id=1131) · [Source](https://litteraturbanken.se/författare/LinnéCvon/titlar/LinnæiWästgötaResa/sida/251/faksimil)
1325,1131,Filipstad,59.712524642614156,14.168093204498291,Resa,🟠,Stadens förnämsta ungdom (1807),,LinnerhielmJC,1807,1807,published,published,[Litteraturkartan](https://litteraturbanken.se/litteraturkartan/?id=1131) · [Source](https://litteraturbanken.se/författare/LinnerhielmJC/titlar/BrefSenareResor/sida/53/faksimil)
1348,1131,Filipstad,59.712524642614156,14.168093204498291,Verk,🔵,Hermelin om Filipstad,,HermelinO,2010,2010,published,published,[Litteraturkartan](https://litteraturbanken.se/litteraturkartan/?id=1131) · [Source](https://litteraturbanken.se/författare/HermelinO/titlar/HecatompolisSuionum/sida/71/faksimil)
1251,1132,Södra Hallgruvan,59.758826704120416,14.255855083465578,Linnés resa,🟡,En myckenhet malm (1746),,LinnéCvon,1746,1746,published,published,[Litteraturkartan](https://litteraturbanken.se/litteraturkartan/?id=1132) · [Source](https://litteraturbanken.se/författare/LinnéCvon/titlar/LinnæiWästgötaResa/sida/261/faksimil)
1252,1133,Svartnäs,59.76486724912692,14.414749145507814,Linnés resa,🟡,Den oklara gränsen (1746),,LinnéCvon,1746,1746,published,published,[Litteraturkartan](https://litteraturbanken.se/litteraturkartan/?id=1133) · [Source](https://litteraturbanken.se/författare/LinnéCvon/titlar/LinnæiWästgötaResa/sida/262/faksimil)
1244,1134,Björby,59.44708216858719,13.546528816223146,Linnés resa,🟡,Trängtande hästar (1746),,LinnéCvon,1746,1746,published,published,[Litteraturkartan](https://litteraturbanken.se/litteraturkartan/?id=1134) · [Source](https://litteraturbanken.se/författare/LinnéCvon/titlar/LinnæiWästgötaResa/sida/245/faksimil)
1246,1135,Norumsgård,59.5596123,13.6961348,Linnés resa,🟡,Svarta starren (1746),,LinnéCvon,1746,1746,published,published,[Litteraturkartan](https://litteraturbanken.se/litteraturkartan/?id=1135) · [Source](https://litteraturbanken.se/författare/LinnéCvon/titlar/LinnæiWästgötaResa/sida/246/faksimil)
1253,1136,Munkfors,59.83050788291894,13.541271686553957,Plats,🟢,Munkfors hos Litteraturbanken,,,,,published,published,[Litteraturkartan](https://litteraturbanken.se/litteraturkartan/?id=1136)
1254,1137,Lesjöfors,59.97635057184208,14.175775051116943,Plats,🟢,Lesjöfors hos Litteraturbanken,,,,,published,published,[Litteraturkartan](https://litteraturbanken.se/litteraturkartan/?id=1137)
1256,1139,Mitt i Värmland (ungefär),59.7700532496162,13.14492702484131,Plats,🟢,Värmland hos Litteraturbanken,,,,,published,published,[Litteraturkartan](https://litteraturbanken.se/litteraturkartan/?id=1139)
1257,1139,Mitt i Värmland (ungefär),59.7700532496162,13.14492702484131,Plats,🟢,Wermeland hos Litteraturbanken,,,,,published,published,[Litteraturkartan](https://litteraturbanken.se/litteraturkartan/?id=1139)
1258,1139,Mitt i Värmland (ungefär),59.7700532496162,13.14492702484131,Plats,🟢,Wermland hos Litteraturbanken,,,,,published,published,[Litteraturkartan](https://litteraturbanken.se/litteraturkartan/?id=1139)
1333,1139,Mitt i Värmland (ungefär),59.7700532496162,13.14492702484131,Verk,🔵,Ett lynne av lärka,,SjöbergB,1924,1924,published,published,[Litteraturkartan](https://litteraturbanken.se/litteraturkartan/?id=1139) · [Source](https://litteraturbanken.se/författare/SjöbergB/titlar/KvartettenSomFörra/sida/80/etext)
1334,1139,Mitt i Värmland (ungefär),59.7700532496162,13.14492702484131,Verk,🔵,Ett ståtligt fyrverkeri,,SjöbergB,1924,1924,published,published,[Litteraturkartan](https://litteraturbanken.se/litteraturkartan/?id=1139) · [Source](https://litteraturbanken.se/författare/SjöbergB/titlar/KvartettenSomFörra/sida/194/etext)
1344,1139,Mitt i Värmland (ungefär),59.7700532496162,13.14492702484131,Plats,🟢,Bremer om Värmlands eldiga liv,,BremerF,1848,1848,published,published,[Litteraturkartan](https://litteraturbanken.se/litteraturkartan/?id=1139) · [Source](https://litteraturbanken.se/författare/BremerF/titlar/Midsommarresan/sida/35/faksimil?storlek=4)
1259,1140,Arvika,59.65439287697739,12.591254711151125,Plats,🟢,Arvika hos Litteraturbanken,,,,,published,published,[Litteraturkartan](https://litteraturbanken.se/litteraturkartan/?id=1140)
1300,1140,Arvika,59.65439287697739,12.591254711151125,Person,🟣,Jössehäringen (1845),,BorgströmFL,1845,1845,published,published,[Litteraturkartan](https://litteraturbanken.se/litteraturkartan/?id=1140) · [Source](https://litteraturbanken.se/författare/BorgströmFL/titlar/BerättelseÖfverEnResaIWermland/sida/131/faksimil)
1260,1141,Kristinehamn,59.31387806673711,14.090309143066408,Resa,🟠,Skjuts till Kristinehamn (1930),,KjellgrenJ,1930,1930,published,published,[Litteraturkartan](https://litteraturbanken.se/litteraturkartan/?id=1141) · [Source](https://litteraturbanken.se/författare/KjellgrenJ/titlar/PåSnålskjutsGenomEuropa/sida/13/etext)
1268,1141,Kristinehamn,59.31387806673711,14.090309143066408,Resa,🟠,Askalon (1926),,BäckmannI,1926,1926,published,published,[Litteraturkartan](https://litteraturbanken.se/litteraturkartan/?id=1141) · [Source](https://litteraturbanken.se/författare/BäckmannI/titlar/PåOchIVägenMedFordhoppa/sida/44/faksimil)
1346,1141,Kristinehamn,59.31387806673711,14.090309143066408,Verk,🔵,Hermelin om Kristinehamn,,HermelinO,2010,2010,published,published,[Litteraturkartan](https://litteraturbanken.se/litteraturkartan/?id=1141) · [Source](https://litteraturbanken.se/författare/HermelinO/titlar/HecatompolisSuionum/sida/51/faksimil)
1354,1141,Kristinehamn,59.31387806673711,14.090309143066408,Plats,🟢,Ordstäv om staden,,StrömF,1929,1929,published,published,[Litteraturkartan](https://litteraturbanken.se/litteraturkartan/?id=1141) · [Source](https://litteraturbanken.se/författare/StrömF/titlar/SvenskaOrdstäv/sida/180/faksimil)
1359,1141,Kristinehamn,59.31387806673711,14.090309143066408,Plats,🟢,En verklig tortyr,,TörnqvistJP,1873,1873,published,published,[Litteraturkartan](https://litteraturbanken.se/litteraturkartan/?id=1141) · [Source](https://litteraturbanken.se/författare/TörnqvistJP/titlar/Teaterlif/sida/231/faksimil)
1382,1141,Kristinehamn,59.31387806673711,14.090309143066408,Plats,🟢,Kristinehamn hos Litteraturbanken,,,,,published,published,[Litteraturkartan](https://litteraturbanken.se/litteraturkartan/?id=1141)
1262,1142,Jössefors,59.673429,12.504671,Resa,🟠,Solens sura gubbansikte (1930),,KjellgrenJ,1930,1930,published,published,[Litteraturkartan](https://litteraturbanken.se/litteraturkartan/?id=1142) · [Source](https://litteraturbanken.se/författare/KjellgrenJ/titlar/PåSnålskjutsGenomEuropa/sida/15/etext)
1357,1142,Jössefors,59.673429,12.504671,Plats,🟢,Snålt i Jösse,,StrömF,1929,1929,published,published,[Litteraturkartan](https://litteraturbanken.se/litteraturkartan/?id=1142) · [Source](https://litteraturbanken.se/författare/StrömF/titlar/SvenskaOrdstäv/sida/236/faksimil)
1263,1143,Koppom,59.70369818818148,12.147874832153322,Resa,🟠,Den berättande luffaren (1930),,KjellgrenJ,1930,1930,published,published,[Litteraturkartan](https://litteraturbanken.se/litteraturkartan/?id=1143) · [Source](https://litteraturbanken.se/författare/KjellgrenJ/titlar/PåSnålskjutsGenomEuropa/sida/16/etext)
1264,1144,Vännaka,59.55376496251499,12.116160392761232,Resa,🟠,Överhyggligt folk (1930),,KjellgrenJ,1930,1930,published,published,[Litteraturkartan](https://litteraturbanken.se/litteraturkartan/?id=1144) · [Source](https://litteraturbanken.se/författare/KjellgrenJ/titlar/PåSnålskjutsGenomEuropa/sida/17/etext)
1266,1146,Vägen från Töcksfors,59.48833158666288,11.752624511718752,Resa,🟠,En stickande storm (1930),,KjellgrenJ,1930,1930,published,published,[Litteraturkartan](https://litteraturbanken.se/litteraturkartan/?id=1146) · [Source](https://litteraturbanken.se/författare/KjellgrenJ/titlar/PåSnålskjutsGenomEuropa/sida/20/etext)
1267,1147,Väglösa,59.113617911114915,14.27578926086426,Resa,🟠,"Ack, Värmeland, du sköna (1926)",,BäckmannI,1926,1926,published,published,[Litteraturkartan](https://litteraturbanken.se/litteraturkartan/?id=1147) · [Source](https://litteraturbanken.se/författare/BäckmannI/titlar/PåOchIVägenMedFordhoppa/sida/43/faksimil)
1269,1148,Ölme,59.36261703686086,14.010701179504396,Resa,🟠,Di hära jädrans Fordloppera (1926),,BäckmannI,1926,1926,published,published,[Litteraturkartan](https://litteraturbanken.se/litteraturkartan/?id=1148) · [Source](https://litteraturbanken.se/författare/BäckmannI/titlar/PåOchIVägenMedFordhoppa/sida/44/faksimil)
1270,1149,Skattkärr,59.414321509597535,13.677163124084474,Resa,🟠,En flock gäss (1926),,BäckmannI,1926,1926,published,published,[Litteraturkartan](https://litteraturbanken.se/litteraturkartan/?id=1149) · [Source](https://litteraturbanken.se/författare/BäckmannI/titlar/PåOchIVägenMedFordhoppa/sida/45/faksimil)
1272,1150,Höglunda gård,59.429167043088505,13.237173557281494,Resa,🟠,Det grymmaste hån (1926),,BäckmannI,1926,1926,published,published,[Litteraturkartan](https://litteraturbanken.se/litteraturkartan/?id=1150) · [Source](https://litteraturbanken.se/författare/BäckmannI/titlar/PåOchIVägenMedFordhoppa/sida/46/faksimil)
1273,1151,Slottsbron,59.33255464702736,13.100423812866213,Resa,🟠,Hjulianus och färjan (1926),,BäckmannI,1926,1926,published,published,[Litteraturkartan](https://litteraturbanken.se/litteraturkartan/?id=1151) · [Source](https://litteraturbanken.se/författare/BäckmannI/titlar/PåOchIVägenMedFordhoppa/sida/48/faksimil)
1275,1152,Tveta gård,59.11717557899213,12.828726768493654,Resa,🟠,Tjuvar och rövare (1926),,BäckmannI,1926,1926,published,published,[Litteraturkartan](https://litteraturbanken.se/litteraturkartan/?id=1152) · [Source](https://litteraturbanken.se/författare/BäckmannI/titlar/PåOchIVägenMedFordhoppa/sida/49/faksimil)
1276,1153,Hammarö kyrka,59.335654000000005,13.520804853482403,Verk,🔵,Tre huvudlösa djävlar (1845),,BorgströmFL,1845,1845,published,published,[Litteraturkartan](https://litteraturbanken.se/litteraturkartan/?id=1153) · [Source](https://litteraturbanken.se/författare/BorgströmFL/titlar/BerättelseÖfverEnResaIWermland/sida/19/faksimil)
1278,1153,Hammarö kyrka,59.335654000000005,13.520804853482403,Plats,🟢,Hammarö-Tasse (1845),,BorgströmFL,1845,1845,published,published,[Litteraturkartan](https://litteraturbanken.se/litteraturkartan/?id=1153) · [Source](https://litteraturbanken.se/författare/BorgströmFL/titlar/BerättelseÖfverEnResaIWermland/sida/20/faksimil)
1277,1154,"Snarkstenen, Hammarö",59.33417440588523,13.563265800476076,Plats,🟢,Snarkstenen (1845),,BorgströmFL,1845,1845,published,published,[Litteraturkartan](https://litteraturbanken.se/litteraturkartan/?id=1154) · [Source](https://litteraturbanken.se/författare/BorgströmFL/titlar/BerättelseÖfverEnResaIWermland/sida/20/faksimil)
1279,1157,Alster,59.39995007465894,13.619270324707033,Verk,🔵,Der står ej allt riktigt till (1845),,BorgströmFL,1845,1845,published,published,[Litteraturkartan](https://litteraturbanken.se/litteraturkartan/?id=1157) · [Source](https://litteraturbanken.se/författare/BorgströmFL/titlar/BerättelseÖfverEnResaIWermland/sida/21/faksimil)
1281,1158,Grums kyrka,59.37129823049667,13.094576597213745,Plats,🟢,Jättekast (1845),,BorgströmFL,1845,1845,published,published,[Litteraturkartan](https://litteraturbanken.se/litteraturkartan/?id=1158) · [Source](https://litteraturbanken.se/författare/BorgströmFL/titlar/BerättelseÖfverEnResaIWermland/sida/44/faksimil)
1282,1159,"Väsby, By socken",59.07295939505482,12.942817211151123,Plats,🟢,"Man, klädd i röd toppmössa (1845)",,BorgströmFL,1845,1845,published,published,[Litteraturkartan](https://litteraturbanken.se/litteraturkartan/?id=1159) · [Source](https://litteraturbanken.se/författare/BorgströmFL/titlar/BerättelseÖfverEnResaIWermland/sida/55/faksimil)
1283,1160,Smörgraven,59.0635118,12.926062,Plats,🟢,Ett bergrå (1845),,BorgströmFL,1845,1845,published,published,[Litteraturkartan](https://litteraturbanken.se/litteraturkartan/?id=1160) · [Source](https://litteraturbanken.se/författare/BorgströmFL/titlar/BerättelseÖfverEnResaIWermland/sida/56/faksimil)
1284,1161,By kyrka,59.1128222,12.938327345520293,Plats,🟢,"Å, kors i Jesu namn (1845)",,BorgströmFL,1845,1845,published,published,[Litteraturkartan](https://litteraturbanken.se/litteraturkartan/?id=1161) · [Source](https://litteraturbanken.se/författare/BorgströmFL/titlar/BerättelseÖfverEnResaIWermland/sida/57/faksimil)
1285,1162,"Södra Skane, By socken",59.09755424386645,12.939105033874512,Plats,🟢,Jättar (1845),,BorgströmFL,1845,1845,published,published,[Litteraturkartan](https://litteraturbanken.se/litteraturkartan/?id=1162) · [Source](https://litteraturbanken.se/författare/BorgströmFL/titlar/BerättelseÖfverEnResaIWermland/sida/58/faksimil)
1286,1163,Nyckelängen,58.95620551132941,13.12497138977051,Plats,🟢,En berättelse om en nyckel (1845),,BorgströmFL,1845,1845,published,published,[Litteraturkartan](https://litteraturbanken.se/litteraturkartan/?id=1163) · [Source](https://litteraturbanken.se/författare/BorgströmFL/titlar/BerättelseÖfverEnResaIWermland/sida/59/faksimil?storlek=2)
1287,1164,Eskilsäters kyrka,58.9386399743364,13.166846036911013,Plats,🟢,Trollets namn (1845),,BorgströmFL,1845,1845,published,published,[Litteraturkartan](https://litteraturbanken.se/litteraturkartan/?id=1164) · [Source](https://litteraturbanken.se/författare/BorgströmFL/titlar/BerättelseÖfverEnResaIWermland/sida/60/faksimil)
1288,1165,"Godås, Eskilsäter socken",58.9542718,13.2045364,Plats,🟢,Arvid i Godås (1845),,BorgströmFL,1845,1845,published,published,[Litteraturkartan](https://litteraturbanken.se/litteraturkartan/?id=1165) · [Source](https://litteraturbanken.se/författare/BorgströmFL/titlar/BerättelseÖfverEnResaIWermland/sida/61/faksimil)
1289,1166,"Källbergsön, Lurön",58.801005883816416,13.254017829895021,Plats,🟢,Sju gyllene brudskrudar (1845),,BorgströmFL,1845,1845,published,published,[Litteraturkartan](https://litteraturbanken.se/litteraturkartan/?id=1166) · [Source](https://litteraturbanken.se/författare/BorgströmFL/titlar/BerättelseÖfverEnResaIWermland/sida/63/faksimil)
1290,1167,Aspen,59.293416204567094,12.680368423461916,Person,🟣,Prosten Göransson (1845),,BorgströmFL,1845,1845,published,published,[Litteraturkartan](https://litteraturbanken.se/litteraturkartan/?id=1167) · [Source](https://litteraturbanken.se/författare/BorgströmFL/titlar/BerättelseÖfverEnResaIWermland/sida/76/faksimil)
1291,1168,Långelanda tingshus,59.441671535009384,12.143765687942507,Plats,🟢,Nordmarkingen (1845),,BorgströmFL,1845,1845,published,published,[Litteraturkartan](https://litteraturbanken.se/litteraturkartan/?id=1168) · [Source](https://litteraturbanken.se/författare/BorgströmFL/titlar/BerättelseÖfverEnResaIWermland/sida/83/faksimil)
1292,1169,Skillingmarks kyrka,59.817758,12.01442876373122,Verk,🔵,Nidvisor om grannen (1845),,BorgströmFL,1845,1845,published,published,[Litteraturkartan](https://litteraturbanken.se/litteraturkartan/?id=1169) · [Source](https://litteraturbanken.se/författare/BorgströmFL/titlar/BerättelseÖfverEnResaIWermland/sida/87/faksimil)
1293,1170,Järnskogs kyrka,59.68892449995635,12.147628068923952,Plats,🟢,Som en jehu (1845),,BorgströmFL,1845,1845,published,published,[Litteraturkartan](https://litteraturbanken.se/litteraturkartan/?id=1170) · [Source](https://litteraturbanken.se/författare/BorgströmFL/titlar/BerättelseÖfverEnResaIWermland/sida/89/faksimil)
1294,1171,Sillebotten,59.2784893,12.3944234,Plats,🟢,Hvita pengar (1845),,BorgströmFL,1845,1845,published,published,[Litteraturkartan](https://litteraturbanken.se/litteraturkartan/?id=1171) · [Source](https://litteraturbanken.se/författare/BorgströmFL/titlar/BerättelseÖfverEnResaIWermland/sida/111/faksimil?storlek=2)
1295,1172,"Egenäs, Silleruds socken",59.208436,12.3102235,Plats,🟢,Guldsand (1845),,BorgströmFL,1845,1845,published,published,[Litteraturkartan](https://litteraturbanken.se/litteraturkartan/?id=1172) · [Source](https://litteraturbanken.se/författare/BorgströmFL/titlar/BerättelseÖfverEnResaIWermland/sida/111/faksimil)
1296,1173,Silbodals gamla kyrka,59.38107011527585,12.125612497329712,Plats,🟢,En naken jordfläck (1845),,BorgströmFL,1845,1845,published,published,[Litteraturkartan](https://litteraturbanken.se/litteraturkartan/?id=1173) · [Source](https://litteraturbanken.se/författare/BorgströmFL/titlar/BerättelseÖfverEnResaIWermland/sida/111/faksimil)
1297,1174,Karlanda kyrka,59.52579282241072,12.06699013710022,Plats,🟢,En jättes grav (1845),,BorgströmFL,1845,1845,published,published,[Litteraturkartan](https://litteraturbanken.se/litteraturkartan/?id=1174) · [Source](https://litteraturbanken.se/författare/BorgströmFL/titlar/BerättelseÖfverEnResaIWermland/sida/115/faksimil)
1298,1175,Järnsjön,59.349383237895616,12.236194610595703,Plats,🟢,Att slunga väldiga stenar (1845),,BorgströmFL,1845,1845,published,published,[Litteraturkartan](https://litteraturbanken.se/litteraturkartan/?id=1175) · [Source](https://litteraturbanken.se/författare/BorgströmFL/titlar/BerättelseÖfverEnResaIWermland/sida/119/faksimil)
1299,1176,"Trollön, Östra Silen",59.19496626966976,12.325887680053713,Plats,🟢,Trollön (1845),,BorgströmFL,1845,1845,published,published,[Litteraturkartan](https://litteraturbanken.se/litteraturkartan/?id=1176) · [Source](https://litteraturbanken.se/författare/BorgströmFL/titlar/BerättelseÖfverEnResaIWermland/sida/119/faksimil)
1301,1177,Glassnäs,59.5976425,12.3142147,Person,🟣,Mattes i Glassnäs (1845),,BorgströmFL,1845,1845,published,published,[Litteraturkartan](https://litteraturbanken.se/litteraturkartan/?id=1177) · [Source](https://litteraturbanken.se/författare/BorgströmFL/titlar/BerättelseÖfverEnResaIWermland/sida/141/faksimil)
1302,1178,Ny kyrka,59.7171806,12.472067005518188,Plats,🟢,Likfärder (1845),,BorgströmFL,1845,1845,published,published,[Litteraturkartan](https://litteraturbanken.se/litteraturkartan/?id=1178) · [Source](https://litteraturbanken.se/författare/BorgströmFL/titlar/BerättelseÖfverEnResaIWermland/sida/146/faksimil?storlek=2)
1303,1179,"Stenserud, Sunne socken",59.88305877576268,12.927539348602297,Plats,🟢,Blodtårar (1845),,BorgströmFL,1845,1845,published,published,[Litteraturkartan](https://litteraturbanken.se/litteraturkartan/?id=1179) · [Source](https://litteraturbanken.se/författare/BorgströmFL/titlar/BerättelseÖfverEnResaIWermland/sida/166/faksimil)
1304,1180,Lövstaholm,59.9943834,13.2905087,Plats,🟢,Bergfolket lockar (1845),,BorgströmFL,1845,1845,published,published,[Litteraturkartan](https://litteraturbanken.se/litteraturkartan/?id=1180) · [Source](https://litteraturbanken.se/författare/BorgströmFL/titlar/BerättelseÖfverEnResaIWermland/sida/170/faksimil)
1305,1182,Rännberget,60.329284636223534,12.662000656127931,Verk,🔵,Bergsråa i Ränneberget (1845),,BorgströmFL,1845,1845,published,published,[Litteraturkartan](https://litteraturbanken.se/litteraturkartan/?id=1182) · [Source](https://litteraturbanken.se/författare/BorgströmFL/titlar/BerättelseÖfverEnResaIWermland/sida/171/faksimil)
1307,1182,Rännberget,60.329284636223534,12.662000656127931,Plats,🟢,Ett förfärligt skyfall (1844),,BorgströmFL,1844,1844,published,published,[Litteraturkartan](https://litteraturbanken.se/litteraturkartan/?id=1182) · [Source](https://litteraturbanken.se/författare/BorgströmFL/titlar/BerättelseÖfverEnResaIWermland/sida/174/faksimil)
1311,1182,Rännberget,60.329284636223534,12.662000656127931,Plats,🟢,Guldfynd (1845),,BorgströmFL,1845,1845,published,published,[Litteraturkartan](https://litteraturbanken.se/litteraturkartan/?id=1182) · [Source](https://litteraturbanken.se/författare/BorgströmFL/titlar/BerättelseÖfverEnResaIWermland/sida/182/faksimil)
1306,1183,Nyckelvattnet,60.34890793552188,12.557201385498047,Plats,🟢,En sommardag (1844),,BorgströmFL,1845,1845,published,published,[Litteraturkartan](https://litteraturbanken.se/litteraturkartan/?id=1183) · [Source](https://litteraturbanken.se/författare/BorgströmFL/titlar/BerättelseÖfverEnResaIWermland/sida/172/faksimil)
1310,1184,Råbäcken,60.341348841098196,12.61861324310303,Plats,🟢,I den skumma natten (1845),,BorgströmFL,1845,1845,published,published,[Litteraturkartan](https://litteraturbanken.se/litteraturkartan/?id=1184) · [Source](https://litteraturbanken.se/författare/BorgströmFL/titlar/BerättelseÖfverEnResaIWermland/sida/179/faksimil)
1312,1185,Falltorp,60.5619090312567,12.577521800994875,Plats,🟢,Bergtagen (1845),,BorgströmFL,1845,1845,published,published,[Litteraturkartan](https://litteraturbanken.se/litteraturkartan/?id=1185) · [Source](https://litteraturbanken.se/författare/BorgströmFL/titlar/BerättelseÖfverEnResaIWermland/sida/199/faksimil)
1314,1186,"Halvarstugan, Båtstad",60.88478202651912,12.649265527725222,Person,🟣,Den försvunna björken (1845),,BorgströmFL,1845,1845,published,published,[Litteraturkartan](https://litteraturbanken.se/litteraturkartan/?id=1186) · [Source](https://litteraturbanken.se/författare/BorgströmFL/titlar/BerättelseÖfverEnResaIWermland/sida/205/faksimil)
1315,1187,Visnums kyrka,59.1296423,14.175099674859482,Resa,🟠,Själens minskade känsla (1807),,LinnerhielmJC,1807,1807,published,published,[Litteraturkartan](https://litteraturbanken.se/litteraturkartan/?id=1187) · [Source](https://litteraturbanken.se/författare/LinnerhielmJC/titlar/BrefSenareResor/sida/42/faksimil)
1316,1188,"Kyrkogården, Visnums kyrka",59.1291675953216,14.175517559051515,Resa,🟠,Så dystert förvaringsrum (1807),,,1807,1807,published,published,[Litteraturkartan](https://litteraturbanken.se/litteraturkartan/?id=1188) · [Source](https://litteraturbanken.se/författare/LinnerhielmJC/titlar/BrefSenareResor/sida/42/faksimil)
1317,1189,"Varnums gamla sockenkyrka, Kristinehamn",59.31145789951421,14.111659526824953,Resa,🟠,En kyrka på en höjd (1807),,LinnerhielmJC,1807,1807,published,published,[Litteraturkartan](https://litteraturbanken.se/litteraturkartan/?id=1189) · [Source](https://litteraturbanken.se/författare/LinnerhielmJC/titlar/BrefSenareResor/sida/43/faksimil)
1318,1190,"Kungsgatan, Kristinehamn",59.30871447000749,14.10849452018738,Resa,🟠,Hogarths skönhets-linea (1807),,LinnerhielmJC,1807,1807,published,published,[Litteraturkartan](https://litteraturbanken.se/litteraturkartan/?id=1190) · [Source](https://litteraturbanken.se/författare/LinnerhielmJC/titlar/BrefSenareResor/sida/43/faksimil)
1345,1190,"Kungsgatan, Kristinehamn",59.30871447000749,14.10849452018738,Verk,🔵,Den tragiske John Hall d.y.,,ElkanS,1899,1899,published,published,[Litteraturkartan](https://litteraturbanken.se/litteraturkartan/?id=1190) · [Source](https://litteraturbanken.se/författare/ElkanS/titlar/JohnHall/sida/414/etext)
1319,1191,Ölme kyrka,59.36477955,13.938196598496884,Resa,🟠,En mindre behaglig form (1807),,LinnerhielmJC,1807,1807,published,published,[Litteraturkartan](https://litteraturbanken.se/litteraturkartan/?id=1191) · [Source](https://litteraturbanken.se/författare/LinnerhielmJC/titlar/BrefSenareResor/sida/44/faksimil)
1320,1192,Alsters herrgård,59.398251527376296,13.602447509765627,Resa,🟠,Vänskapens sällare nöjen (1807),,LinnerhielmJC,1807,1807,published,published,[Litteraturkartan](https://litteraturbanken.se/litteraturkartan/?id=1192) · [Source](https://litteraturbanken.se/författare/LinnerhielmJC/titlar/BrefSenareResor/sida/45/faksimil)
1321,1193,Kroppkärrs gård,59.39645457921432,13.555991649627687,Resa,🟠,Invid björklundar (1807),,LinnerhielmJC,1807,1807,published,published,[Litteraturkartan](https://litteraturbanken.se/litteraturkartan/?id=1193) · [Source](https://litteraturbanken.se/författare/LinnerhielmJC/titlar/BrefSenareResor/sida/46/faksimil)
1322,1194,"Stora torget, Karlstad",59.380802355058336,13.50298047065735,Resa,🟠,Ett stort Assemblé-Hus (1807),,LinnerhielmJC,1807,1807,published,published,[Litteraturkartan](https://litteraturbanken.se/litteraturkartan/?id=1194) · [Source](https://litteraturbanken.se/författare/LinnerhielmJC/titlar/BrefSenareResor/sida/46/faksimil)
1323,1195,Lindås,59.370751621365365,13.836979866027834,Resa,🟠,Om osnygghetens följeslagare (1807),,LinnerhielmJC,1807,1807,published,published,[Litteraturkartan](https://litteraturbanken.se/litteraturkartan/?id=1195) · [Source](https://litteraturbanken.se/författare/LinnerhielmJC/titlar/BrefSenareResor/sida/50/faksimil)
1324,1196,Lungsunds kyrka,59.522213,14.193527684186993,Resa,🟠,En kitslig prästman (1807),,LinnerhielmJC,1807,1807,published,published,[Litteraturkartan](https://litteraturbanken.se/litteraturkartan/?id=1196) · [Source](https://litteraturbanken.se/författare/LinnerhielmJC/titlar/BrefSenareResor/sida/52/faksimil)
1326,1197,Hennickehammars herrgård,59.69386783355792,14.219409227371218,Resa,🟠,Välfägnadens läckerheter (1807),,LinnerhielmJC,1807,1807,published,published,[Litteraturkartan](https://litteraturbanken.se/litteraturkartan/?id=1197) · [Source](https://litteraturbanken.se/författare/LinnerhielmJC/titlar/BrefSenareResor/sida/54/faksimil)
1327,1198,Nordmarks Gruv & Mineralmuseum,59.837441119395685,14.103806018829347,Resa,🟠,Fasa och häpenhet (1807),,LinnerhielmJC,1807,1807,published,published,[Litteraturkartan](https://litteraturbanken.se/litteraturkartan/?id=1198) · [Source](https://litteraturbanken.se/författare/LinnerhielmJC/titlar/BrefSenareResor/sida/56/faksimil)
1328,1199,Mosstorpet,59.749715193408655,14.230728149414064,Resa,🟠,O Artister! tänkte jag (1807),,LinnerhielmJC,1807,1807,published,published,[Litteraturkartan](https://litteraturbanken.se/litteraturkartan/?id=1199) · [Source](https://litteraturbanken.se/författare/LinnerhielmJC/titlar/BrefSenareResor/sida/57/faksimil)
1331,1200,Boseberget,60.229563340476794,12.778515815734865,Verk,🔵,En iskall blåskymning,,SöderbergH,1912,1912,published,published,[Litteraturkartan](https://litteraturbanken.se/litteraturkartan/?id=1200) · [Source](https://litteraturbanken.se/författare/SöderbergH/titlar/DenAllvarsamma/sida/28/etext)
1332,1201,Östra Ämtervik,59.733431504281455,13.200244903564455,Person,🟣,Taubes dröm,,TaubeE,1952,1952,published,published,[Litteraturkartan](https://litteraturbanken.se/litteraturkartan/?id=1201) · [Source](https://litteraturbanken.se/författare/TaubeE/titlar/JagKommerAvEttBrusandHav/sida/153/faksimil)
1335,1202,Alkvetterns bruk,59.4417443,14.4111983,Person,🟣,Wadman i Värmland,,WadmanJA,1807,1810,published,published,[Litteraturkartan](https://litteraturbanken.se/litteraturkartan/?id=1202)
1336,1203,Nysäter,59.28140501323183,12.772679328918459,Person,🟣,Lasse-Maja på marknaden,,MolinL,,,published,published,[Litteraturkartan](https://litteraturbanken.se/litteraturkartan/?id=1203) · [Source](https://litteraturbanken.se/författare/MolinL/titlar/Lasse-Majas/sida/70/etext)
1337,1206,Kvarntorp,60.126417008339295,12.587757110595705,Plats,🟢,Att räkna blåberg,,Lo-JohanssonI,1937,1937,published,published,[Litteraturkartan](https://litteraturbanken.se/litteraturkartan/?id=1206) · [Source](https://litteraturbanken.se/författare/Lo-JohanssonI/titlar/StatarnaII/sida/263/etext)
1338,1207,Rämmens kyrka,60.031184350000004,14.128977232870215,Person,🟣,Beckman i Värmland,Erik Beckman,,1935,1995,published,published,[Litteraturkartan](https://litteraturbanken.se/litteraturkartan/?id=1207)
1339,1208,Kroppheden,60.058950644841026,13.574595451354982,Verk,🔵,Visor om dubbelmord,,BlombergH,1822,1823,published,published,[Litteraturkartan](https://litteraturbanken.se/litteraturkartan/?id=1208) · [Source](https://litteraturbanken.se/författare/BlombergH/titlar/SkeppetSkulda/sida/84/faksimil)
1340,1209,Stavnäs kyrka,59.48384125,12.73879400288758,Person,🟣,En Marat i Stavnäs,Dick Claésson,DanielssonAx,1908,1908,published,published,[Litteraturkartan](https://litteraturbanken.se/litteraturkartan/?id=1209) · [Source](https://litteraturbanken.se/författare/DanielssonAx/titlar/UrvalAvSkrifter/sida/VIII/faksimil)
1341,1210,Granälven,60.1344105184234,12.672643661499025,Verk,🔵,Historien om en fredlös,,AnderssonD,1916,1916,published,published,[Litteraturkartan](https://litteraturbanken.se/litteraturkartan/?id=1210) · [Source](https://litteraturbanken.se/författare/AnderssonD/titlar/DetKallasVidskepelse/sida/97/etext)
1342,1211,Tiomilaskogen,60.253441567136015,13.605194091796877,Verk,🔵,Bremer om Värmland,,BremerF,1848,1848,published,published,[Litteraturkartan](https://litteraturbanken.se/litteraturkartan/?id=1211) · [Source](https://litteraturbanken.se/författare/BremerF/titlar/Midsommarresan/sida/34/faksimil?storlek=4)
1234,1212,Högvalta,59.6884624,12.5831677,Person,🟣,Bokslukaren Tegnér,Marit Kapla,BöökF,1793,1793,published,published,[Litteraturkartan](https://litteraturbanken.se/litteraturkartan/?id=1212) · [Source](https://litteraturbanken.se/författare/BöökF/titlar/EsaiasTegnér1/sida/22/faksimil)
1343,1212,Högvalta,59.6884624,12.5831677,Plats,🟢,Bremer om Jössehäradspolskan,,BremerF,1848,1848,published,published,[Litteraturkartan](https://litteraturbanken.se/litteraturkartan/?id=1212) · [Source](https://litteraturbanken.se/författare/BremerF/titlar/Midsommarresan/sida/34/faksimil?storlek=4)
1350,1213,Nors kyrka,59.406918250000004,13.235391271521738,Person,🟣,En redaktör från Nors,,SkarstedtE,1897,1879,published,published,[Litteraturkartan](https://litteraturbanken.se/litteraturkartan/?id=1213) · [Source](https://litteraturbanken.se/författare/SkarstedtE/titlar/VåraPennfäktare/sida/133/faksimil)
1351,1213,Nors kyrka,59.406918250000004,13.235391271521738,Verk,🔵,Agaton Hund av Hutlösa,,StrindbergA,1882,1882,published,published,[Litteraturkartan](https://litteraturbanken.se/litteraturkartan/?id=1213) · [Source](https://litteraturbanken.se/författare/StrindbergA/titlar/DetNyaRiket/sida/98/etext)
1352,1214,"Bjurbäcken, Mangskogs socken",59.83964047600903,12.802913188934328,Plats,🟢,Huvudlös vid julbordet,,KeylandN,1919,1919,published,published,[Litteraturkartan](https://litteraturbanken.se/litteraturkartan/?id=1214) · [Source](https://litteraturbanken.se/författare/KeylandN/titlar/JulbrödJulbockar/sida/91/faksimil)
1353,1215,Lekvattnet,60.1893216,12.6765622,Plats,🟢,En korv som faller,,KeylandN,1919,1919,published,published,[Litteraturkartan](https://litteraturbanken.se/litteraturkartan/?id=1215) · [Source](https://litteraturbanken.se/författare/KeylandN/titlar/JulbrödJulbockar/sida/105/faksimil)
1355,1216,Brattfors,59.66863999224677,14.031751155853273,Plats,🟢,Brattforsprästen,,StrömF,1929,1929,published,published,[Litteraturkartan](https://litteraturbanken.se/litteraturkartan/?id=1216) · [Source](https://litteraturbanken.se/författare/StrömF/titlar/SvenskaOrdstäv/sida/63/faksimil)
1356,1217,Svenserud,59.5566705,13.8408327,Plats,🟢,Halvt obegripligt,,StrömF,1929,1929,published,published,[Litteraturkartan](https://litteraturbanken.se/litteraturkartan/?id=1217) · [Source](https://litteraturbanken.se/författare/StrömF/titlar/SvenskaOrdstäv/sida/233/faksimil)
1361,1218,Ransäter,59.7694059,13.4643078,Plats,🟢,Bildningssträfvande,,KeyE,1906,1906,published,published,[Litteraturkartan](https://litteraturbanken.se/litteraturkartan/?id=1218) · [Source](https://litteraturbanken.se/författare/KeyE/titlar/Folkbildningsarbetet/sida/42/etext)
1363,1219,Björkefors herrgård,59.902680750651896,13.16563367843628,Verk,🔵,Fors (1891),,LagerlöfS,1891,1891,published,published,[Litteraturkartan](https://litteraturbanken.se/litteraturkartan/?id=1219) · [Source](https://litteraturbanken.se/författare/LagerlöfS/titlar/GöstaBerling1/sida/37/etext)
1365,1220,Rottneros herrgård,59.79839994579872,13.127610683441164,Verk,🔵,Ekeby (1891),,LagerlöfS,1891,1891,published,published,[Litteraturkartan](https://litteraturbanken.se/litteraturkartan/?id=1220) · [Source](https://litteraturbanken.se/författare/LagerlöfS/titlar/GöstaBerling1/sida/54/etext)
1366,1222,Öjerviks herrgård,59.78252876274527,13.127170801162722,Verk,🔵,Sjö (1891),,LagerlöfS,1891,1891,published,published,[Litteraturkartan](https://litteraturbanken.se/litteraturkartan/?id=1222) · [Source](https://litteraturbanken.se/författare/LagerlöfS/titlar/GöstaBerling1/sida/23/etext)
1367,1223,Malön,59.762684566441905,13.140506744384766,Verk,🔵,Lagön (1891),,LagerlöfS,1891,1891,published,published,[Litteraturkartan](https://litteraturbanken.se/litteraturkartan/?id=1223) · [Source](https://litteraturbanken.se/författare/LagerlöfS/titlar/GöstaBerling1/sida/226/etext)
1368,1224,Stöpafors herrgård,59.96016670455704,13.102612495422365,Verk,🔵,Lötafors (1891),,LagerlöfS,1891,1891,published,published,[Litteraturkartan](https://litteraturbanken.se/litteraturkartan/?id=1224) · [Source](https://litteraturbanken.se/författare/LagerlöfS/titlar/GöstaBerling2/sida/44/etext)
1369,1225,Tossebergsklätten,59.97869104730194,13.090124130249023,Verk,🔵,Gurlita klätt (1891),,LagerlöfS,1891,1891,published,published,[Litteraturkartan](https://litteraturbanken.se/litteraturkartan/?id=1225) · [Source](https://litteraturbanken.se/författare/LagerlöfS/titlar/GöstaBerling1/sida/141/etext)
1370,1226,Sundsbergs gård,59.82856674940145,13.136301040649416,Verk,🔵,Björne (1891),,LagerlöfS,1891,1891,published,published,[Litteraturkartan](https://litteraturbanken.se/litteraturkartan/?id=1226) · [Source](https://litteraturbanken.se/författare/LagerlöfS/titlar/GöstaBerling1/sida/106/etext)
1371,1227,Herresta prästgård,59.73469685598654,13.189086914062502,Verk,🔵,Borg (1891),,LagerlöfS,1891,1891,published,published,[Litteraturkartan](https://litteraturbanken.se/litteraturkartan/?id=1227) · [Source](https://litteraturbanken.se/författare/LagerlöfS/titlar/GöstaBerling1/sida/92/etext)
1373,1228,Broby gästgivaregård,59.83951649653457,13.142126798629763,Verk,🔵,Broby (1891),,LagerlöfS,1891,1891,published,published,[Litteraturkartan](https://litteraturbanken.se/litteraturkartan/?id=1228) · [Source](https://litteraturbanken.se/författare/LagerlöfS/titlar/GöstaBerling1/sida/13/etext)
1374,1229,Torsby,60.13996635995334,12.996053695678713,Verk,🔵,Björnidet (1891),,LagerlöfS,1891,1891,published,published,[Litteraturkartan](https://litteraturbanken.se/litteraturkartan/?id=1229) · [Source](https://litteraturbanken.se/f%C3%B6rfattare/Lagerl%C3%B6fS/titlar/G%C3%B6staBerling2/sida/45/etext)
1375,1230,Fagervik,59.42491053375294,11.818113327026369,Resa,🟠,Vi susa in i Värmland (1938),,NordströmL,1938,1938,published,published,[Litteraturkartan](https://litteraturbanken.se/litteraturkartan/?id=1230) · [Source](https://litteraturbanken.se/författare/NordströmL/titlar/LortSverige/sida/242/etext)
1376,1231,Västra Fågelvik,59.45061606675456,11.8467378616333,Resa,🟠,Ett folk av ytterligheter (1938),,NordströmL,1938,1938,published,published,[Litteraturkartan](https://litteraturbanken.se/litteraturkartan/?id=1231) · [Source](https://litteraturbanken.se/författare/NordströmL/titlar/LortSverige/sida/244/etext)
1377,1232,Sundsbyn,59.44906730498893,11.866693496704103,Resa,🟠,En urgammal primitivt kommunistisk instinkt (1938),,NordströmL,1938,1938,published,published,[Litteraturkartan](https://litteraturbanken.se/litteraturkartan/?id=1232) · [Source](https://litteraturbanken.se/författare/NordströmL/titlar/LortSverige/sida/247/etext)
1378,1233,Stegen,59.457497382668706,11.912569999694824,Resa,🟠,En sök ju hålle lorten borte! (1938),,NordströmL,1938,1938,published,published,[Litteraturkartan](https://litteraturbanken.se/litteraturkartan/?id=1233) · [Source](https://litteraturbanken.se/författare/NordströmL/titlar/LortSverige/sida/251/etext)
1379,1234,Månstad,59.46381038504382,11.992907524108888,Resa,🟠,Och där var fullkomligt snyggt (1938),,NordströmL,1938,1938,published,published,[Litteraturkartan](https://litteraturbanken.se/litteraturkartan/?id=1234) · [Source](https://litteraturbanken.se/författare/NordströmL/titlar/LortSverige/sida/253/etext)
1381,1235,Hagfors,60.02800650304552,13.700852394104006,Plats,🟢,Hagfors hos Litteraturbanken,,,,,published,published,[Litteraturkartan](https://litteraturbanken.se/litteraturkartan/?id=1235)
1383,1236,Okome kyrka,57.05712803362463,12.694305181503296,Person,🟣,En dödbokens mästare,,SkarstedtCW,1686,1747,published,published,[Litteraturkartan](https://litteraturbanken.se/litteraturkartan/?id=1236) · [Source](https://litteraturbanken.se/författare/SkarstedtCW/titlar/GöteborgsStiftsHerdaminne1885/sida/667/faksimil)
1388,1243,"Södra Kyrkogatan 22, Helsingborg",56.04604333179778,12.696798132994537,Person,🟣,En efterlysning startade Elin Wägners karriär,Ingemar Lönnbom,WägnerE,1882,1949,published,published,[Litteraturkartan](https://litteraturbanken.se/litteraturkartan/?id=1243) · [Source](https://litteraturbanken.se/f%C3%B6rfattare/W%C3%A4gnerE/titlar/Genomsk%C3%A5dad/sida/91/faksimil)
1389,1245,Västerstads kyrkoruin,55.77266270748257,13.64891819128125,Verk,🔵,Prosten i Västerstad avskydde Voltaire,Ingemar Lönnbom,RoosP,1740,1832,published,published,[Litteraturkartan](https://litteraturbanken.se/litteraturkartan/?id=1245) · [Source](https://litteraturbanken.se/f%C3%B6rfattare/RoosP/titlar/EnChristeligPhilosoph/sida/1/faksimil)
1390,1248,"Norra Skolgatan 10, Malmö",55.59676076557212,13.006249477935667,Person,🟣,Längst ner på stegen i köket,Ingemar Lönnbom,AndersonK,1909,1909,published,published,[Litteraturkartan](https://litteraturbanken.se/litteraturkartan/?id=1248) · [Source](https://litteraturbanken.se/f%C3%B6rfattare/AndersonK/titlar/EnHush%C3%A5llerskasPoesi/sida/51/etext)
1391,1249,"Östra Förstadsgatan 32, Malmö",55.60694793787658,13.019373245910618,Verk,🔵,Politisk satir i Malmös 1870-tal,Ingemar Lönnbom,JohanssonStrickert,1879,1879,published,published,[Litteraturkartan](https://litteraturbanken.se/litteraturkartan/?id=1249) · [Source](https://litteraturbanken.se/f%C3%B6rfattare/JohanssonStrickert/titlar/Malm%C3%B6historier/sida/1/faksimil)
1392,1250,Folkhögskolan Hvilan,55.650919708287844,13.115944678315161,Person,🟣,Skrev Skånehyllning till tysk musik,Ingemar Lönnbom,BååthAU,1853,1912,published,published,[Litteraturkartan](https://litteraturbanken.se/litteraturkartan/?id=1250) · [Source](https://litteraturbanken.se/f%C3%B6rfattare/B%C3%A5%C3%A5thAU/titlar/S%C3%A5ngTillSk%C3%A5ne/sida/5/faksimil)
1763,1250,Folkhögskolan Hvilan,55.650919708287844,13.115944678315161,Person,🟣,Här började ett författarskap,Ingemar Lönnbom,WarburgK,1853,1912,published,published,[Litteraturkartan](https://litteraturbanken.se/litteraturkartan/?id=1250) · [Source](https://litteraturbanken.se/f%C3%B6rfattare/WarburgK/titlar/N%C3%A4rViB%C3%B6rjade/sida/92/faksimil)
1393,1251,Betty Olofssons servering,56.370090426428014,14.344634188595247,Plats,🟢,Här tog Harry Martinsons barndom slut,Ingemar Lönnbom,ErfurthS,1909,1912,published,published,[Litteraturkartan](https://litteraturbanken.se/litteraturkartan/?id=1251) · [Source](https://litteraturbanken.se/f%C3%B6rfattare/ErfurthS/titlar/HarryMartinson1/sida/62/faksimil)
1394,1252,Simrishamns hamn,55.557575153952925,14.353343185753163,Person,🟣,Bellmans Mörtberg kom inte från Simrishamn,Ingemar Lönnbom,BellmanCM,1740,1795,published,published,[Litteraturkartan](https://litteraturbanken.se/litteraturkartan/?id=1252) · [Source](https://litteraturbanken.se/f%C3%B6rfattare/BellmanCM/titlar/SamladeSkrifter1836/sida/408/faksimil)
1431,1252,Simrishamns hamn,55.557575153952925,14.353343185753163,Person,🟣,Tullmannens unika krigsskildring,Ingemar Lönnbom,AfzeliusAJ,1817,1865,published,published,[Litteraturkartan](https://litteraturbanken.se/litteraturkartan/?id=1252) · [Source](https://litteraturbanken.se/f%C3%B6rfattare/AfzeliusAJ/titlar/FridsOchStridsbilder/sida/61/faksimil)
1871,1252,Simrishamns hamn,55.557575153952925,14.353343185753163,Linnés resa,🟡,En väl anlagd hamn,,LinnéCvon,1749,1749,published,published,[Litteraturkartan](https://litteraturbanken.se/litteraturkartan/?id=1252) · [Source](https://litteraturbanken.se/författare/LinnéCvon/titlar/LinnæiSkånskaResa/sida/138/faksimil)
1395,1253,Lunds domkyrka,55.70407551949399,13.193583670045516,Person,🟣,Den skönaste och härligaste ort uti Danmark,Ingemar Lönnbom,AdamBremen,1050,1100,published,published,[Litteraturkartan](https://litteraturbanken.se/litteraturkartan/?id=1253) · [Source](https://litteraturbanken.se/f%C3%B6rfattare/AdamBremen/titlar/AdamAvBremenHistorien/sida/207/faksimil)
1992,1253,Lunds domkyrka,55.70407551949399,13.193583670045516,Person,🟣,Dopet räddade honom inte,Ingemar Lönnbom,JacobssonCF,1807,1875,published,published,[Litteraturkartan](https://litteraturbanken.se/litteraturkartan/?id=1253) · [Source](https://litteraturbanken.se/f%C3%B6rfattare/JacobssonCF/titlar/DenN%C3%A4sviseGetingen/sida/3/faksimil)
2148,1253,Lunds domkyrka,55.70407551949399,13.193583670045516,Resa,🟠,Spögubben,,TidströmA,1756,1756,published,published,[Litteraturkartan](https://litteraturbanken.se/litteraturkartan/?id=1253) · [Source](https://litteraturbanken.se/författare/TidströmA/titlar/AndersTidströmsResa/sida/26/faksimil)
1465,1254,Österlens folkhögskola,55.55032003071512,13.939954476938519,Person,🟣,Arton liter öl till bröllopet,Ingemar Lönnbom,NorlindT,1879,1947,published,published,[Litteraturkartan](https://litteraturbanken.se/litteraturkartan/?id=1254) · [Source](https://litteraturbanken.se/f%C3%B6rfattare/NorlindT/titlar/GamlaBr%C3%B6llopsseder/sida/52/faksimil)
1396,1255,Adelgatan,55.607343569342724,13.00123100481308,Verk,🔵,Historisk roman startar på Adelgatan,Ingemar Lönnbom,BjörlingF,1830,1918,published,published,[Litteraturkartan](https://litteraturbanken.se/litteraturkartan/?id=1255) · [Source](https://litteraturbanken.se/f%C3%B6rfattare/Bj%C3%B6rlingF/titlar/Sammansv%C3%A4rjning/sida/7/faksimil)
1397,1256,Kabbarp,55.64409732288868,13.138727952881595,Person,🟣,Socialisten som skrev skämtlitteratur,Ingemar Lönnbom,NilssonNA,1898,1898,published,published,[Litteraturkartan](https://litteraturbanken.se/litteraturkartan/?id=1256) · [Source](https://litteraturbanken.se/författare/NilssonNA/titlar/Skåningarna/sida/5/faksimil)
1398,1258,Vittskövle,55.85543451735006,14.14639844470426,Verk,🔵,Sonens död blev gripande dikt,Ingemar Lönnbom,VästbergA,1832,1905,published,published,[Litteraturkartan](https://litteraturbanken.se/litteraturkartan/?id=1258) · [Source](https://litteraturbanken.se/f%C3%B6rfattare/W%C3%A4stbergA/titlar/MittD%C3%B6daBarn/sida/3/faksimil)
1837,1258,Vittskövle,55.85543451735006,14.14639844470426,Linnés resa,🟡,Regn,,LinnéCvon,1749,1749,published,published,[Litteraturkartan](https://litteraturbanken.se/litteraturkartan/?id=1258) · [Source](https://litteraturbanken.se/författare/LinnéCvon/titlar/LinnæiSkånskaResa/sida/102/faksimil)
1841,1258,Vittskövle,55.85543451735006,14.14639844470426,Linnés resa,🟡,Byn,,LinnéCvon,1749,1749,published,published,[Litteraturkartan](https://litteraturbanken.se/litteraturkartan/?id=1258) · [Source](https://litteraturbanken.se/författare/LinnéCvon/titlar/LinnæiSkånskaResa/sida/106/faksimil)
2120,1258,Vittskövle,55.85543451735006,14.14639844470426,Plats,🟢,Vittskövle hos Litteraturbanken,,,,,published,published,[Litteraturkartan](https://litteraturbanken.se/litteraturkartan/?id=1258)
1399,1260,Eslöv,55.83774523817195,13.30510250703026,Person,🟣,Skräckberättaren från Eslövstrakten,Ingemar Lönnbom,SigurdhSP,1874,1906,published,published,[Litteraturkartan](https://litteraturbanken.se/litteraturkartan/?id=1260) · [Source](https://litteraturbanken.se/f%C3%B6rfattare/SigurdhSP/titlar/DetGulaHuset/sida/4/faksimil)
1768,1260,Eslöv,55.83774523817195,13.30510250703026,Person,🟣,Författaren bakom Sten Stensson Stéen,Ingemar Lönnbom,WigforssJ,1872,1909,published,published,[Litteraturkartan](https://litteraturbanken.se/litteraturkartan/?id=1260)
1800,1260,Eslöv,55.83774523817195,13.30510250703026,Person,🟣,Elsa Eks verkliga identitet,Ingemar Lönnbom,,1862,1938,published,published,[Litteraturkartan](https://litteraturbanken.se/litteraturkartan/?id=1260)
2080,1260,Eslöv,55.83774523817195,13.30510250703026,Plats,🟢,Eslöv hos Litteraturbanken,,,,,published,published,[Litteraturkartan](https://litteraturbanken.se/litteraturkartan/?id=1260)
2081,1260,Eslöv,55.83774523817195,13.30510250703026,Plats,🟢,Eslöf hos Litteraturbanken,,,,,published,published,[Litteraturkartan](https://litteraturbanken.se/litteraturkartan/?id=1260)
1400,1262,Hardeberga kyrka,55.697961687436184,13.293625395244268,Verk,🔵,Prästen i Hardeberga hyllade Karl XII,Ingemar Lönnbom,RydeliusA,1671,1738,published,published,[Litteraturkartan](https://litteraturbanken.se/litteraturkartan/?id=1262) · [Source](https://litteraturbanken.se/f%C3%B6rfattare/RydeliusA/titlar/SvenskaVitterhetsarbeten/sida/11/faksimil)
1401,1263,Östaröd,55.63286623928123,14.174284684204025,Plats,🟢,Sf-pionjären härstammade från Östaröd,Ingemar Lönnbom,WittO,1875,1923,published,published,[Litteraturkartan](https://litteraturbanken.se/litteraturkartan/?id=1263) · [Source](https://litteraturbanken.se/f%C3%B6rfattare/WittO/titlar/UrSl%C3%A4ktenWittsKr%C3%B6nika/sida/1/faksimil)
1402,1266,Ramlösa,56.019332251574525,12.75128324859702,Plats,🟢,Här häcklade Fridas diktare småstaden,Ingemar Lönnbom,SjöbergB,1922,1922,published,published,[Litteraturkartan](https://litteraturbanken.se/litteraturkartan/?id=1266) · [Source](https://litteraturbanken.se/f%C3%B6rfattare/Sj%C3%B6bergB/titlar/FridasBok/sida/I/etext)
1403,1267,Björkeberga,56.35200392071767,13.888308632486106,Plats,🟢,Här gick det illa för äventyraren,Ingemar Lönnbom,WivalliusL,1605,1931,published,published,[Litteraturkartan](https://litteraturbanken.se/litteraturkartan/?id=1267) · [Source](https://litteraturbanken.se/f%C3%B6rfattare/WivalliusL/titlar/KlageWijsa/sida/1/faksimil)
1404,1268,"Agardhsgården, Båstad",56.433192518004645,12.839504024908452,Person,🟣,Frödings morfar var expert på alger,Ingemar Lönnbom,AgardhCA,1785,1859,published,published,[Litteraturkartan](https://litteraturbanken.se/litteraturkartan/?id=1268) · [Source](https://litteraturbanken.se/f%C3%B6rfattare/AgardhCA/titlar/OmBildningensF%C3%B6rh%C3%A5llande/sida/3/faksimil)
1405,1269,Lund,55.704579816001036,13.193742075009183,Person,🟣,Han eldade på 1880-talets kulturdebatt,Ingemar Lönnbom,AhnfeltA,1845,1890,published,published,[Litteraturkartan](https://litteraturbanken.se/litteraturkartan/?id=1269) · [Source](https://litteraturbanken.se/f%C3%B6rfattare/ThomanderJH/titlar/TankarOchL%C3%B6jen/sida/7/faksimil)
1409,1269,Lund,55.704579816001036,13.193742075009183,Person,🟣,En elak skildring av Lund,Ingemar Lönnbom,LivijnC,1781,1844,published,published,[Litteraturkartan](https://litteraturbanken.se/litteraturkartan/?id=1269) · [Source](https://litteraturbanken.se/f%C3%B6rfattare/LivijnC/titlar/BrefFr%C3%A5nF%C3%A4ltt%C3%A5gen/sida/195/faksimil)
1429,1269,Lund,55.704579816001036,13.193742075009183,Person,🟣,Skrev om starka kvinnor och passion,Ingemar Lönnbom,KuylenstiernaE,1869,1933,published,published,[Litteraturkartan](https://litteraturbanken.se/litteraturkartan/?id=1269) · [Source](https://litteraturbanken.se/f%C3%B6rfattare/KuylenstiernaE/titlar/MonikaBackfisch/sida/1/faksimil)
1446,1269,Lund,55.704579816001036,13.193742075009183,Person,🟣,Festandet i Lund blev hans död,Ingemar Lönnbom,ÄlfEP,1765,1795,published,published,[Litteraturkartan](https://litteraturbanken.se/litteraturkartan/?id=1269) · [Source](https://litteraturbanken.se/f%C3%B6rfattare/%C3%84lfEP/titlar/Str%C3%B6ddaSkaldestycken/sida/VI/faksimil)
1555,1269,Lund,55.704579816001036,13.193742075009183,Person,🟣,Tog ”smutslitteraturen” till Sverige,Ingemar Lönnbom,BenzonK,1862,1914,published,published,[Litteraturkartan](https://litteraturbanken.se/litteraturkartan/?id=1269) · [Source](https://litteraturbanken.se/f%C3%B6rfattare/BenzonK/titlar/KringLundag%C3%A5rd/sida/2/faksimil)
1730,1269,Lund,55.704579816001036,13.193742075009183,Verk,🔵,Hemlängtan som aldrig går över,Ingemar Lönnbom,HanssonO,1860,1925,published,published,[Litteraturkartan](https://litteraturbanken.se/litteraturkartan/?id=1269) · [Source](https://litteraturbanken.se/f%C3%B6rfattare/HanssonO/titlar/ResanHemI/sida/V/etext)
1771,1269,Lund,55.704579816001036,13.193742075009183,Person,🟣,Gav ut hemliga handlingar,Ingemar Lönnbom,SchartauIE,1785,1867,published,published,[Litteraturkartan](https://litteraturbanken.se/litteraturkartan/?id=1269) · [Source](https://litteraturbanken.se/f%C3%B6rfattare/SchartauIE/titlar/S%C3%A5ngTillMittFosterland/sida/3/faksimil)
1794,1269,Lund,55.704579816001036,13.193742075009183,Person,🟣,Den siste barden,Ingemar Lönnbom,AlfonsS,1918,1996,published,published,[Litteraturkartan](https://litteraturbanken.se/litteraturkartan/?id=1269) · [Source](https://litteraturbanken.se/f%C3%B6rfattare/AlfonsS/titlar/EnsamhetsHimmelshuva/sida/I/faksimil)
1851,1269,Lund,55.704579816001036,13.193742075009183,Person,🟣,Hon reste till världens alla hörn,Ingemar Lönnbom,GernandtClaineJ,1862,1944,published,published,[Litteraturkartan](https://litteraturbanken.se/litteraturkartan/?id=1269) · [Source](https://litteraturbanken.se/f%C3%B6rfattare/GernandtClaineJ/titlar/FataMorgana/sida/8/faksimil)
1855,1269,Lund,55.704579816001036,13.193742075009183,Person,🟣,Mitt i sin samtid – Jetta Liedbeck,Ingemar Lönnbom,LiedbeckJ,1810,1892,published,published,[Litteraturkartan](https://litteraturbanken.se/litteraturkartan/?id=1269) · [Source](https://litteraturbanken.se/f%C3%B6rfattare/LiedbeckJ/titlar/Dikter/sida/5/faksimil)
1995,1269,Lund,55.704579816001036,13.193742075009183,Person,🟣,En vitter lärare,Ingemar Lönnbom,HjelmqvistT,1866,1944,published,published,[Litteraturkartan](https://litteraturbanken.se/litteraturkartan/?id=1269) · [Source](https://litteraturbanken.se/f%C3%B6rfattare/HjelmqvistT/titlar/EnJulbild/sida/5/faksimil)
2000,1269,Lund,55.704579816001036,13.193742075009183,Person,🟣,Kåserade i lättsam stil,Ingemar Lönnbom,MöllerA,1883,1940,published,published,[Litteraturkartan](https://litteraturbanken.se/litteraturkartan/?id=1269) · [Source](https://litteraturbanken.se/f%C3%B6rfattare/M%C3%B6llerA/titlar/F%C3%B6rB%C3%A5daK%C3%B6nen/sida/I/faksimil)
2012,1269,Lund,55.704579816001036,13.193742075009183,Person,🟣,Tandläkaren introducerade fransk litteratur,Ingemar Lönnbom,RuheA,1822,1896,published,published,[Litteraturkartan](https://litteraturbanken.se/litteraturkartan/?id=1269) · [Source](https://litteraturbanken.se/f%C3%B6rfattare/GoncourtE/titlar/Br%C3%B6dernaGoncourtsDagbok1/sida/I/faksimil)
1406,1270,Sinclairsholm,56.1751117,13.9729814,Person,🟣,Han brände Örkeneds socken,Ingemar Lönnbom,SkytteN,1675,1720,published,published,[Litteraturkartan](https://litteraturbanken.se/litteraturkartan/?id=1270) · [Source](https://litteraturbanken.se/f%C3%B6rfattare/SkytteN/titlar/%C3%96fversteNilsSkyttesDagbok/sida/I/faksimil)
1812,1270,Sinclairsholm,56.1751117,13.9729814,Linnés resa,🟡,Hjerners träbalsam,,LinnéCvon,1749,1749,published,published,[Litteraturkartan](https://litteraturbanken.se/litteraturkartan/?id=1270) · [Source](https://litteraturbanken.se/författare/LinnéCvon/titlar/LinnæiSkånskaResa/sida/60/faksimil)
2112,1270,Sinclairsholm,56.1751117,13.9729814,Plats,🟢,Sinclairsholm hos Litteraturbanken,,,,,published,published,[Litteraturkartan](https://litteraturbanken.se/litteraturkartan/?id=1270)
1407,1271,Fågeltofta,55.65099411473035,14.031840493582768,Person,🟣,Bråkige Ekdahl samlade kalvskinn,Ingemar Lönnbom,,1799,1870,published,published,[Litteraturkartan](https://litteraturbanken.se/litteraturkartan/?id=1271)
1408,1272,Öveds kyrka,55.68817445,13.644511140136718,Person,🟣,Prästen i Öved gjorde skandal i Lund,Ingemar Lönnbom,LindebladA,1800,1848,published,published,[Litteraturkartan](https://litteraturbanken.se/litteraturkartan/?id=1272) · [Source](https://litteraturbanken.se/f%C3%B6rfattare/LindebladA/titlar/NyaWittraSkrifter/sida/107/faksimil)
1410,1273,Ellen Keys sommarviste,55.69963117383834,14.206122458417669,Plats,🟢,Ellen Key badade i fiskarnas gryta,Ingemar Lönnbom,KeyE,1849,1926,published,published,[Litteraturkartan](https://litteraturbanken.se/litteraturkartan/?id=1273) · [Source](https://litteraturbanken.se/f%C3%B6rfattare/KeyE/titlar/Folkbildningsarbetet/sida/192/etext)
1411,1274,Östra Ingelstad,55.5274278,14.0974265,Plats,🟢,Överdådig folkdräkt från Österlen,Ingemar Lönnbom,WistrandPG,1907,1907,published,published,[Litteraturkartan](https://litteraturbanken.se/litteraturkartan/?id=1274) · [Source](https://litteraturbanken.se/f%C3%B6rfattare/WistrandPG/titlar/SvenskaFolkdr%C3%A4kter/sida/15/faksimil)
1445,1274,Östra Ingelstad,55.5274278,14.0974265,Verk,🔵,Högadlig författare fick sur kritik,Ingemar Lönnbom,SaltzaCG,1863,1896,published,published,[Litteraturkartan](https://litteraturbanken.se/litteraturkartan/?id=1274) · [Source](https://litteraturbanken.se/f%C3%B6rfattare/SaltzaCG/titlar/QvinnansSnille/sida/5/faksimil)
1670,1274,Östra Ingelstad,55.5274278,14.0974265,Verk,🔵,Den praktfulla Ingelstadsdräkten,Maria Ehrenberg,,1876,1876,published,published,[Litteraturkartan](https://litteraturbanken.se/litteraturkartan/?id=1274)
1412,1275,Stadt Hamburg,55.60287512049119,13.003263473510744,Verk,🔵,Ripas pseudonym avslöjades direkt,Ingemar Lönnbom,RipaE,1859,1929,published,published,[Litteraturkartan](https://litteraturbanken.se/litteraturkartan/?id=1275) · [Source](https://litteraturbanken.se/f%C3%B6rfattare/RipaE/titlar/Fr%C3%A5nEttK%C3%A4lkborgarn%C3%A4ste/sida/6/faksimil)
1414,1276,Klågerup,55.59740772281154,13.265647888183596,Plats,🟢,Tragedin i Klågerup blev skönlitteratur,Ingemar Lönnbom,ÅbergJO,1843,1898,published,published,[Litteraturkartan](https://litteraturbanken.se/litteraturkartan/?id=1276) · [Source](https://litteraturbanken.se/f%C3%B6rfattare/%C3%85bergJO/titlar/BondupproretIKl%C3%A5gerup/sida/2/faksimil)
1413,1277,Hurva gästgivaregård,55.79274112716912,13.436107635498049,Plats,🟢,Gästgivarnas drottning,Ingemar Lönnbom,AmeenG,1811,1898,published,published,[Litteraturkartan](https://litteraturbanken.se/litteraturkartan/?id=1277) · [Source](https://litteraturbanken.se/f%C3%B6rfattare/AmeenG/titlar/Fr%C3%A5nEremitaget/sida/74/faksimil)
1415,1278,Rebbelberga,56.24964596719465,12.865696046937959,Plats,🟢,Här låg snapphanarna i försåt,Ingemar Lönnbom,ÅbergJO,1843,1898,published,published,[Litteraturkartan](https://litteraturbanken.se/litteraturkartan/?id=1278) · [Source](https://litteraturbanken.se/f%C3%B6rfattare/%C3%85bergJO/titlar/EnSvenskBondpojke/sida/19/faksimil)
1416,1279,Börringe kyrkoväg,55.50471823955246,13.361253861422743,Person,🟣,”Svammel” – en festlig präst,Ingemar Lönnbom,FeukL,1813,1903,published,published,[Litteraturkartan](https://litteraturbanken.se/litteraturkartan/?id=1279) · [Source](https://litteraturbanken.se/f%C3%B6rfattare/FeukL/titlar/EnLitenBukett/sida/4/faksimil)
1417,1280,Örkeneds kyrka,56.397970283166075,14.323859783980883,Verk,🔵,Ett versepos om snapphanar och skön natur,Ingemar Lönnbom,NilssonLG,1833,1899,published,published,[Litteraturkartan](https://litteraturbanken.se/litteraturkartan/?id=1280) · [Source](https://litteraturbanken.se/f%C3%B6rfattare/NilssonLG/titlar/Immelen/sida/4/faksimil)
1577,1280,Örkeneds kyrka,56.397970283166075,14.323859783980883,Verk,🔵,Prästen som reds till kungs för att få sina församlingar,Maria Ehrenberg,,,,published,published,[Litteraturkartan](https://litteraturbanken.se/litteraturkartan/?id=1280)
2006,1280,Örkeneds kyrka,56.397970283166075,14.323859783980883,Verk,🔵,Finansministern som skrev äventyrsromaner,Ingemar Lönnbom,PalmstjernaCO,1790,1878,published,published,[Litteraturkartan](https://litteraturbanken.se/litteraturkartan/?id=1280) · [Source](https://litteraturbanken.se/f%C3%B6rfattare/PalmstjernaCO/titlar/Snapphanarne/sida/5/faksimil)
1418,1281,Lerbäckshög,55.719877399490585,13.185031414031984,Person,🟣,Saxo skrev vinklad historia,Ingemar Lönnbom,Saxo,1180,1200,published,published,[Litteraturkartan](https://litteraturbanken.se/litteraturkartan/?id=1281) · [Source](https://litteraturbanken.se/f%C3%B6rfattare/Saxo/titlar/SaxosDanmarksHistorie/sida/819/faksimil)
1425,1281,Lerbäckshög,55.719877399490585,13.185031414031984,Person,🟣,Danmarks förste historieskrivare,Ingemar Lönnbom,,1140,1200,published,published,[Litteraturkartan](https://litteraturbanken.se/litteraturkartan/?id=1281)
1419,1282,Lunds dagblad,55.70452798586843,13.19134251448454,Verk,🔵,Tristan gjorde om gamla sagor,Ingemar Lönnbom,LindströmSigfrid,1892,1950,published,published,[Litteraturkartan](https://litteraturbanken.se/litteraturkartan/?id=1282) · [Source](https://litteraturbanken.se/f%C3%B6rfattare/Lindstr%C3%B6mSigfrid/titlar/SagorOchMeditationer/sida/5/faksimil)
1420,1283,Runstenskullen,55.7057585,13.1949503,Person,🟣,Han sökte sanningen om historien,Ingemar Lönnbom,LagerbringS,1707,1787,published,published,[Litteraturkartan](https://litteraturbanken.se/litteraturkartan/?id=1283)
1421,1284,Lövestad,55.64437096320827,13.896331787109375,Person,🟣,En begåvad bokbinderiarbetare,Ingemar Lönnbom,ReslowW,1856,1931,published,published,[Litteraturkartan](https://litteraturbanken.se/litteraturkartan/?id=1284) · [Source](https://litteraturbanken.se/f%C3%B6rfattare/ReslowW/titlar/Bl%C3%A5klintOchBr%C3%A4nn%C3%A4sslor/sida/5/faksimil)
1422,1285,Vankiva,56.19927986472528,13.742780685424806,Person,🟣,Columbus hyllade Vankivas boktryckare,Ingemar Lönnbom,ColumbusS,1669,1669,published,published,[Litteraturkartan](https://litteraturbanken.se/litteraturkartan/?id=1285) · [Source](https://litteraturbanken.se/f%C3%B6rfattare/ColumbusS/titlar/SamladeDikter2/sida/103/faksimil)
2129,1285,Vankiva,56.19927986472528,13.742780685424806,Plats,🟢,Vankiva hos Litteraturbanken,,,,,published,published,[Litteraturkartan](https://litteraturbanken.se/litteraturkartan/?id=1285)
1423,1286,Västra Sallerup,55.82975769821075,13.276162147521974,Plats,🟢,Ett kringflackande liv började här,Ingemar Lönnbom,LundegårdK,1864,1947,published,published,[Litteraturkartan](https://litteraturbanken.se/litteraturkartan/?id=1286) · [Source](https://litteraturbanken.se/f%C3%B6rfattare/Lundeg%C3%A5rdK/titlar/MellanKorrekturen/sida/32/faksimil)
1589,1286,Västra Sallerup,55.82975769821075,13.276162147521974,Person,🟣,Han skildrade Victoria Benedictssons liv,Ingemar Lönnbom,,1861,1930,published,published,[Litteraturkartan](https://litteraturbanken.se/litteraturkartan/?id=1286) · [Source](https://litteraturbanken.se/f%C3%B6rfattare/Lundeg%C3%A5rdA/titlar/IGryningen/sida/215/etext)
1424,1287,Norra Kyrkogården,55.71460355,13.194501638089783,Person,🟣,En av de sällsammaste fåglarna,Ingemar Lönnbom,AgrellSi,1881,1937,published,published,[Litteraturkartan](https://litteraturbanken.se/litteraturkartan/?id=1287) · [Source](https://litteraturbanken.se/f%C3%B6rfattare/AgrellSi/titlar/DieZauberscheibe/sida/7/faksimil)
1510,1287,Norra Kyrkogården,55.71460355,13.194501638089783,Person,🟣,Post ludum,Maria Ehrenberg,,,,published,published,[Litteraturkartan](https://litteraturbanken.se/litteraturkartan/?id=1287)
1560,1287,Norra Kyrkogården,55.71460355,13.194501638089783,Person,🟣,Elin Wägners grav,Maria Ehrenberg,WägnerE,,,published,published,[Litteraturkartan](https://litteraturbanken.se/litteraturkartan/?id=1287)
1426,1288,Borrby,55.45779790507284,14.178785664407771,Person,🟣,Thufvessons broschyr myntade ett begrepp,Ingemar Lönnbom,,1884,1947,published,published,[Litteraturkartan](https://litteraturbanken.se/litteraturkartan/?id=1288)
2019,1288,Borrby,55.45779790507284,14.178785664407771,Verk,🔵,Skrev om storgubbar och småfolk,Ingemar Lönnbom,SvensonA,1852,1928,published,published,[Litteraturkartan](https://litteraturbanken.se/litteraturkartan/?id=1288) · [Source](https://litteraturbanken.se/f%C3%B6rfattare/SvensonA/titlar/Storgubbar/sida/4/faksimil)
2124,1288,Borrby,55.45779790507284,14.178785664407771,Plats,🟢,Borrby hos Litteraturbanken,,,,,published,published,[Litteraturkartan](https://litteraturbanken.se/litteraturkartan/?id=1288)
1427,1289,Karlaby,55.562039148755105,14.250941276550295,Person,🟣,Gynekologen som diktade om Österlen,Ingemar Lönnbom,LindforsO,1852,1909,published,published,[Litteraturkartan](https://litteraturbanken.se/litteraturkartan/?id=1289) · [Source](https://litteraturbanken.se/f%C3%B6rfattare/LindforsO/titlar/S%C3%A4gnerOchBilder/sida/92/faksimil)
1428,1290,"Loshult, Smålandsgränsen",56.50883891143861,14.123353958129885,Plats,🟢,Ingen skulle svälta i värdshuset vid gränsen,Ingemar Lönnbom,ThorsanderG,1844,1914,published,published,[Litteraturkartan](https://litteraturbanken.se/litteraturkartan/?id=1290) · [Source](https://litteraturbanken.se/f%C3%B6rfattare/ThorsanderG/titlar/Fr%C3%A5nDenna/sida/186/faksimil)
1809,1290,"Loshult, Smålandsgränsen",56.50883891143861,14.123353958129885,Linnés resa,🟡,Ett mildare land,,LinnéCvon,1749,1749,published,published,[Litteraturkartan](https://litteraturbanken.se/litteraturkartan/?id=1290) · [Source](https://litteraturbanken.se/författare/LinnéCvon/titlar/LinnæiSkånskaResa/sida/56/faksimil)
1430,1291,Bäckaskogs slott,56.08504215,14.349776068193595,Person,🟣,Krigisk kung gillade fjärilens filosofi,Ingemar Lönnbom,KarlXV,1826,1872,published,published,[Litteraturkartan](https://litteraturbanken.se/litteraturkartan/?id=1291) · [Source](https://litteraturbanken.se/f%C3%B6rfattare/KarlXV/titlar/Sm%C3%A4rreDikter/sida/25/faksimil)
1963,1291,Bäckaskogs slott,56.08504215,14.349776068193595,Linnés resa,🟡,En kungauppvaktning 1749,,LinnéCvon,1749,1749,published,published,[Litteraturkartan](https://litteraturbanken.se/litteraturkartan/?id=1291) · [Source](https://litteraturbanken.se/författare/LinnéCvon/titlar/LinnæiSkånskaResa/sida/405/faksimil)
2105,1291,Bäckaskogs slott,56.08504215,14.349776068193595,Plats,🟢,Bäckaskog hos Litteraturbanken,,,,,published,published,[Litteraturkartan](https://litteraturbanken.se/litteraturkartan/?id=1291)
1432,1292,Gullarps ödekyrkogård,55.85974800729134,13.25687192325859,Verk,🔵,Prästen som drev med biskoparna,Ingemar Lönnbom,AhnfeltPG,1803,1863,published,published,[Litteraturkartan](https://litteraturbanken.se/litteraturkartan/?id=1292) · [Source](https://litteraturbanken.se/f%C3%B6rfattare/AhnfeltPG/titlar/Biskopsvalet/sida/3/faksimil)
1433,1293,Hans Alfredsons barndomshem,56.061458680507144,12.686483860015871,Plats,🟢,Hans Alfredsons Helsingborg,Ingemar Lönnbom,,1931,2917,published,published,[Litteraturkartan](https://litteraturbanken.se/litteraturkartan/?id=1293)
1434,1294,Lilla Beddinge,55.382593799999995,13.422506915576985,Verk,🔵,Tröl Sjinssen bevarar Vemmenhögs dialekt,Ingemar Lönnbom,AnderssonME,1850,1894,published,published,[Litteraturkartan](https://litteraturbanken.se/litteraturkartan/?id=1294) · [Source](https://litteraturbanken.se/f%C3%B6rfattare/AnderssonME/titlar/Sk%C3%A5nsktFolklynne/sida/7/faksimil)
1435,1295,"Stortorget, Simrishamn",55.556499311321474,14.350000619888307,Person,🟣,Köpmannasonen ryckte upp botaniken i Lund,Ingemar Lönnbom,,1830,1908,published,published,[Litteraturkartan](https://litteraturbanken.se/litteraturkartan/?id=1295)
1556,1295,"Stortorget, Simrishamn",55.556499311321474,14.350000619888307,Person,🟣,Självironisk författare från Simrishamn,Ingemar Lönnbom,SchunckAM,1811,1874,published,published,[Litteraturkartan](https://litteraturbanken.se/litteraturkartan/?id=1295) · [Source](https://litteraturbanken.se/f%C3%B6rfattare/SchunckAM/titlar/Anspr%C3%A5ksl%C3%B6saRimf%C3%B6rs%C3%B6k/sida/5/faksimil)
1850,1295,"Stortorget, Simrishamn",55.556499311321474,14.350000619888307,Person,🟣,Emilia och Arnold – en kärlekshistoria,Ingemar Lönnbom,LarssonL,1878,1972,published,published,[Litteraturkartan](https://litteraturbanken.se/litteraturkartan/?id=1295) · [Source](https://litteraturbanken.se/f%C3%B6rfattare/M%C3%B8llerJensenE/titlar/NordiskKvinnolitteraturhistoria3/sida/256/etext)
2090,1295,"Stortorget, Simrishamn",55.556499311321474,14.350000619888307,Plats,🟢,Simrishamn hos Litteraturbanken,,,,,published,published,[Litteraturkartan](https://litteraturbanken.se/litteraturkartan/?id=1295)
2091,1295,"Stortorget, Simrishamn",55.556499311321474,14.350000619888307,Plats,🟢,Cimbrishamn hos Litteraturbanken,,,,,published,published,[Litteraturkartan](https://litteraturbanken.se/litteraturkartan/?id=1295)
1436,1296,Brösarps gästgivaregård,55.725285423564465,14.103677272796633,Verk,🔵,Här smorde Atterbom kråset,Ingemar Lönnbom,AtterbomPDA,1790,1855,published,published,[Litteraturkartan](https://litteraturbanken.se/litteraturkartan/?id=1296) · [Source](https://litteraturbanken.se/f%C3%B6rfattare/AtterbomPDA/titlar/Minnen1/sida/17/faksimil)
1437,1297,Sandhammaren,55.386326887531,14.195709228515625,Verk,🔵,Skeppsbrott och romantik anno 1675,Ingemar Lönnbom,PetterssonC,1819,1859,published,published,[Litteraturkartan](https://litteraturbanken.se/litteraturkartan/?id=1297) · [Source](https://litteraturbanken.se/f%C3%B6rfattare/PetterssonC/titlar/Vinterblommor/sida/73/faksimil)
1521,1297,Sandhammaren,55.386326887531,14.195709228515625,Verk,🔵,Sandhammaren: roten till det onda,Maria Ehrenberg,TrotzigB,,,published,published,[Litteraturkartan](https://litteraturbanken.se/litteraturkartan/?id=1297)
1438,1298,Karl X Gustavs gata 66,56.0595959,12.6872678,Person,🟣,Hjalmar Bergmans katt dog,Ingemar Lönnbom,BergmanHj,1883,1931,published,published,[Litteraturkartan](https://litteraturbanken.se/litteraturkartan/?id=1298) · [Source](https://litteraturbanken.se/f%C3%B6rfattare/BergmanHj/titlar/Loewenhistorier/sida/3/etext)
1439,1299,Hammenhög,55.50259534516533,14.151259660720825,Person,🟣,Bygdeskildringar med mörker,Ingemar Lönnbom,,1888,1959,published,published,[Litteraturkartan](https://litteraturbanken.se/litteraturkartan/?id=1299)
1972,1299,Hammenhög,55.50259534516533,14.151259660720825,Verk,🔵,Kake-Johanna från Hammenhög,Ingemar Lönnbom,WranérH,1853,1908,published,published,[Litteraturkartan](https://litteraturbanken.se/litteraturkartan/?id=1299) · [Source](https://litteraturbanken.se/f%C3%B6rfattare/Wran%C3%A9rH/titlar/Hvardagsmat/sida/33/faksimil)
1440,1300,Randfabriken Cimbris,55.55887188935343,14.351899317961195,Verk,🔵,Sulorna från Simrishamn höll till Rom,Ingemar Lönnbom,BlombergH,1893,1950,published,published,[Litteraturkartan](https://litteraturbanken.se/litteraturkartan/?id=1300) · [Source](https://litteraturbanken.se/f%C3%B6rfattare/BlombergH/titlar/Landsv%C3%A4gsriddareP%C3%A5Romarv%C3%A4gen/sida/15/faksimil)
1441,1301,Hjälmshults majorsboställe,56.12656225916995,12.68813208837251,Person,🟣,Krigsfången diktade om sitt eget elände,Ingemar Lönnbom,HuldénL,1685,1709,published,published,[Litteraturkartan](https://litteraturbanken.se/litteraturkartan/?id=1301) · [Source](https://litteraturbanken.se/f%C3%B6rfattare/Huld%C3%A9nL/titlar/L%C3%A5ngaVimplar/sida/203/faksimil)
1442,1302,Kristianstad,56.029267268525736,14.156742138632323,Verk,🔵,Här trycktes Fredrika Bremers bestseller,Ingemar Lönnbom,BremerF,1801,1865,published,published,[Litteraturkartan](https://litteraturbanken.se/litteraturkartan/?id=1302) · [Source](https://litteraturbanken.se/f%C3%B6rfattare/BremerF/titlar/Grannarne/sida/III/etext)
1528,1302,Kristianstad,56.029267268525736,14.156742138632323,Verk,🔵,En smutsig stad,Maria Ehrenberg,TrotzigB,,,published,published,[Litteraturkartan](https://litteraturbanken.se/litteraturkartan/?id=1302)
1539,1302,Kristianstad,56.029267268525736,14.156742138632323,Verk,🔵,Snörmakaren får en idé,Maria Ehrenberg,HellströmG,1927,1927,published,published,[Litteraturkartan](https://litteraturbanken.se/litteraturkartan/?id=1302) · [Source](https://litteraturbanken.se/författare/HellströmG/titlar/SnörmakareLekholm/sida/1/etext)
1629,1302,Kristianstad,56.029267268525736,14.156742138632323,Verk,🔵,Askungen i Kristianstad,Maria Ehrenberg,WigströmE,,,published,published,[Litteraturkartan](https://litteraturbanken.se/litteraturkartan/?id=1302)
1718,1302,Kristianstad,56.029267268525736,14.156742138632323,Verk,🔵,Skräcken för fotografen,Ingemar Lönnbom,,1894,1954,published,published,[Litteraturkartan](https://litteraturbanken.se/litteraturkartan/?id=1302) · [Source](https://litteraturbanken.se/f%C3%B6rfattare/BengtssonFG/titlar/F%C3%B6rN%C3%B6jesSkull/sida/181/faksimil)
1817,1302,Kristianstad,56.029267268525736,14.156742138632323,Linnés resa,🟡,Om staden,,LinnéCvon,1749,1749,published,published,[Litteraturkartan](https://litteraturbanken.se/litteraturkartan/?id=1302) · [Source](https://litteraturbanken.se/författare/LinnéCvon/titlar/LinnæiSkånskaResa/sida/70/faksimil)
1826,1302,Kristianstad,56.029267268525736,14.156742138632323,Linnés resa,🟡,En uppstoppad sjöko,,LinnéCvon,1749,1749,published,published,[Litteraturkartan](https://litteraturbanken.se/litteraturkartan/?id=1302) · [Source](https://litteraturbanken.se/författare/LinnéCvon/titlar/LinnæiSkånskaResa/sida/79/faksimil)
2075,1302,Kristianstad,56.029267268525736,14.156742138632323,Plats,🟢,Kristianstad hos Litteraturbanken,,,,,published,published,[Litteraturkartan](https://litteraturbanken.se/litteraturkartan/?id=1302)
2076,1302,Kristianstad,56.029267268525736,14.156742138632323,Plats,🟢,Christianstad hos Litteraturbanken,,,,,published,published,[Litteraturkartan](https://litteraturbanken.se/litteraturkartan/?id=1302)
1443,1303,"Östra Storgatan, Kristianstad",56.03285502549559,14.154237160678491,Person,🟣,Skomakarsonen blev akademiledamot,Ingemar Lönnbom,BöökF,1883,1961,published,published,[Litteraturkartan](https://litteraturbanken.se/litteraturkartan/?id=1303) · [Source](https://litteraturbanken.se/f%C3%B6rfattare/B%C3%B6%C3%B6kF/titlar/ErikJohanStagnelius/sida/V/faksimil)
1444,1304,Olseröd,55.79703540711191,14.159274101257326,Verk,🔵,Misshandlad tjuv fick öl i Olseröd,Ingemar Lönnbom,Anonym,1888,1888,published,published,[Litteraturkartan](https://litteraturbanken.se/litteraturkartan/?id=1304) · [Source](https://litteraturbanken.se/f%C3%B6rfattare/Anonym/titlar/DenOsynligeKatten/sida/1/faksimil)
2004,1304,Olseröd,55.79703540711191,14.159274101257326,Person,🟣,Fredsvännen från Olseröd,Ingemar Lönnbom,,1860,1940,published,published,[Litteraturkartan](https://litteraturbanken.se/litteraturkartan/?id=1304)
1447,1305,Mjöhult,56.17647335475613,12.681548595428469,Person,🟣,Glad stins skrev också om fattigdom,Ingemar Lönnbom,ZetterholmC,1851,1929,published,published,[Litteraturkartan](https://litteraturbanken.se/litteraturkartan/?id=1305) · [Source](https://litteraturbanken.se/f%C3%B6rfattare/ZetterholmC/titlar/EbbesKjittesJohannes/sida/2/faksimil)
1448,1306,Möllevångstorget,55.59166115,13.008120827881257,Person,🟣,Hon debuterade som 76-åring,Ingemar Lönnbom,,1899,1991,published,published,[Litteraturkartan](https://litteraturbanken.se/litteraturkartan/?id=1306)
1494,1306,Möllevångstorget,55.59166115,13.008120827881257,Person,🟣,Majken Johansson: frälsningens poet,Maria Ehrenberg,,,,published,published,[Litteraturkartan](https://litteraturbanken.se/litteraturkartan/?id=1306)
1527,1306,Möllevångstorget,55.59166115,13.008120827881257,Person,🟣,Italienresa med förhinder,Ingemar Lönnbom,NicanderKA,1799,1839,published,published,[Litteraturkartan](https://litteraturbanken.se/litteraturkartan/?id=1306) · [Source](https://litteraturbanken.se/f%C3%B6rfattare/NicanderKA/titlar/MinnenFr%C3%A5nS%C3%B6dern1/sida/15/faksimil)
1449,1307,Färlöv,56.07306544588721,14.083840834645606,Person,🟣,Här föddes kändisen Lea,Ingemar Lönnbom,WettergrundJ,1830,1903,published,published,[Litteraturkartan](https://litteraturbanken.se/litteraturkartan/?id=1307) · [Source](https://litteraturbanken.se/f%C3%B6rfattare/WettergrundJ/titlar/NyaSm%C3%A5bitar/sida/5/faksimil)
1450,1308,"Kungshuset, Lunds universitet",55.70526292555435,13.194021801011303,Verk,🔵,Onkel Adams tankar om instinkten,Ingemar Lönnbom,WetterberghCA,1804,1889,published,published,[Litteraturkartan](https://litteraturbanken.se/litteraturkartan/?id=1308) · [Source](https://litteraturbanken.se/f%C3%B6rfattare/WetterberghCA/titlar/Efemerider2/sida/8/faksimil)
1456,1308,"Kungshuset, Lunds universitet",55.70526292555435,13.194021801011303,Person,🟣,Thorild – vår första feminist,Ingemar Lönnbom,ThorildT,1759,1808,published,published,[Litteraturkartan](https://litteraturbanken.se/litteraturkartan/?id=1308) · [Source](https://litteraturbanken.se/f%C3%B6rfattare/ThorildT/titlar/OmQvinnok%C3%B6nets/sida/1/faksimil)
1461,1308,"Kungshuset, Lunds universitet",55.70526292555435,13.194021801011303,Person,🟣,Ville kriga mot Ryssland,Ingemar Lönnbom,StrandbergCVA,1818,1877,published,published,[Litteraturkartan](https://litteraturbanken.se/litteraturkartan/?id=1308) · [Source](https://litteraturbanken.se/f%C3%B6rfattare/StrandbergCVA/titlar/SamladeVitterhetsarbeten1/sida/62/faksimil)
1653,1308,"Kungshuset, Lunds universitet",55.70526292555435,13.194021801011303,Verk,🔵,Den oordentlige Lidner,Ingemar Lönnbom,FranzénFM,1772,1847,published,published,[Litteraturkartan](https://litteraturbanken.se/litteraturkartan/?id=1308) · [Source](https://litteraturbanken.se/f%C3%B6rfattare/Franz%C3%A9nFM/titlar/MinneAfLidner/sida/299/etext)
1774,1308,"Kungshuset, Lunds universitet",55.70526292555435,13.194021801011303,Verk,🔵,Skrev ny version av Goethes roman,Ingemar Lönnbom,LundbladJ,1753,1820,published,published,[Litteraturkartan](https://litteraturbanken.se/litteraturkartan/?id=1308) · [Source](https://litteraturbanken.se/f%C3%B6rfattare/LundbladJ/titlar/WerthersF%C3%B6rstaOchSistaStunderF%C3%B6rLotta/sida/1/faksimil)
1451,1309,Wieselgrens minnessten,55.772686846409314,13.647524392723762,Person,🟣,Kämpade mot superiet,Ingemar Lönnbom,WieselgrenP,1800,1877,published,published,[Litteraturkartan](https://litteraturbanken.se/litteraturkartan/?id=1309) · [Source](https://litteraturbanken.se/f%C3%B6rfattare/WieselgrenP/titlar/UrMinLefnad/sida/3/faksimil)
1643,1309,Wieselgrens minnessten,55.772686846409314,13.647524392723762,Verk,🔵,Hyllningsepos till Wieselgren,Ingemar Lönnbom,JohanssonJ,1837,1912,published,published,[Litteraturkartan](https://litteraturbanken.se/litteraturkartan/?id=1309) · [Source](https://litteraturbanken.se/f%C3%B6rfattare/JohanssonJ/titlar/P%C3%A5Fristunder/sida/12/faksimil)
1452,1310,Höja,56.228800717243885,12.928762435913088,Person,🟣,Höja-sonen skrev kyrklig kulturhistoria,Ingemar Lönnbom,,1894,1984,published,published,[Litteraturkartan](https://litteraturbanken.se/litteraturkartan/?id=1310)
1453,1311,"Tomegapsgatan, Lund",55.7057573,13.198579853729724,Verk,🔵,Gav Lundahumorn nationell spridning,Ingemar Lönnbom,WallengrenA,1865,1896,published,published,[Litteraturkartan](https://litteraturbanken.se/litteraturkartan/?id=1311) · [Source](https://litteraturbanken.se/f%C3%B6rfattare/WallengrenA/titlar/EnHvarSinEgenProfessor/sida/1/etext)
1454,1312,"Norra Strandgatan, Helsingborg",56.047026,12.693816293980934,Person,🟣,Skildrade övergrepp mot barn,Ingemar Lönnbom,TörnblomJA,1862,1933,published,published,[Litteraturkartan](https://litteraturbanken.se/litteraturkartan/?id=1312) · [Source](https://litteraturbanken.se/f%C3%B6rfattare/T%C3%B6rnblomJA/titlar/Miserere/sida/9/faksimil)
1455,1313,Kullen,56.30167008357622,12.447895878185726,Verk,🔵,Postmästaren från Kullen sågades,Ingemar Lönnbom,TjörnerO,1845,1916,published,published,[Litteraturkartan](https://litteraturbanken.se/litteraturkartan/?id=1313) · [Source](https://litteraturbanken.se/f%C3%B6rfattare/T%C3%B6rnerO/titlar/KlokEllerGalen/sida/6/faksimil)
1720,1313,Kullen,56.30167008357622,12.447895878185726,Verk,🔵,Här föddes Röde Orm,Ingemar Lönnbom,BengtssonFG,1894,1954,published,published,[Litteraturkartan](https://litteraturbanken.se/litteraturkartan/?id=1313) · [Source](https://litteraturbanken.se/f%C3%B6rfattare/BengtssonFG/titlar/R%C3%B6deOrm1/sida/11/etext)
1457,1314,Väsby,56.20820772622969,12.593592543068256,Plats,🟢,En olycklig tid för succéförfattaren,Ingemar Lönnbom,ThomassonP,1818,1883,published,published,[Litteraturkartan](https://litteraturbanken.se/litteraturkartan/?id=1314) · [Source](https://litteraturbanken.se/f%C3%B6rfattare/ThomassonP/titlar/Bl%C3%A4ndasSaga/sida/I/faksimil)
1458,1315,Rydsgård,55.4707894,13.5882902,Person,🟣,Skåningen blev bokpionjär i Århus,Ingemar Lönnbom,,1579,1651,published,published,[Litteraturkartan](https://litteraturbanken.se/litteraturkartan/?id=1315)
1459,1316,Stehag,55.9031519,13.3938667,Plats,🟢,Nordiska folkmötet i versform,Ingemar Lönnbom,Sturzen-BeckerOP,1811,1869,published,published,[Litteraturkartan](https://litteraturbanken.se/litteraturkartan/?id=1316) · [Source](https://litteraturbanken.se/f%C3%B6rfattare/Sturzen-BeckerOP/titlar/SamladeAx/sida/144/faksimil)
1741,1316,Stehag,55.9031519,13.3938667,Person,🟣,Han lämnade poesin för aforismerna,Ingemar Lönnbom,EkelundV,1880,1949,published,published,[Litteraturkartan](https://litteraturbanken.se/litteraturkartan/?id=1316) · [Source](https://litteraturbanken.se/f%C3%B6rfattare/EkelundV/titlar/AntiktIdeal/sida/I/etext)
1460,1317,Sturzen-Beckers park,56.036053550000005,12.709977221681452,Person,🟣,Orvar Odd kritiserade kyrkan,Ingemar Lönnbom,Sturzen-BeckerOP,1811,1869,published,published,[Litteraturkartan](https://litteraturbanken.se/litteraturkartan/?id=1317) · [Source](https://litteraturbanken.se/f%C3%B6rfattare/Sturzen-BeckerOP/titlar/ValdaSkrifter3/sida/299/faksimil)
1462,1318,Tygelsjö,55.51857455,13.002771871310241,Person,🟣,Dialektforskningens urfader,Ingemar Lönnbom,RietzJE,1815,1868,published,published,[Litteraturkartan](https://litteraturbanken.se/litteraturkartan/?id=1318) · [Source](https://litteraturbanken.se/f%C3%B6rfattare/RietzJE/titlar/Dialektlexikon/sida/v/faksimil)
1463,1319,"Hotell Mollberg, Helsingborg",56.0469202,12.6957466,Verk,🔵,Sjörövare på Hotell Mollberg?,Ingemar Lönnbom,CederborgCA,1849,1933,published,published,[Litteraturkartan](https://litteraturbanken.se/litteraturkartan/?id=1319) · [Source](https://litteraturbanken.se/f%C3%B6rfattare/CederborgCA/titlar/Bl%C3%A4ckhornsgrums/sida/103/faksimil)
1464,1320,Malmö cellfängelse,55.60460852651203,12.9897880807521,Plats,🟢,Maten i cellfängelset,Ingemar Lönnbom,DanielssonAx,1863,1899,published,published,[Litteraturkartan](https://litteraturbanken.se/litteraturkartan/?id=1320) · [Source](https://litteraturbanken.se/f%C3%B6rfattare/DanielssonAx/titlar/UrvalAvSkrifter/sida/184/faksimil)
1466,1321,Uranienborg,55.907798925035884,12.696611881256104,Verk,🔵,När Uranienborg återupptäcktes,Ingemar Lönnbom,SchückH,1855,1947,published,published,[Litteraturkartan](https://litteraturbanken.se/litteraturkartan/?id=1321) · [Source](https://litteraturbanken.se/f%C3%B6rfattare/Sch%C3%BCckH/titlar/KVHAA7/sida/472/faksimil)
1490,1321,Uranienborg,55.907798925035884,12.696611881256104,Person,🟣,Uranienborg: Tycho Brahes observatorium,Maria Ehrenberg,,,,published,published,[Litteraturkartan](https://litteraturbanken.se/litteraturkartan/?id=1321)
1714,1321,Uranienborg,55.907798925035884,12.696611881256104,Verk,🔵,Så såg Uranienborg ut!,Ingemar Lönnbom,HofbergH,1823,1883,published,published,[Litteraturkartan](https://litteraturbanken.se/litteraturkartan/?id=1321) · [Source](https://litteraturbanken.se/f%C3%B6rfattare/HofbergH/titlar/GenomSverigesBygder/sida/345/faksimil)
2119,1321,Uranienborg,55.907798925035884,12.696611881256104,Plats,🟢,Uranienborg hos Litteraturbanken,,,,,published,published,[Litteraturkartan](https://litteraturbanken.se/litteraturkartan/?id=1321)
1467,1322,Ybbarp,56.11732829835638,13.36932903162428,Verk,🔵,Banvaktaren skrev om mordet i Stackarp,Ingemar Lönnbom,AnderssonPerstorpC,1849,1934,published,published,[Litteraturkartan](https://litteraturbanken.se/litteraturkartan/?id=1322) · [Source](https://litteraturbanken.se/f%C3%B6rfattare/AnderssonPerstorpC/titlar/NyaS%C3%A5nger/sida/5/faksimil)
1468,1323,Hässleholm,56.157986,13.7653328,Verk,🔵,Sprit utan mat i Hässleholm,Ingemar Lönnbom,ElgströmO,1883,1950,published,published,[Litteraturkartan](https://litteraturbanken.se/litteraturkartan/?id=1323) · [Source](https://litteraturbanken.se/f%C3%B6rfattare/Elgstr%C3%B6mO/titlar/P%C3%A5Luffen/sida/125/faksimil)
2016,1323,Hässleholm,56.157986,13.7653328,Verk,🔵,Strindbergs resa genom Skåne,Ingemar Lönnbom,StrindbergA,1849,1912,published,published,[Litteraturkartan](https://litteraturbanken.se/litteraturkartan/?id=1323) · [Source](https://litteraturbanken.se/f%C3%B6rfattare/StrindbergA/titlar/Vivisektioner/sida/229/etext)
2082,1323,Hässleholm,56.157986,13.7653328,Plats,🟢,Hessleholm hos Litteraturbanken,,,,,published,published,[Litteraturkartan](https://litteraturbanken.se/litteraturkartan/?id=1323)
2083,1323,Hässleholm,56.157986,13.7653328,Plats,🟢,Hässleholm hos Litteraturbanken,,,,,published,published,[Litteraturkartan](https://litteraturbanken.se/litteraturkartan/?id=1323)
1469,1324,Lillöborgen i vattenriket,56.0383305608564,14.122109413146974,Person,🟣,Han skrev historien baklänges,Ingemar Lönnbom,,1546,1609,published,published,[Litteraturkartan](https://litteraturbanken.se/litteraturkartan/?id=1324)
1827,1324,Lillöborgen i vattenriket,56.0383305608564,14.122109413146974,Linnés resa,🟡,Blacke på Blackema,,LinnéCvon,1749,1749,published,published,[Litteraturkartan](https://litteraturbanken.se/litteraturkartan/?id=1324) · [Source](https://litteraturbanken.se/författare/LinnéCvon/titlar/LinnæiSkånskaResa/sida/80/faksimil)
1470,1325,"Mårtensgatan, Lund",55.7013161,13.2001322,Verk,🔵,Fuskade första dagen i skolan,Ingemar Lönnbom,SernerG,1886,1947,published,published,[Litteraturkartan](https://litteraturbanken.se/litteraturkartan/?id=1325) · [Source](https://litteraturbanken.se/f%C3%B6rfattare/SernerG/titlar/UrMinnet/sida/9/faksimil)
1471,1326,Hotell Savoy,55.6076532,13.0002187,Person,🟣,Spel och dobbel i Malmö,Ingemar Lönnbom,SernerG,1886,1947,published,published,[Litteraturkartan](https://litteraturbanken.se/litteraturkartan/?id=1326) · [Source](https://litteraturbanken.se/f%C3%B6rfattare/SernerG/titlar/IHasardensHuvudstad1915/sida/41/faksimil)
1472,1327,"Stortorget, Malmö",55.6066273,13.0007309,Person,🟣,Tidningsgrundare och skandinavist,Ingemar Lönnbom,CronholmB,1813,1871,published,published,[Litteraturkartan](https://litteraturbanken.se/litteraturkartan/?id=1327) · [Source](https://litteraturbanken.se/f%C3%B6rfattare/CronholmB/titlar/Hertha1835/sida/7/faksimil)
1893,1327,"Stortorget, Malmö",55.6066273,13.0007309,Linnés resa,🟡,Linné stegar upp Stortorget,,LinnéCvon,1749,1749,published,published,[Litteraturkartan](https://litteraturbanken.se/litteraturkartan/?id=1327) · [Source](https://litteraturbanken.se/författare/LinnéCvon/titlar/LinnæiSkånskaResa/sida/180/faksimil)
1473,1328,"Gamla tullkammaren, Malmö",55.60732969822422,12.997201681137087,Person,🟣,Matglad skandaljournalist,Ingemar Lönnbom,DammJ,1825,1892,published,published,[Litteraturkartan](https://litteraturbanken.se/litteraturkartan/?id=1328) · [Source](https://litteraturbanken.se/f%C3%B6rfattare/DammJ/titlar/Sk%C3%A5nskaFr%C3%A4lseb%C3%B6nder/sida/250/faksimil)
1493,1329,Helsingborg,56.0442098,12.703706,Person,🟣,Concordia Löfving: sagoförfattare och samhällsvisionär,Maria Ehrenberg,LöfvingC,1890,1890,published,published,[Litteraturkartan](https://litteraturbanken.se/litteraturkartan/?id=1329) · [Source](https://litteraturbanken.se/författare/LöfvingC/titlar/SåVannHanStoltsJungfrun/sida/iii/faksimil)
1502,1329,Helsingborg,56.0442098,12.703706,Person,🟣,Anna Lenah Elgström,Maria Ehrenberg,,,,published,published,[Litteraturkartan](https://litteraturbanken.se/litteraturkartan/?id=1329)
1503,1329,Helsingborg,56.0442098,12.703706,Verk,🔵,Helsingborgs guldålder,Maria Ehrenberg,,,,published,published,[Litteraturkartan](https://litteraturbanken.se/litteraturkartan/?id=1329)
1625,1329,Helsingborg,56.0442098,12.703706,Verk,🔵,Yngste sonens revansch,Maria Ehrenberg,WigströmE,,,published,published,[Litteraturkartan](https://litteraturbanken.se/litteraturkartan/?id=1329)
1626,1329,Helsingborg,56.0442098,12.703706,Verk,🔵,Den listige pojken,Maria Ehrenberg,WigströmE,,,published,published,[Litteraturkartan](https://litteraturbanken.se/litteraturkartan/?id=1329)
1802,1329,Helsingborg,56.0442098,12.703706,Person,🟣,Elsa Collin – första spexkvinnan,Ingemar Lönnbom,CollinE,1887,1941,published,published,[Litteraturkartan](https://litteraturbanken.se/litteraturkartan/?id=1329) · [Source](https://litteraturbanken.se/f%C3%B6rfattare/Anonym/titlar/UrR%C3%B6str%C3%A4ttf%C3%B6rkvinnor/sida/XV/faksimil)
1937,1329,Helsingborg,56.0442098,12.703706,Linnés resa,🟡,Linné om staden,,LinnéCvon,1749,1749,published,published,[Litteraturkartan](https://litteraturbanken.se/litteraturkartan/?id=1329) · [Source](https://litteraturbanken.se/författare/LinnéCvon/titlar/LinnæiSkånskaResa/sida/307/faksimil)
2074,1329,Helsingborg,56.0442098,12.703706,Plats,🟢,Helsingborg hos Litteraturbanken,,,,,published,published,[Litteraturkartan](https://litteraturbanken.se/litteraturkartan/?id=1329)
1474,1330,"Gossläroverket, Helsingborg",56.0465887713586,12.700965826971828,Person,🟣,Helsingborgshistorikern Dahlin,Ingemar Lönnbom,,1889,1979,published,published,[Litteraturkartan](https://litteraturbanken.se/litteraturkartan/?id=1330)
1475,1331,Torup,55.5651937,13.208924592372547,Verk,🔵,Greven föll i trappan,Ingemar Lönnbom,DardelF,1817,1901,published,published,[Litteraturkartan](https://litteraturbanken.se/litteraturkartan/?id=1331) · [Source](https://litteraturbanken.se/f%C3%B6rfattare/DardelF/titlar/UrFritzVonDardelsAlbum/sida/24r/faksimil)
1476,1332,Ramlösa hälsobrunn,56.021269183838,12.747015953063967,Person,🟣,Läkaren som ordinerade vatten,Ingemar Lönnbom,,1674,1743,published,published,[Litteraturkartan](https://litteraturbanken.se/litteraturkartan/?id=1332)
1562,1332,Ramlösa hälsobrunn,56.021269183838,12.747015953063967,Verk,🔵,Lidners rokoko-reportage från Ramlösa,Ingemar Lönnbom,LidnerB,1757,1793,published,published,[Litteraturkartan](https://litteraturbanken.se/litteraturkartan/?id=1332) · [Source](https://litteraturbanken.se/f%C3%B6rfattare/LidnerB/titlar/SamladeSkrifter1/sida/54/faksimil)
1618,1332,Ramlösa hälsobrunn,56.021269183838,12.747015953063967,Person,🟣,Eva Wigström gifte sig på Ramlösa brunn,Maria Ehrenberg,WigströmE,1832,1901,published,published,[Litteraturkartan](https://litteraturbanken.se/litteraturkartan/?id=1332)
1940,1332,Ramlösa hälsobrunn,56.021269183838,12.747015953063967,Linnés resa,🟡,Surbrunnen,,LinnéCvon,1749,1749,published,published,[Litteraturkartan](https://litteraturbanken.se/litteraturkartan/?id=1332) · [Source](https://litteraturbanken.se/författare/LinnéCvon/titlar/LinnæiSkånskaResa/sida/310/faksimil)
2143,1332,Ramlösa hälsobrunn,56.021269183838,12.747015953063967,Resa,🟠,Buteljerat vatten,,TidströmA,1756,1756,published,published,[Litteraturkartan](https://litteraturbanken.se/litteraturkartan/?id=1332) · [Source](https://litteraturbanken.se/författare/TidströmA/titlar/AndersTidströmsResa/sida/33/faksimil)
1479,1342,Rinkaby,55.98469912641103,14.271583557128908,Verk,🔵,Skånsk klädedräkt på 1700-talet,Ingemar Lönnbom,EhrensvärdCA,1745,1800,published,published,[Litteraturkartan](https://litteraturbanken.se/litteraturkartan/?id=1342) · [Source](https://litteraturbanken.se/f%C3%B6rfattare/Ehrensv%C3%A4rdCA/titlar/Skrifter1/sida/353/faksimil)
1480,1343,Maglesten,56.041578921295226,14.34445381164551,Plats,🟢,Spöken vid Maglesten,Ingemar Lönnbom,Sturzen-BeckerOP,1811,1869,published,published,[Litteraturkartan](https://litteraturbanken.se/litteraturkartan/?id=1343) · [Source](https://litteraturbanken.se/f%C3%B6rfattare/Sturzen-BeckerOP/titlar/ValdaSkrifter2/sida/493/faksimil)
1481,1343,Maglesten,56.041578921295226,14.34445381164551,Verk,🔵,Mer om Ljungby horn och pipa,Ingemar Lönnbom,WeilandP,1860,1907,published,published,[Litteraturkartan](https://litteraturbanken.se/litteraturkartan/?id=1343) · [Source](https://litteraturbanken.se/f%C3%B6rfattare/WeilandP/titlar/Kabbal%C3%B6k/sida/86/faksimil)
1484,1343,Maglesten,56.041578921295226,14.34445381164551,Verk,🔵,En svensk helig gral,Ingemar Lönnbom,NorlindT,1879,1947,published,published,[Litteraturkartan](https://litteraturbanken.se/litteraturkartan/?id=1343) · [Source](https://litteraturbanken.se/f%C3%B6rfattare/NorlindT/titlar/StudierISvenskFolklore/sida/61/faksimil)
1482,1344,Vinslöv,56.102213,13.9095768,Person,🟣,Den kloke och galne Vinslövssonen,Ingemar Lönnbom,WeilandP,1860,1907,published,published,[Litteraturkartan](https://litteraturbanken.se/litteraturkartan/?id=1344) · [Source](https://litteraturbanken.se/f%C3%B6rfattare/WeilandP/titlar/UtanSmink/sida/15/faksimil)
1991,1344,Vinslöv,56.102213,13.9095768,Person,🟣,Skrev dikter på Vinslövsdialekt,Ingemar Lönnbom,,1755,1818,published,published,[Litteraturkartan](https://litteraturbanken.se/litteraturkartan/?id=1344)
1483,1345,Kramers hörna,55.606735783755994,13.000506162643434,Plats,🟢,Bra service på Kramers hörna,Maria Ehrenberg,,,,published,published,[Litteraturkartan](https://litteraturbanken.se/litteraturkartan/?id=1345)
1485,1346,Gustavslunds gård,56.036526463990214,12.750234603881838,Person,🟣,Brita Edfelt: Brechts och Hesses översättare,Maria Ehrenberg,,1908,2006,published,published,[Litteraturkartan](https://litteraturbanken.se/litteraturkartan/?id=1346)
1486,1347,Knutstorps borg,55.97942312799075,13.134841918945314,Person,🟣,En supernova föds: Tycho Brahe,Maria Ehrenberg,,,,published,published,[Litteraturkartan](https://litteraturbanken.se/litteraturkartan/?id=1347)
1853,1347,Knutstorps borg,55.97942312799075,13.134841918945314,Person,🟣,Hennes böcker försvann,Ingemar Lönnbom,,1556,1643,published,published,[Litteraturkartan](https://litteraturbanken.se/litteraturkartan/?id=1347)
1487,1349,Tosterups slott,55.48009379287976,13.98690462112427,Person,🟣,Tycho Brahe växer upp,Maria Ehrenberg,,,,published,published,[Litteraturkartan](https://litteraturbanken.se/litteraturkartan/?id=1349)
1723,1349,Tosterups slott,55.48009379287976,13.98690462112427,Verk,🔵,Livsfarlig färd över stock och sten,Ingemar Lönnbom,ForsellML,1823,1852,published,published,[Litteraturkartan](https://litteraturbanken.se/litteraturkartan/?id=1349) · [Source](https://litteraturbanken.se/f%C3%B6rfattare/ForsellML/titlar/Dagbok1/sida/135/faksimil)
2116,1349,Tosterups slott,55.48009379287976,13.98690462112427,Plats,🟢,Tosterup hos Litteraturbanken,,,,,published,published,[Litteraturkartan](https://litteraturbanken.se/litteraturkartan/?id=1349)
1488,1350,Herrevads kloster,56.08805683539515,13.232613801956179,Person,🟣,En stjärnexplosion 11 november 1572,Maria Ehrenberg,,,,published,published,[Litteraturkartan](https://litteraturbanken.se/litteraturkartan/?id=1350)
2102,1350,Herrevads kloster,56.08805683539515,13.232613801956179,Plats,🟢,Herrevads kloster hos Litteraturbanken,,,,,published,published,[Litteraturkartan](https://litteraturbanken.se/litteraturkartan/?id=1350)
1491,1352,Hammarlöv prästgård,55.413693501716104,13.135550022125246,Person,🟣,Vardagslivet på Söderslätt,Maria Ehrenberg,Bååth-HolmbergC,1886,1886,published,published,[Litteraturkartan](https://litteraturbanken.se/litteraturkartan/?id=1352) · [Source](https://litteraturbanken.se/författare/Bååth-HolmbergC/titlar/SydskånskaTeckningar/sida/12/faksimil)
1492,1354,Klippan,56.13445482065112,13.137931823730469,Person,🟣,Nalle Puhs svenska mamma,Maria Ehrenberg,,,,published,published,[Litteraturkartan](https://litteraturbanken.se/litteraturkartan/?id=1354)
1495,1356,Katedralskolan,55.700359989635174,13.189977407455444,Person,🟣,Studenten Majken Johansson,Maria Ehrenberg,,,,published,published,[Litteraturkartan](https://litteraturbanken.se/litteraturkartan/?id=1356)
1496,1357,Balkåkra kyrkoruin,55.446767658333194,13.716934919357302,Person,🟣,Berlin och den historiska romanen,Maria Ehrenberg,BerlinAC,1835,1835,published,published,[Litteraturkartan](https://litteraturbanken.se/litteraturkartan/?id=1357) · [Source](https://litteraturbanken.se/författare/BerlinAC/titlar/Försakelsen/sida/5/faksimil)
1498,1359,Borrby borg,55.46130226497218,14.175839424133303,Verk,🔵,Kvinna utklädd till man,Maria Ehrenberg,BerlinAC,1835,1835,published,published,[Litteraturkartan](https://litteraturbanken.se/litteraturkartan/?id=1359) · [Source](https://litteraturbanken.se/författare/BerlinAC/titlar/Försakelsen/sida/5/faksimil?om-boken)
1499,1360,Krageholms slott,55.49313920836318,13.765718936920168,Verk,🔵,Jörgen Krabbe: vän med snapphanar,Maria Ehrenberg,BerlinAC,1837,1837,published,published,[Litteraturkartan](https://litteraturbanken.se/litteraturkartan/?id=1360) · [Source](https://litteraturbanken.se/författare/BerlinAC/titlar/JörgenKrabbe/sida/3/faksimil?om-boken)
1925,1360,Krageholms slott,55.49313920836318,13.765718936920168,Linnés resa,🟡,Linné om slottet,,LinnéCvon,1749,1749,published,published,[Litteraturkartan](https://litteraturbanken.se/litteraturkartan/?id=1360) · [Source](https://litteraturbanken.se/författare/LinnéCvon/titlar/LinnæiSkånskaResa/sida/266/faksimil)
1500,1361,S:t Olof,55.63498523830501,14.123075008392336,Verk,🔵,Faderns illgärningar sonas,Maria Ehrenberg,BerlinAC,1835,1835,published,published,[Litteraturkartan](https://litteraturbanken.se/litteraturkartan/?id=1361) · [Source](https://litteraturbanken.se/författare/BerlinAC/titlar/Försakelsen/sida/5/faksimil?om-boken)
1501,1362,Skillinge fiskeläge,55.47406201970429,14.284672737121584,Verk,🔵,Prinsen av Jersey,Maria Ehrenberg,BerlinAC,1835,1835,published,published,[Litteraturkartan](https://litteraturbanken.se/litteraturkartan/?id=1362) · [Source](https://litteraturbanken.se/författare/BerlinAC/titlar/Försakelsen/sida/5/faksimil?om-boken)
1788,1362,Skillinge fiskeläge,55.47406201970429,14.284672737121584,Verk,🔵,I Skillinge åt man mannagryn,Ingemar Lönnbom,KeylandN,1867,1924,published,published,[Litteraturkartan](https://litteraturbanken.se/litteraturkartan/?id=1362) · [Source](https://litteraturbanken.se/f%C3%B6rfattare/KeylandN/titlar/SvenskAllmogekost1/sida/117/faksimil)
1504,1363,Kärnan,56.04829652610685,12.697534561157227,Verk,🔵,Söndagar i Helsingborg,Maria Ehrenberg,,,,published,published,[Litteraturkartan](https://litteraturbanken.se/litteraturkartan/?id=1363)
1505,1364,Munka-Ljungby,56.25808430533836,12.965583801269531,Verk,🔵,En klok barnmorska på 1700-talet,Maria Ehrenberg,,,,published,published,[Litteraturkartan](https://litteraturbanken.se/litteraturkartan/?id=1364)
1506,1365,Gärdslöv,55.46423408974336,13.430871963500978,Person,🟣,Lundalivets skildrare,Maria Ehrenberg,BendzE,1858,1927,published,published,[Litteraturkartan](https://litteraturbanken.se/litteraturkartan/?id=1365) · [Source](https://litteraturbanken.se/författare/BendzE/titlar/EnBrunnskurIRonneby/sida/3/faksimil)
1765,1365,Gärdslöv,55.46423408974336,13.430871963500978,Person,🟣,En folkhögskolepionjär,Ingemar Lönnbom,HolmbergT,1853,1935,published,published,[Litteraturkartan](https://litteraturbanken.se/litteraturkartan/?id=1365) · [Source](https://litteraturbanken.se/f%C3%B6rfattare/HolmbergT/titlar/Fr%C3%A5nSkolsalen1/sida/5/faksimil)
1511,1371,Västergatan 14,55.702681555078506,13.18738102912903,Person,🟣,En stor författare,Maria Ehrenberg,TrotzigB,,,published,published,[Litteraturkartan](https://litteraturbanken.se/litteraturkartan/?id=1371)
1516,1375,Åhus stadshus,55.9233234341398,14.293899536132812,Verk,🔵,Skammen över att vara gift med en ond man,Maria Ehrenberg,TrotzigB,,,published,published,[Litteraturkartan](https://litteraturbanken.se/litteraturkartan/?id=1375)
1517,1376,Åhus marknadsplats,55.922559980484856,14.288932085037233,Verk,🔵,En medeltida marknadsstad,Maria Ehrenberg,TrotzigB,,,published,published,[Litteraturkartan](https://litteraturbanken.se/litteraturkartan/?id=1376)
1757,1377,Sankta Maria kyrka,55.92353383211011,14.293191432952883,Person,🟣,En offentlig hemlighet om Åhus,Ingemar Lönnbom,StjernströmJ,1820,1860,published,published,[Litteraturkartan](https://litteraturbanken.se/litteraturkartan/?id=1377) · [Source](https://litteraturbanken.se/f%C3%B6rfattare/Stjernstr%C3%B6mJ/titlar/Token/sida/7/faksimil)
1821,1377,Sankta Maria kyrka,55.92353383211011,14.293191432952883,Linnés resa,🟡,En gammal inskrift,,LinnéCvon,1749,1749,published,published,[Litteraturkartan](https://litteraturbanken.se/litteraturkartan/?id=1377) · [Source](https://litteraturbanken.se/författare/LinnéCvon/titlar/LinnæiSkånskaResa/sida/75/faksimil)
1519,1378,Claus Mortensens hus,55.604535797729035,13.002920150756836,Person,🟣,Boktryckarpionjärer i Malmö,Ingemar Lönnbom,KlemmingGE,1528,1529,published,published,[Litteraturkartan](https://litteraturbanken.se/litteraturkartan/?id=1378) · [Source](https://litteraturbanken.se/f%C3%B6rfattare/KlemmingGE/titlar/SvenskBoktryckeri/sida/211/faksimil)
1520,1379,Kåseberga,55.38681443730811,14.06576156616211,Verk,🔵,Dykungens dotter blir till,Maria Ehrenberg,TrotzigB,,,published,published,[Litteraturkartan](https://litteraturbanken.se/litteraturkartan/?id=1379)
1522,1380,Borrie allé,55.49130362820423,13.854961395263674,Verk,🔵,Ett hårt liv på landsbygden,Maria Ehrenberg,TrotzigB,,,published,published,[Litteraturkartan](https://litteraturbanken.se/litteraturkartan/?id=1380)
1523,1381,Fästningen,56.033283672553026,14.160540103912355,Verk,🔵,Staden utan försoning,Maria Ehrenberg,TrotzigB,,,published,published,[Litteraturkartan](https://litteraturbanken.se/litteraturkartan/?id=1381)
1526,1383,Trolle Ljungby slott,56.021988719543195,14.369945526123049,Verk,🔵,Överheten på slottet,Maria Ehrenberg,TrotzigB,,,published,published,[Litteraturkartan](https://litteraturbanken.se/litteraturkartan/?id=1383)
1962,1383,Trolle Ljungby slott,56.021988719543195,14.369945526123049,Linnés resa,🟡,Ljungbyhorn,,LinnéCvon,1749,1749,published,published,[Litteraturkartan](https://litteraturbanken.se/litteraturkartan/?id=1383) · [Source](https://litteraturbanken.se/författare/LinnéCvon/titlar/LinnæiSkånskaResa/sida/402/faksimil)
2117,1383,Trolle Ljungby slott,56.021988719543195,14.369945526123049,Plats,🟢,Trolle Ljungby hos Litteraturbanken,,,,,published,published,[Litteraturkartan](https://litteraturbanken.se/litteraturkartan/?id=1383)
2164,1383,Trolle Ljungby slott,56.021988719543195,14.369945526123049,Resa,🟠,Det fameusa hornet,,TidströmA,1756,1756,published,published,[Litteraturkartan](https://litteraturbanken.se/litteraturkartan/?id=1383) · [Source](https://litteraturbanken.se/författare/TidströmA/titlar/AndersTidströmsResa/sida/74/faksimil)
1525,1384,Norreport,56.033367592955955,14.151656627655031,Verk,🔵,Djurmarknaden,Maria Ehrenberg,TrotzigB,,,published,published,[Litteraturkartan](https://litteraturbanken.se/litteraturkartan/?id=1384)
1537,1385,Södra kasern,56.028032290154094,14.15794372558594,Person,🟣,Han som reste ut i världen,Maria Ehrenberg,HellströmG,1882,1953,published,published,[Litteraturkartan](https://litteraturbanken.se/litteraturkartan/?id=1385)
1543,1385,Södra kasern,56.028032290154094,14.15794372558594,Verk,🔵,Dagdrömmar på Södra kasern,Maria Ehrenberg,HellströmG,1921,1921,published,published,[Litteraturkartan](https://litteraturbanken.se/litteraturkartan/?id=1385) · [Source](https://litteraturbanken.se/författare/HellströmG/titlar/Dagdrömmar/sida/13/etext)
1544,1385,Södra kasern,56.028032290154094,14.15794372558594,Verk,🔵,Majoren i Storehus,Maria Ehrenberg,HellströmG,1921,1921,published,published,[Litteraturkartan](https://litteraturbanken.se/litteraturkartan/?id=1385) · [Source](https://litteraturbanken.se/författare/HellströmG/titlar/Dagdrömmar/sida/91/etext)
1551,1385,Södra kasern,56.028032290154094,14.15794372558594,Verk,🔵,Elvira Madigan i Kristianstad,Maria Ehrenberg,HellströmG,1921,1921,published,published,[Litteraturkartan](https://litteraturbanken.se/litteraturkartan/?id=1385) · [Source](https://litteraturbanken.se/författare/HellströmG/titlar/Dagdrömmar/sida/225/etext)
1538,1386,Norra kasern,56.03372724975899,14.15292263031006,Person,🟣,Gustaf Hellström i Kristianstad,Maria Ehrenberg,HellströmG,1882,1953,published,published,[Litteraturkartan](https://litteraturbanken.se/litteraturkartan/?id=1386)
1540,1387,Östra storgatan,56.03317577462403,14.154177904129028,Verk,🔵,Snörmakaren arbetar sig uppåt,Maria Ehrenberg,HellströmG,1927,1927,published,published,[Litteraturkartan](https://litteraturbanken.se/litteraturkartan/?id=1387) · [Source](https://litteraturbanken.se/författare/HellströmG/titlar/SnörmakareLekholm/sida/33/etext)
1541,1388,Heliga trefaldighetskyrkan,56.03184500869958,14.152708053588869,Verk,🔵,Trefaldighetskyrkan ekar av skratt,Maria Ehrenberg,HellströmG,1927,1927,published,published,[Litteraturkartan](https://litteraturbanken.se/litteraturkartan/?id=1388) · [Source](https://litteraturbanken.se/författare/HellströmG/titlar/SnörmakareLekholm/sida/55/etext)
1825,1388,Heliga trefaldighetskyrkan,56.03184500869958,14.152708053588869,Linnés resa,🟡,Åter till kyrkan,,LinnéCvon,1749,1749,published,published,[Litteraturkartan](https://litteraturbanken.se/litteraturkartan/?id=1388) · [Source](https://litteraturbanken.se/författare/LinnéCvon/titlar/LinnæiSkånskaResa/sida/79/faksimi)
1542,1389,Hammars björke,56.02468685902872,14.159070253372194,Verk,🔵,Skarpskyttarna i Hammars björke,Maria Ehrenberg,HellströmG,1927,1927,published,published,[Litteraturkartan](https://litteraturbanken.se/litteraturkartan/?id=1389) · [Source](https://litteraturbanken.se/författare/HellströmG/titlar/SnörmakareLekholm/sida/97/etext)
1545,1390,Kyrkogården,56.02460291975296,14.15717124938965,Verk,🔵,Kyrkogården sedd genom ett barns ögon,Maria Ehrenberg,HellströmG,1921,1921,published,published,[Litteraturkartan](https://litteraturbanken.se/litteraturkartan/?id=1390) · [Source](https://litteraturbanken.se/författare/HellströmG/titlar/Dagdrömmar/sida/27/etext)
1546,1391,Bäckahästarna,56.027522700185756,14.161634445190431,Verk,🔵,Bäckahästarna i Kristianstad,Maria Ehrenberg,HellströmG,1921,1921,published,published,[Litteraturkartan](https://litteraturbanken.se/litteraturkartan/?id=1391) · [Source](https://litteraturbanken.se/författare/HellströmG/titlar/Dagdrömmar/sida/39/etext)
1547,1392,Stadshotellet,56.03113764597497,14.155336618423464,Verk,🔵,Dansskola på Stadshotellet,Maria Ehrenberg,HellströmG,1921,1921,published,published,[Litteraturkartan](https://litteraturbanken.se/litteraturkartan/?id=1392) · [Source](https://litteraturbanken.se/författare/HellströmG/titlar/Dagdrömmar/sida/131/etext)
1548,1393,Yllefabriken,56.02215061322914,14.158469438552858,Verk,🔵,Yllans klädesfabrik,Maria Ehrenberg,HellströmG,1921,1921,published,published,[Litteraturkartan](https://litteraturbanken.se/litteraturkartan/?id=1393) · [Source](https://litteraturbanken.se/författare/HellströmG/titlar/Dagdrömmar/sida/137/etext)
1549,1394,Västra storgatan,56.03059212858023,14.154778718948366,Verk,🔵,Den unga kapitalisten på Västra storgatan,Maria Ehrenberg,HellströmG,1921,1921,published,published,[Litteraturkartan](https://litteraturbanken.se/litteraturkartan/?id=1394) · [Source](https://litteraturbanken.se/författare/HellströmG/titlar/Dagdrömmar/sida/146/etext)
1550,1395,Fjälkinge gästis,56.03781511321478,14.278750419616701,Verk,🔵,Slädpartiet till Fjelkinge värdshus,Maria Ehrenberg,HellströmG,1921,1921,published,published,[Litteraturkartan](https://litteraturbanken.se/litteraturkartan/?id=1395) · [Source](https://litteraturbanken.se/författare/HellströmG/titlar/Dagdrömmar/sida/203/etext)
1530,1397,Västra Karup,56.410932,12.741863034459328,Verk,🔵,Prästen skrev elakt om biskopen,Ingemar Lönnbom,EbersteinCC,1794,1858,published,published,[Litteraturkartan](https://litteraturbanken.se/litteraturkartan/?id=1397) · [Source](https://litteraturbanken.se/f%C3%B6rfattare/EbersteinCC/titlar/Bispen/sida/5/faksimil)
1531,1398,Balkåkra,55.44690761519817,13.715679645538332,Person,🟣,Sven Hedins rötter i Skåne,Ingemar Lönnbom,HedinS,1865,1952,published,published,[Litteraturkartan](https://litteraturbanken.se/litteraturkartan/?id=1398) · [Source](https://litteraturbanken.se/f%C3%B6rfattare/HedinS/titlar/Fr%C3%A5nPolTillPol1/sida/32/faksimil)
1532,1399,Tyringe,56.16403750215725,13.585731983184816,Verk,🔵,Midsommarfirande i Tyringe,Ingemar Lönnbom,WipperlingNF,1805,1862,published,published,[Litteraturkartan](https://litteraturbanken.se/litteraturkartan/?id=1399) · [Source](https://litteraturbanken.se/f%C3%B6rfattare/WipperlingNF/titlar/EttOchAnnat/sida/74/faksimil)
1533,1400,Skabersjö,55.54060359229327,13.146783113479616,Verk,🔵,Fruktstund i Skabersjö år 1842,Ingemar Lönnbom,ForsellML,1823,1852,published,published,[Litteraturkartan](https://litteraturbanken.se/litteraturkartan/?id=1400) · [Source](https://litteraturbanken.se/f%C3%B6rfattare/ForsellML/titlar/Dagbok1/sida/85/faksimil)
1608,1400,Skabersjö,55.54060359229327,13.146783113479616,Verk,🔵,Överflygning över Skabersjö,Maria Ehrenberg,LagerlöfS,1906,1907,published,published,[Litteraturkartan](https://litteraturbanken.se/litteraturkartan/?id=1400) · [Source](https://litteraturbanken.se/författare/LagerlöfS/titlar/NilsHolgersson1/sida/25/etext)
1535,1401,Ivetofta,56.099811176127886,14.470710754394533,Plats,🟢,Vit ko skrämde jätten i Ivetofta,Ingemar Lönnbom,HylténCavalliusGO,1818,1889,published,published,[Litteraturkartan](https://litteraturbanken.se/litteraturkartan/?id=1401) · [Source](https://litteraturbanken.se/f%C3%B6rfattare/Hylt%C3%A9nCavalliusGO/titlar/W%C3%A4rendOchWirdarne1/sida/27/faksimil)
1994,1401,Ivetofta,56.099811176127886,14.470710754394533,Person,🟣,En verklig skåning,Ingemar Lönnbom,FjelnerA,1877,1936,published,published,[Litteraturkartan](https://litteraturbanken.se/litteraturkartan/?id=1401) · [Source](https://litteraturbanken.se/f%C3%B6rfattare/SvenssonNP/titlar/ISkildaF%C3%A4rger/sida/50/faksimil)
1534,1402,Vä,55.99670099155801,14.087326526641847,Person,🟣,En tidig fornforskare,Ingemar Lönnbom,,1550,1610,published,published,[Litteraturkartan](https://litteraturbanken.se/litteraturkartan/?id=1402)
1758,1402,Vä,55.99670099155801,14.087326526641847,Verk,🔵,Svenske kungen brände Vä,Ingemar Lönnbom,StjernströmL,1812,1907,published,published,[Litteraturkartan](https://litteraturbanken.se/litteraturkartan/?id=1402) · [Source](https://litteraturbanken.se/f%C3%B6rfattare/Stjernstr%C3%B6mL/titlar/GustafIIAdolf1/sida/34/faksimil)
1536,1403,Kågeröd,56.00028455,13.089008248798264,Verk,🔵,Farligt bokmanus gömdes i 200 år,Ingemar Lönnbom,,1642,1897,published,published,[Litteraturkartan](https://litteraturbanken.se/litteraturkartan/?id=1403)
1716,1403,Kågeröd,56.00028455,13.089008248798264,Plats,🟢,Dubbelbegravning i Kågeröds kyrka,Ingemar Lönnbom,BergPG,1805,1899,published,published,[Litteraturkartan](https://litteraturbanken.se/litteraturkartan/?id=1403) · [Source](https://litteraturbanken.se/f%C3%B6rfattare/BergPG/titlar/AnteckningarOmSvenskaQvinnor/sida/12/faksimil)
1776,1403,Kågeröd,56.00028455,13.089008248798264,Verk,🔵,Glädjedikt i prästgården,Ingemar Lönnbom,WarnmarkP,1665,1709,published,published,[Litteraturkartan](https://litteraturbanken.se/litteraturkartan/?id=1403) · [Source](https://litteraturbanken.se/f%C3%B6rfattare/WarnmarkP/titlar/ParnassiGr%C3%B6nskande/sida/13/faksimil)
1552,1405,Vätteryd,56.0165928,13.6704187,Plats,🟢,Här stod slaget mellan Snio och Adil,Ingemar Lönnbom,BergPG,1805,1889,published,published,[Litteraturkartan](https://litteraturbanken.se/litteraturkartan/?id=1405) · [Source](https://litteraturbanken.se/f%C3%B6rfattare/BergPG/titlar/M%C3%A4rkligaSvenskaStenar/sida/20/faksimil)
2131,1405,Vätteryd,56.0165928,13.6704187,Person,🟣,Förfiningens apostlar,,BenedictssonV,1886,1886,published,published,[Litteraturkartan](https://litteraturbanken.se/litteraturkartan/?id=1405) · [Source](https://litteraturbanken.se/författare/BenedictssonV/titlar/StoraBokenII/sida/345/etext)
1553,1406,Högestad,55.507662802643225,13.879637718200685,Person,🟣,Han skapade professionell arkeologi,Ingemar Lönnbom,SjöborgNH,1767,1838,published,published,[Litteraturkartan](https://litteraturbanken.se/litteraturkartan/?id=1406) · [Source](https://litteraturbanken.se/f%C3%B6rfattare/Sj%C3%B6borgNH/titlar/NordensForn%C3%A4lskare1/sida/I.III/faksimil)
1554,1407,Varietéstjärnans barndomshem,56.029788350000004,14.155917870263501,Person,🟣,Sigge Wulff var den störste,Ingemar Lönnbom,GranathW,1869,1892,published,published,[Litteraturkartan](https://litteraturbanken.se/litteraturkartan/?id=1407) · [Source](https://litteraturbanken.se/f%C3%B6rfattare/GranathW/titlar/%C3%85terfunnen/sida/48/faksimil)
1557,1408,Oscarsfarm,56.036112888374134,13.695659637451174,Person,🟣,En författare föds,Maria Ehrenberg,MallingM,1864,1942,published,published,[Litteraturkartan](https://litteraturbanken.se/litteraturkartan/?id=1408)
1659,1408,Oscarsfarm,56.036112888374134,13.695659637451174,Verk,🔵,Att klä sig fin inför besök,Maria Ehrenberg,MallingM,1900,1900,published,published,[Litteraturkartan](https://litteraturbanken.se/litteraturkartan/?id=1408) · [Source](https://litteraturbanken.se/författare/MallingM/titlar/MalinSkytte/sida/2/faksimil)
1854,1408,Oscarsfarm,56.036112888374134,13.695659637451174,Person,🟣,Sigrid Kruse skrev för de unga,Ingemar Lönnbom,KruseS,1867,1950,published,published,[Litteraturkartan](https://litteraturbanken.se/litteraturkartan/?id=1408) · [Source](https://litteraturbanken.se/f%C3%B6rfattare/KruseS/titlar/Fr%C3%A5nV%C3%A5rStorhetstid/sida/3/faksimil)
1559,1410,Norups gård,56.19144240196676,14.10444974899292,Person,🟣,Att våga anmäla: Sophie Sager,Maria Ehrenberg,SagerS,1850,1850,published,published,[Litteraturkartan](https://litteraturbanken.se/litteraturkartan/?id=1410) · [Source](https://litteraturbanken.se/författare/SagerS/titlar/BilderUrLifvet/sida/I/faksimil)
1561,1411,Botulfsplatsen,55.70238532133064,13.194236755371096,Person,🟣,Elin Wägner föds i Lund,Maria Ehrenberg,WägnerE,1882,1949,published,published,[Litteraturkartan](https://litteraturbanken.se/litteraturkartan/?id=1411)
1566,1412,Räng,55.424727387701274,13.020257949829103,Person,🟣,Folklivet i Skytts härad: början till alla ”folkliv”,Maria Ehrenberg,LovénN,,,published,published,[Litteraturkartan](https://litteraturbanken.se/litteraturkartan/?id=1412)
1567,1413,Tornabacken,55.407907395998635,13.142867088317873,Verk,🔵,Se upp för trollen i Tornabacken,Maria Ehrenberg,LovénN,,,published,published,[Litteraturkartan](https://litteraturbanken.se/litteraturkartan/?id=1413)
1568,1414,Bonhög,55.40964940750269,13.122761249542238,Verk,🔵,Se upp för det osynliga folket!,Maria Ehrenberg,LovénN,,,published,published,[Litteraturkartan](https://litteraturbanken.se/litteraturkartan/?id=1414)
1569,1415,Fuglie,55.44846536244232,13.081734180450441,Verk,🔵,Bär aldrig bort en trollhög!,Maria Ehrenberg,LovénN,,,published,published,[Litteraturkartan](https://litteraturbanken.se/litteraturkartan/?id=1415)
1570,1416,Gislöv,55.38106096691339,13.235929012298586,Verk,🔵,Trollkarlen Gjelle i Gislöv,Maria Ehrenberg,LovénN,,,published,published,[Litteraturkartan](https://litteraturbanken.se/litteraturkartan/?id=1416)
1563,1417,Balsberget,56.1035836,14.2083022,Verk,🔵,Balsbergets jätte var dum,Ingemar Lönnbom,HofbergH,1823,1883,published,published,[Litteraturkartan](https://litteraturbanken.se/litteraturkartan/?id=1417) · [Source](https://litteraturbanken.se/f%C3%B6rfattare/HofbergH/titlar/SvenskaFolks%C3%A4gner1892/sida/14/faksimil)
1564,1418,Bernadottetrappan,56.04560602909493,12.689359188079836,Plats,🟢,Nya kronprinsens första ord i Sverige,Ingemar Lönnbom,GeijerEG,1783,1847,published,published,[Litteraturkartan](https://litteraturbanken.se/litteraturkartan/?id=1418) · [Source](https://litteraturbanken.se/f%C3%B6rfattare/GeijerEG/titlar/SamladeSkrifter1850_1_2/sida/277/faksimil)
1565,1419,Skåneslätten,55.43819283229354,13.317189216613771,Verk,🔵,Sådan är slättbon,Ingemar Lönnbom,GrafströmAA,1800,1850,published,published,[Litteraturkartan](https://litteraturbanken.se/litteraturkartan/?id=1419) · [Source](https://litteraturbanken.se/f%C3%B6rfattare/ForssellDC/titlar/Ett%C3%85rISverge/sida/110/faksimil)
1762,1419,Skåneslätten,55.43819283229354,13.317189216613771,Verk,🔵,Fredrika Bremers hyllning till Skåne,Ingemar Lönnbom,BremerF,1801,1865,published,published,[Litteraturkartan](https://litteraturbanken.se/litteraturkartan/?id=1419) · [Source](https://litteraturbanken.se/f%C3%B6rfattare/BremerF/titlar/Midsommarresan/sida/8/faksimil)
1571,1422,Charlottenberg,55.4581390560497,13.269424438476564,Person,🟣,Här föddes Victoria Benedictsson,Maria Ehrenberg,BenedictssonV,1850,1888,published,published,[Litteraturkartan](https://litteraturbanken.se/litteraturkartan/?id=1422)
2062,1422,Charlottenberg,55.4581390560497,13.269424438476564,Plats,🟢,Om de tidiga åren,,BenedictssonV,1850,1850,published,published,[Litteraturkartan](https://litteraturbanken.se/litteraturkartan/?id=1422) · [Source](https://litteraturbanken.se/författare/BenedictssonV/titlar/VictoriaBenedictsson/sida/1/etext)
2063,1422,Charlottenberg,55.4581390560497,13.269424438476564,Plats,🟢,Höstkyla och frost,,BenedictssonV,1850,1850,published,published,[Litteraturkartan](https://litteraturbanken.se/litteraturkartan/?id=1422) · [Source](https://litteraturbanken.se/författare/BenedictssonV/titlar/VictoriaBenedictsson/sida/4/etext)
1572,1423,"Råbygatan 8, f. d. postmästarbostället",55.850324649675414,13.662185668945314,Person,🟣,Den ofrivilliga Hörbybon,Maria Ehrenberg,BenedictssonV,1850,1888,published,published,[Litteraturkartan](https://litteraturbanken.se/litteraturkartan/?id=1423)
2058,1423,"Råbygatan 8, f. d. postmästarbostället",55.850324649675414,13.662185668945314,Plats,🟢,En gullgrufva,,BenedictssonV,1885,1885,published,published,[Litteraturkartan](https://litteraturbanken.se/litteraturkartan/?id=1423) · [Source](https://litteraturbanken.se/författare/BenedictssonV/titlar/VictoriaBenedictsson/sida/196/etext)
2060,1423,"Råbygatan 8, f. d. postmästarbostället",55.850324649675414,13.662185668945314,Verk,🔵,Ensamma tårar,,BenedictssonV,1885,1885,published,published,[Litteraturkartan](https://litteraturbanken.se/litteraturkartan/?id=1423) · [Source](https://litteraturbanken.se/författare/BenedictssonV/titlar/VictoriaBenedictsson/sida/213/etext)
2061,1423,"Råbygatan 8, f. d. postmästarbostället",55.850324649675414,13.662185668945314,Person,🟣,Från ett skrivbord,,BenedictssonV,1886,1886,published,published,[Litteraturkartan](https://litteraturbanken.se/litteraturkartan/?id=1423) · [Source](https://litteraturbanken.se/författare/BenedictssonV/titlar/VictoriaBenedictsson/sida/232/etext)
2132,1423,"Råbygatan 8, f. d. postmästarbostället",55.850324649675414,13.662185668945314,Plats,🟢,Att gotta sig med råheterna,,BenedictssonV,1885,1885,published,published,[Litteraturkartan](https://litteraturbanken.se/litteraturkartan/?id=1423) · [Source](https://litteraturbanken.se/författare/BenedictssonV/titlar/StoraBokenII/sida/112/etext)
1573,1424,Torna härad,55.711760936990906,13.230199813842775,Verk,🔵,Löjlig klädsel i Torna härad,Ingemar Lönnbom,SandbergJG,1790,1850,published,published,[Litteraturkartan](https://litteraturbanken.se/litteraturkartan/?id=1424) · [Source](https://litteraturbanken.se/f%C3%B6rfattare/ForssellDC/titlar/Ett%C3%85rISverge/sida/221/faksimil)
1692,1424,Torna härad,55.711760936990906,13.230199813842775,Verk,🔵,Ja-öl dracks även om kvinnan inte ville,Ingemar Lönnbom,LloydL,1792,1876,published,published,[Litteraturkartan](https://litteraturbanken.se/litteraturkartan/?id=1424) · [Source](https://litteraturbanken.se/f%C3%B6rfattare/LloydL/titlar/SvenskaAllmogensPl%C3%A4gseder/sida/37/faksimil)
1574,1425,Fjälkinge tingshus,56.04340675297088,14.278063774108887,Verk,🔵,Nordskåningarna passade som tjänstefolk,Ingemar Lönnbom,GrafströmAA,1770,1850,published,published,[Litteraturkartan](https://litteraturbanken.se/litteraturkartan/?id=1425) · [Source](https://litteraturbanken.se/f%C3%B6rfattare/ForssellDC/titlar/Ett%C3%85rISverge/sida/109/faksimil)
1787,1425,Fjälkinge tingshus,56.04340675297088,14.278063774108887,Verk,🔵,Beskt bröd i Villands härad,Ingemar Lönnbom,KeylandN,1867,1925,published,published,[Litteraturkartan](https://litteraturbanken.se/litteraturkartan/?id=1425) · [Source](https://litteraturbanken.se/f%C3%B6rfattare/KeylandN/titlar/SvenskAllmogekost1/sida/105/faksimil)
1575,1426,Onslunda,55.5993232171355,14.048895835876467,Verk,🔵,Ett knotigt folk,Ingemar Lönnbom,ForssellDC,1770,1850,published,published,[Litteraturkartan](https://litteraturbanken.se/litteraturkartan/?id=1426) · [Source](https://litteraturbanken.se/f%C3%B6rfattare/ForssellDC/titlar/Ett%C3%85rISverge/sida/110/faksimil)
1576,1427,Emmislöv,56.223361234143425,14.10874128341675,Person,🟣,Göingebygdens stora skildrare,Maria Ehrenberg,,,,published,published,[Litteraturkartan](https://litteraturbanken.se/litteraturkartan/?id=1427)
1579,1428,Tydingesjön,56.26490120964812,13.99435043334961,Verk,🔵,En lovsång till Tydingesjön,Maria Ehrenberg,,,,published,published,[Litteraturkartan](https://litteraturbanken.se/litteraturkartan/?id=1428)
1578,1429,Lursjön,56.26614051632976,13.86697769165039,Verk,🔵,En lovsång till Lursjön,Maria Ehrenberg,,,,published,published,[Litteraturkartan](https://litteraturbanken.se/litteraturkartan/?id=1429)
1580,1430,Ottarpssjön,56.23271285044938,13.881740570068361,Verk,🔵,En lovsång till Ottarpssjön,Maria Ehrenberg,,,,published,published,[Litteraturkartan](https://litteraturbanken.se/litteraturkartan/?id=1430)
1581,1431,Osbysjön,56.36068589615771,13.990659713745119,Verk,🔵,En lovsång till Osbysjön,Maria Ehrenberg,,,,published,published,[Litteraturkartan](https://litteraturbanken.se/litteraturkartan/?id=1431)
1582,1432,Ottarpgården,56.25071782359797,13.904421329498293,Verk,🔵,Göingebor är friska och glada till humöret!,Maria Ehrenberg,,,,published,published,[Litteraturkartan](https://litteraturbanken.se/litteraturkartan/?id=1432)
1583,1433,Glimåkra kyrka,56.306223531890915,14.141657352447512,Verk,🔵,2 mil på 4 timmar: Hästveda till Glimåkra,Maria Ehrenberg,,,,published,published,[Litteraturkartan](https://litteraturbanken.se/litteraturkartan/?id=1433)
1585,1433,Glimåkra kyrka,56.306223531890915,14.141657352447512,Verk,🔵,Vitmenad kyrka och nytjärad klockstapel,Maria Ehrenberg,,,,published,published,[Litteraturkartan](https://litteraturbanken.se/litteraturkartan/?id=1433)
1586,1436,Lönsboda,56.398609540808366,14.31947708129883,Verk,🔵,Lönsbodabor är inte lätta att tas med,Maria Ehrenberg,,,,published,published,[Litteraturkartan](https://litteraturbanken.se/litteraturkartan/?id=1436)
1595,1439,Dönaberga,56.24249143583155,14.255189895629885,Verk,🔵,Vildsinta skåningar i Dönaberga,Maria Ehrenberg,,,,published,published,[Litteraturkartan](https://litteraturbanken.se/litteraturkartan/?id=1439)
1596,1440,Rolstorpssjön,56.32567522544467,14.242143630981447,Verk,🔵,Det kryllar av jättar,Maria Ehrenberg,,,,published,published,[Litteraturkartan](https://litteraturbanken.se/litteraturkartan/?id=1440)
1597,1441,Farlången,56.311252527045184,14.27201271057129,Verk,🔵,Den vackra jättinnan,Maria Ehrenberg,,,,published,published,[Litteraturkartan](https://litteraturbanken.se/litteraturkartan/?id=1441)
1598,1442,Broby kyrka,56.254532360060104,14.07977342605591,Verk,🔵,De dödas julotta i Broby,Maria Ehrenberg,,,,published,published,[Litteraturkartan](https://litteraturbanken.se/litteraturkartan/?id=1442)
1811,1442,Broby kyrka,56.254532360060104,14.07977342605591,Linnés resa,🟡,Beströdde med blomster,,LinnéCvon,1749,1749,published,published,[Litteraturkartan](https://litteraturbanken.se/litteraturkartan/?id=1442) · [Source](https://litteraturbanken.se/författare/LinnéCvon/titlar/LinnæiSkånskaResa/sida/60/faksimil)
1587,1443,Osby,56.38388178195571,13.999328613281252,Plats,🟢,Skånes Robin Hood,Ingemar Lönnbom,LjunggrenAG,1864,1935,published,published,[Litteraturkartan](https://litteraturbanken.se/litteraturkartan/?id=1443) · [Source](https://litteraturbanken.se/f%C3%B6rfattare/LjunggrenAG/titlar/Ett%C3%84fventyrarlif/sida/26/faksimil)
1633,1443,Osby,56.38388178195571,13.999328613281252,Verk,🔵,En guldgås kan vara bra att ha,Maria Ehrenberg,WigströmE,,,published,published,[Litteraturkartan](https://litteraturbanken.se/litteraturkartan/?id=1443)
1797,1443,Osby,56.38388178195571,13.999328613281252,Person,🟣,Arbetarpoet i USA,Ingemar Lönnbom,,1889,1975,published,published,[Litteraturkartan](https://litteraturbanken.se/litteraturkartan/?id=1443)
1588,1444,Krapperup,56.26199344793925,12.530336380004885,Person,🟣,Skånsk idyll porträtterad,Ingemar Lönnbom,Lundberg-NyblomE,1869,1933,published,published,[Litteraturkartan](https://litteraturbanken.se/litteraturkartan/?id=1444) · [Source](https://litteraturbanken.se/f%C3%B6rfattare/Lundberg-NyblomE/titlar/LyriskaSt%C3%A4mningar/sida/51/faksimil)
2107,1444,Krapperup,56.26199344793925,12.530336380004885,Plats,🟢,Krapperup hos Litteraturbanken,,,,,published,published,[Litteraturkartan](https://litteraturbanken.se/litteraturkartan/?id=1444)
1590,1445,Sjörrödsvägen 9,56.285838908834485,13.926662206649782,Person,🟣,Hästveda: en sommardröm,Maria Ehrenberg,GierowKR,1978,1978,published,published,[Litteraturkartan](https://litteraturbanken.se/litteraturkartan/?id=1445) · [Source](https://litteraturbanken.se/författare/GierowKR/titlar/InnanKlockanSlagitNoll/sida/18/etext)
1591,1446,Artur Lundkvists födelsehem,56.20961594239804,13.334569931030275,Person,🟣,Giganten från Hagstad,Ingemar Lönnbom,LundkvistA,1906,1991,published,published,[Litteraturkartan](https://litteraturbanken.se/litteraturkartan/?id=1446) · [Source](https://litteraturbanken.se/f%C3%B6rfattare/LundkvistA/titlar/Gl%C3%B6d/sida/50/etext)
1599,1448,Hästveda,56.287738,13.9343053,Verk,🔵,Bondepoeten från Hästveda,Ingemar Lönnbom,NilssonO,1820,1881,published,published,[Litteraturkartan](https://litteraturbanken.se/litteraturkartan/?id=1448) · [Source](https://litteraturbanken.se/f%C3%B6rfattare/NilssonO/titlar/N%C3%A5graLedigaStunder/sida/1/faksimil)
1601,1450,"Storgatan 24–26, Landskrona",55.86846080125798,12.828404903411867,Person,🟣,En av Selma Lagerlöfs adresser,Maria Ehrenberg,LagerlöfS,,,published,published,[Litteraturkartan](https://litteraturbanken.se/litteraturkartan/?id=1450)
1603,1452,Kungsgatan,55.869761076450466,12.827020883560182,Verk,🔵,Rönnebergs förtjusande sparbank,Maria Ehrenberg,LagerlöfS,,,published,published,[Litteraturkartan](https://litteraturbanken.se/litteraturkartan/?id=1452) · [Source](https://litteraturbanken.se/författare/LagerlöfS/titlar/FrånSkildaTider1/sida/363/etext)
1604,1453,Västra Vemmenhög,55.428636005163504,13.47052574157715,Verk,🔵,Den oduglige pilten från Vemmenhög,Maria Ehrenberg,LagerlöfS,1906,1907,published,published,[Litteraturkartan](https://litteraturbanken.se/litteraturkartan/?id=1453) · [Source](https://litteraturbanken.se/författare/LagerlöfS/titlar/NilsHolgersson1/sida/-4/etext)
1605,1454,Kiviks marknad,55.69448291075421,14.208776950836183,Verk,🔵,Den hemska framtiden på Kiviks marknad,Maria Ehrenberg,LagerlöfS,1906,1907,published,published,[Litteraturkartan](https://litteraturbanken.se/litteraturkartan/?id=1454) · [Source](https://litteraturbanken.se/författare/LagerlöfS/titlar/NilsHolgersson1/sida/20/etext)
1606,1455,Svaneholm,55.50066297738433,13.47803592681885,Verk,🔵,Överflygning över Svaneholm,Maria Ehrenberg,LagerlöfS,1907,1907,published,published,[Litteraturkartan](https://litteraturbanken.se/litteraturkartan/?id=1455) · [Source](https://litteraturbanken.se/författare/LagerlöfS/titlar/NilsHolgersson1/sida/25/etext)
2137,1455,Svaneholm,55.50066297738433,13.47803592681885,Plats,🟢,Så kännen mitt öde!,,AlmqvistCJL,1840,1840,published,published,[Litteraturkartan](https://litteraturbanken.se/litteraturkartan/?id=1455) · [Source](https://litteraturbanken.se/författare/AlmqvistCJL/titlar/SamladeVerk23/sida/281/etext)
2139,1455,Svaneholm,55.50066297738433,13.47803592681885,Verk,🔵,Lärobok i lantbruk,,MacleanR,1845,1845,published,published,[Litteraturkartan](https://litteraturbanken.se/litteraturkartan/?id=1455) · [Source](https://litteraturbanken.se/författare/MacleanR/titlar/LärobokILandtbruket/sida/vii/faksimil?om-boken)
1607,1456,Jordberga sockerbruk,55.41001485471557,13.399844169616701,,🔴,Vännerna på Jordberga sockerbruk,Maria Ehrenberg,LagerlöfS,1906,1907,published,published,[Litteraturkartan](https://litteraturbanken.se/litteraturkartan/?id=1456) · [Source](https://litteraturbanken.se/författare/LagerlöfS/titlar/NilsHolgersson1/sida/25/etext)
1611,1459,Vombsjön,55.682810782904085,13.587684631347658,Verk,🔵,Den elaka räven vid Vombsjön,Maria Ehrenberg,LagerlöfS,1907,1907,published,published,[Litteraturkartan](https://litteraturbanken.se/litteraturkartan/?id=1459) · [Source](https://litteraturbanken.se/författare/LagerlöfS/titlar/NilsHolgersson1/sida/38/etext)
1612,1460,Vittskövle slott,55.8547571071269,14.133653640747072,Verk,🔵,Den tillfångatagna gåsen på Vittskövle slott,Maria Ehrenberg,LagerlöfS,1906,1907,published,published,[Litteraturkartan](https://litteraturbanken.se/litteraturkartan/?id=1460) · [Source](https://litteraturbanken.se/författare/LagerlöfS/titlar/NilsHolgersson1/sida/56/etext)
1840,1460,Vittskövle slott,55.8547571071269,14.133653640747072,Linnés resa,🟡,Slottet,,LinnéCvon,1749,1749,published,published,[Litteraturkartan](https://litteraturbanken.se/litteraturkartan/?id=1460) · [Source](https://litteraturbanken.se/författare/LinnéCvon/titlar/LinnæiSkånskaResa/sida/105/faksimil)
1613,1461,Övedskloster,55.68637931610615,13.63583564758301,Verk,🔵,Den förtvivlade ekorren,Maria Ehrenberg,LagerlöfS,1906,1907,published,published,[Litteraturkartan](https://litteraturbanken.se/litteraturkartan/?id=1461) · [Source](https://litteraturbanken.se/författare/LagerlöfS/titlar/NilsHolgersson1/sida/62/etext)
2123,1461,Övedskloster,55.68637931610615,13.63583564758301,Plats,🟢,Övedskloster hos Litteraturbanken,,,,,published,published,[Litteraturkartan](https://litteraturbanken.se/litteraturkartan/?id=1461)
1614,1462,Glimmingehus,55.500918201205835,14.230921268463137,Verk,🔵,Råttornas kamp,Maria Ehrenberg,LagerlöfS,1906,1907,published,published,[Litteraturkartan](https://litteraturbanken.se/litteraturkartan/?id=1462) · [Source](https://litteraturbanken.se/författare/LagerlöfS/titlar/NilsHolgersson1/sida/67/etext)
2098,1462,Glimmingehus,55.500918201205835,14.230921268463137,Plats,🟢,Glimmingehus hos Litteraturbanken,,,,,published,published,[Litteraturkartan](https://litteraturbanken.se/litteraturkartan/?id=1462)
1615,1463,Kullaberg,56.29339510881245,12.500209808349611,Verk,🔵,Den stora trandansen på Kullaberg,Maria Ehrenberg,LagerlöfS,1906,1907,published,published,[Litteraturkartan](https://litteraturbanken.se/litteraturkartan/?id=1463) · [Source](https://litteraturbanken.se/författare/LagerlöfS/titlar/NilsHolgersson1/sida/81/etext)
1616,1464,Göinge,56.3509850700718,14.24102783203125,Verk,🔵,Det stora undret i göingeskogarna,Maria Ehrenberg,LagerlöfS,1908,1908,published,published,[Litteraturkartan](https://litteraturbanken.se/litteraturkartan/?id=1464) · [Source](https://litteraturbanken.se/författare/LagerlöfS/titlar/EnSagaOmEnSaga/sida/133/etext)
2159,1464,Göinge,56.3509850700718,14.24102783203125,Resa,🟠,Frieri i Göinge härad,,TidströmA,1756,1756,published,published,[Litteraturkartan](https://litteraturbanken.se/litteraturkartan/?id=1464) · [Source](https://litteraturbanken.se/författare/TidströmA/titlar/AndersTidströmsResa/sida/57/faksimil)
1600,1465,Elementarskola för flickor,55.86967680067401,12.826827764511108,Person,🟣,Här bodde Sveriges mest lästa författare,Maria Ehrenberg,LagerlöfS,,,published,published,[Litteraturkartan](https://litteraturbanken.se/litteraturkartan/?id=1465)
1617,1466,Södergatan 14,56.04225612804617,12.700924873352053,Person,🟣,En pionjär inom folklivsforskningen,Maria Ehrenberg,WigströmE,1832,1901,published,published,[Litteraturkartan](https://litteraturbanken.se/litteraturkartan/?id=1466)
1619,1467,Malmö fängelse,55.60489944029547,12.987492084503176,Verk,🔵,Malmö fängelse reformeras,Maria Ehrenberg,WigströmE,1872,1872,published,published,[Litteraturkartan](https://litteraturbanken.se/litteraturkartan/?id=1467) · [Source](https://litteraturbanken.se/författare/WigströmE/titlar/BrottOchStraff/sida/5/faksimil)
1621,1468,Allerum,55.60489944029547,12.987492084503176,Verk,🔵,Den snälla flickan vinner,Maria Ehrenberg,WigströmE,,,published,published,[Litteraturkartan](https://litteraturbanken.se/litteraturkartan/?id=1468)
1622,1469,Borstahusens fiskeläge,55.901471897140866,12.803900241851808,Verk,🔵,Gift med en otäck varelse,Maria Ehrenberg,WigströmE,,,published,published,[Litteraturkartan](https://litteraturbanken.se/litteraturkartan/?id=1469)
1623,1470,Brunnby,56.25935958781533,12.57365942001343,Verk,🔵,En katt är bra att ha,Maria Ehrenberg,WigströmE,1832,1901,published,published,[Litteraturkartan](https://litteraturbanken.se/litteraturkartan/?id=1470)
1624,1471,Fleninge,56.11005439587532,12.790188789367678,Verk,🔵,En grön bock till hjälp,Maria Ehrenberg,WigströmE,,,published,published,[Litteraturkartan](https://litteraturbanken.se/litteraturkartan/?id=1471)
1627,1472,Höganäs,56.19715501399397,12.560806274414064,Verk,🔵,Flera sätt att rädda en prinsessa,Maria Ehrenberg,WigströmE,,,published,published,[Litteraturkartan](https://litteraturbanken.se/litteraturkartan/?id=1472)
2084,1472,Höganäs,56.19715501399397,12.560806274414064,Plats,🟢,Höganäs hos Litteraturbanken,,,,,published,published,[Litteraturkartan](https://litteraturbanken.se/litteraturkartan/?id=1472)
1628,1473,Konga socken,55.97908097354871,13.19908618927002,Verk,🔵,Prinsessan vill ha svar på tal,Maria Ehrenberg,WigströmE,,,published,published,[Litteraturkartan](https://litteraturbanken.se/litteraturkartan/?id=1473)
1630,1474,Kropps socken,56.085255373534764,12.801733016967775,Verk,🔵,Tre nötter är bra att ha,Maria Ehrenberg,WigströmE,,,published,published,[Litteraturkartan](https://litteraturbanken.se/litteraturkartan/?id=1474)
1631,1475,Kvistofta socken,55.969427369458934,12.829091548919678,Verk,🔵,Stjäl inte andras förtrollade grytor!,Maria Ehrenberg,WigströmE,,,published,published,[Litteraturkartan](https://litteraturbanken.se/litteraturkartan/?id=1475)
1632,1476,Oderljunga socken,56.19577021646156,13.34495544433594,Verk,🔵,Man kan gifta sig med troll,Maria Ehrenberg,WigströmE,,,published,published,[Litteraturkartan](https://litteraturbanken.se/litteraturkartan/?id=1476)
1634,1477,Reslövs socken,55.85773186976186,13.183293342590334,Verk,🔵,Träkläder är inte att förakta,Maria Ehrenberg,WigströmE,,,published,published,[Litteraturkartan](https://litteraturbanken.se/litteraturkartan/?id=1477)
1635,1478,Stenestads socken,56.05411430896016,13.100767135620117,Verk,🔵,Önskan att få ett barn,Maria Ehrenberg,WigströmE,,,published,published,[Litteraturkartan](https://litteraturbanken.se/litteraturkartan/?id=1478)
1636,1479,Tofta socken,55.867581886887024,12.925543785095215,Verk,🔵,Den som arbetar väl blir belönad,Maria Ehrenberg,WigströmE,,,published,published,[Litteraturkartan](https://litteraturbanken.se/litteraturkartan/?id=1479)
1637,1480,Torups socken,56.14196320866542,13.501939773559572,Verk,🔵,Stanna vid din läst,Maria Ehrenberg,WigströmE,,,published,published,[Litteraturkartan](https://litteraturbanken.se/litteraturkartan/?id=1480)
1638,1481,Ven,55.90688481749484,12.704658508300783,Verk,🔵,Gömma maten i sängen,Maria Ehrenberg,,,,published,published,[Litteraturkartan](https://litteraturbanken.se/litteraturkartan/?id=1481)
1935,1481,Ven,55.90688481749484,12.704658508300783,Linnés resa,🟡,En ö på avstånd,,LinnéCvon,1749,1749,published,published,[Litteraturkartan](https://litteraturbanken.se/litteraturkartan/?id=1481) · [Source](https://litteraturbanken.se/författare/LinnéCvon/titlar/LinnæiSkånskaResa/sida/299/faksimil)
1639,1482,Välluvs socken,56.01930238450159,12.797269821166994,Verk,🔵,Hur man slipper spinna,Maria Ehrenberg,WigströmE,,,published,published,[Litteraturkartan](https://litteraturbanken.se/litteraturkartan/?id=1482)
1640,1483,Ystad,55.43368862877552,13.81462097167969,Verk,🔵,Att inte behöva spinna,Maria Ehrenberg,WigströmE,,,published,published,[Litteraturkartan](https://litteraturbanken.se/litteraturkartan/?id=1483)
1779,1483,Ystad,55.43368862877552,13.81462097167969,Person,🟣,Kalasens mångfald i Ystad,Ingemar Lönnbom,FlygareCarlénE,1800,1870,published,published,[Litteraturkartan](https://litteraturbanken.se/litteraturkartan/?id=1483) · [Source](https://litteraturbanken.se/f%C3%B6rfattare/FlygareCarl%C3%A9nE/titlar/MinnenSenareDelen/sida/67/etext)
1923,1483,Ystad,55.43368862877552,13.81462097167969,Linnés resa,🟡,Om staden,,LinnéCvon,1749,1749,published,published,[Litteraturkartan](https://litteraturbanken.se/litteraturkartan/?id=1483) · [Source](https://litteraturbanken.se/författare/LinnéCvon/titlar/LinnæiSkånskaResa/sida/259/faksimil)
2020,1483,Ystad,55.43368862877552,13.81462097167969,Verk,🔵,Elak skildring av småstaden,Ingemar Lönnbom,SvensonA,1852,1928,published,published,[Litteraturkartan](https://litteraturbanken.se/litteraturkartan/?id=1483) · [Source](https://litteraturbanken.se/f%C3%B6rfattare/SvensonA/titlar/Storgubbar/sida/65/faksimil)
2071,1483,Ystad,55.43368862877552,13.81462097167969,Plats,🟢,Ystad hos Litteraturbanken,,,,,published,published,[Litteraturkartan](https://litteraturbanken.se/litteraturkartan/?id=1483)
1641,1484,Ängelholm,56.25078934965339,12.856578826904297,Verk,🔵,"Paddor, gyllene träd, rosor och pannkakshus",Maria Ehrenberg,WigströmE,,,published,published,[Litteraturkartan](https://litteraturbanken.se/litteraturkartan/?id=1484)
1949,1484,Ängelholm,56.25078934965339,12.856578826904297,Linnés resa,🟡,Linné om Ängelholm,,LinnéCvon,1749,1749,published,published,[Litteraturkartan](https://litteraturbanken.se/litteraturkartan/?id=1484) · [Source](https://litteraturbanken.se/författare/LinnéCvon/titlar/LinnæiSkånskaResa/sida/334/faksimil)
2078,1484,Ängelholm,56.25078934965339,12.856578826904297,Plats,🟢,Engelholm hos Litteraturbanken,,,,,published,published,[Litteraturkartan](https://litteraturbanken.se/litteraturkartan/?id=1484)
2079,1484,Ängelholm,56.25078934965339,12.856578826904297,Plats,🟢,Ängelholm hos Litteraturbanken,,,,,published,published,[Litteraturkartan](https://litteraturbanken.se/litteraturkartan/?id=1484)
1620,1485,Råga Hörstad,55.88410937033473,12.911231517791748,Person,🟣,Eva föds på julafton,Maria Ehrenberg,WigströmE,1832,1901,published,published,[Litteraturkartan](https://litteraturbanken.se/litteraturkartan/?id=1485) · [Source](https://litteraturbanken.se/författare/WigströmE/titlar/FörSjuttioÅrSedan/sida/5/faksimil)
1673,1485,Råga Hörstad,55.88410937033473,12.911231517791748,Verk,🔵,Sista bjudningen innan bröllopet,Maria Ehrenberg,WigströmE,1900,1900,published,published,[Litteraturkartan](https://litteraturbanken.se/litteraturkartan/?id=1485) · [Source](https://litteraturbanken.se/författare/WigströmE/titlar/FörSjuttioÅrSedan/sida/37/faksimil)
1642,1486,Bunketofta minnessten,56.016987669168856,12.863917350769045,Plats,🟢,Bondeslakten vid Bunketofta,Ingemar Lönnbom,HofstenJC,1832,1913,published,published,[Litteraturkartan](https://litteraturbanken.se/litteraturkartan/?id=1486) · [Source](https://litteraturbanken.se/f%C3%B6rfattare/HofstenJC/titlar/DanmarksHistoria1/sida/26/faksimil)
1644,1487,Broby,56.2549337,14.0777187,Person,🟣,En Johnsson med många namn,Ingemar Lönnbom,JohnssonH,1886,1936,published,published,[Litteraturkartan](https://litteraturbanken.se/litteraturkartan/?id=1487) · [Source](https://litteraturbanken.se/f%C3%B6rfattare/JohnssonH/titlar/DetSvartaStrecket/sida/i/faksimil)
1782,1487,Broby,56.2549337,14.0777187,Verk,🔵,Slättboarna och bålgetingarna,Ingemar Lönnbom,,1852,1907,published,published,[Litteraturkartan](https://litteraturbanken.se/litteraturkartan/?id=1487) · [Source](https://litteraturbanken.se/f%C3%B6rfattare/Ols%C3%A9niN/titlar/Fr%C3%A5nS%C3%B6draSverge/sida/58/faksimil)
1645,1488,Vittsjö skola,56.34266131621199,13.66027593612671,Person,🟣,Skolmästare Christen kämpade för bildningen,Ingemar Lönnbom,AnderssonC,1826,1894,published,published,[Litteraturkartan](https://litteraturbanken.se/litteraturkartan/?id=1488) · [Source](https://litteraturbanken.se/f%C3%B6rfattare/AnderssonC/titlar/R%C3%B6sterUrFolkskolan/sida/1/faksimil)
1646,1489,Röke,56.2359471,13.5226547,Plats,🟢,Kungen ogillade Rökeborna,Ingemar Lönnbom,GranathW,1855,1907,published,published,[Litteraturkartan](https://litteraturbanken.se/litteraturkartan/?id=1489) · [Source](https://litteraturbanken.se/f%C3%B6rfattare/GranathW/titlar/Sp%C3%A5qvinnansDotter/sida/563/faksimil)
1647,1490,Sätofta,55.90945869680569,13.553867340087892,Person,🟣,Ringsjölandets skald,Ingemar Lönnbom,KléenE,1868,1898,published,published,[Litteraturkartan](https://litteraturbanken.se/litteraturkartan/?id=1490) · [Source](https://litteraturbanken.se/f%C3%B6rfattare/Kl%C3%A9enE/titlar/ValdaDikter1907/sida/v/faksimil)
1648,1491,Svensköps kyrka,55.87407093660414,13.863244056701662,Verk,🔵,Mysteriet folkpoeten Helge Pratare,Ingemar Lönnbom,WillassonH,1809,1876,published,published,[Litteraturkartan](https://litteraturbanken.se/litteraturkartan/?id=1491) · [Source](https://litteraturbanken.se/f%C3%B6rfattare/WillassonH/titlar/HelgePratare/sida/4/faksimil)
1649,1492,Statarmuseet,55.5715454,13.2065129,Person,🟣,Avslöjade statarnas usla bostäder,Ingemar Lönnbom,NordströmL,1882,1942,published,published,[Litteraturkartan](https://litteraturbanken.se/litteraturkartan/?id=1492) · [Source](https://litteraturbanken.se/f%C3%B6rfattare/Nordstr%C3%B6mL/titlar/LortSverige/sida/108/etext)
1728,1492,Statarmuseet,55.5715454,13.2065129,Verk,🔵,”Uppvigglande” protestbok,Ingemar Lönnbom,Anonym,1889,1889,published,published,[Litteraturkartan](https://litteraturbanken.se/litteraturkartan/?id=1492) · [Source](https://litteraturbanken.se/f%C3%B6rfattare/Anonym/titlar/ITr%C3%A4ldomensBojor/sida/1/faksimil)
1650,1493,Revingehed,55.7245204,13.4553634,Verk,🔵,Hurtfrisk soldatvisa,Ingemar Lönnbom,BondesonA,1854,1906,published,published,[Litteraturkartan](https://litteraturbanken.se/litteraturkartan/?id=1493) · [Source](https://litteraturbanken.se/f%C3%B6rfattare/BondesonA/titlar/AugustBondesonsVisbokI/sida/55/faksimil)
1651,1493,Revingehed,55.7245204,13.4553634,Person,🟣,Kungens tal i Revinge,Ingemar Lönnbom,OskarII,1829,1907,published,published,[Litteraturkartan](https://litteraturbanken.se/litteraturkartan/?id=1493) · [Source](https://litteraturbanken.se/f%C3%B6rfattare/OskarII/titlar/Tal1895/sida/273/faksimil)
1652,1494,Duveke säteri,55.9734212,13.0593316,Person,🟣,Hon var sin tids Nordenflycht,Ingemar Lönnbom,CederströmCC,1760,1838,published,published,[Litteraturkartan](https://litteraturbanken.se/litteraturkartan/?id=1494) · [Source](https://litteraturbanken.se/f%C3%B6rfattare/Sch%C3%B6ldstr%C3%B6mB/titlar/ITittsk%C3%A5pet/sida/132/faksimil)
1654,1495,Lilla Mattarp,56.33607237187882,13.302898406982424,Person,🟣,Avkragad präst blev Stockholmsoriginal,Ingemar Lönnbom,,1827,1905,published,published,[Litteraturkartan](https://litteraturbanken.se/litteraturkartan/?id=1495) · [Source](https://litteraturbanken.se/f%C3%B6rfattare/BengtssonJ/titlar/Evangelina/sida/3/faksimil)
1655,1496,Tegnermuseet,55.70421105278355,13.191146850585938,Plats,🟢,Hemma hos Tegnérs,Ingemar Lönnbom,SilfverstolpeM,1782,1861,published,published,[Litteraturkartan](https://litteraturbanken.se/litteraturkartan/?id=1496) · [Source](https://litteraturbanken.se/f%C3%B6rfattare/SilfverstolpeM/titlar/MallaSilfverstolpe3/sida/145/etext)
1702,1496,Tegnermuseet,55.70421105278355,13.191146850585938,Verk,🔵,Tegnérs framgångssaga,Ingemar Lönnbom,TegnérE,1782,1846,published,published,[Litteraturkartan](https://litteraturbanken.se/litteraturkartan/?id=1496) · [Source](https://litteraturbanken.se/f%C3%B6rfattare/Tegn%C3%A9rE/titlar/FrithiofsSaga/sida/1/etext)
1703,1496,Tegnermuseet,55.70421105278355,13.191146850585938,Verk,🔵,Tegnérs eviga dikt,Ingemar Lönnbom,TegnérE,1782,1846,published,published,[Litteraturkartan](https://litteraturbanken.se/litteraturkartan/?id=1496) · [Source](https://litteraturbanken.se/f%C3%B6rfattare/Tegn%C3%A9rE/titlar/SamladeSkrifter2/sida/144/faksimil)
1656,1497,Borgeby,55.75145585,13.036851795321514,Plats,🟢,Ellen Key möter Rilke,Ingemar Lönnbom,NorlindE,1877,1952,published,published,[Litteraturkartan](https://litteraturbanken.se/litteraturkartan/?id=1497) · [Source](https://litteraturbanken.se/f%C3%B6rfattare/NorlindE/titlar/Borgebyminnen/sida/217/faksimil)
1658,1497,Borgeby,55.75145585,13.036851795321514,Person,🟣,Proletären och slottsherren,Ingemar Lönnbom,NorlindE,1895,1939,published,published,[Litteraturkartan](https://litteraturbanken.se/litteraturkartan/?id=1497) · [Source](https://litteraturbanken.se/f%C3%B6rfattare/NorlindE/titlar/Borgebyminnen/sida/324/faksimil)
2104,1497,Borgeby,55.75145585,13.036851795321514,Plats,🟢,Borgeby hos Litteraturbanken,,,,,published,published,[Litteraturkartan](https://litteraturbanken.se/litteraturkartan/?id=1497)
1657,1498,Vellinge,55.469418950000005,13.01901685,Plats,🟢,Fattig familj med begåvade barn,Ingemar Lönnbom,NorlindA,1883,1929,published,published,[Litteraturkartan](https://litteraturbanken.se/litteraturkartan/?id=1498) · [Source](https://litteraturbanken.se/f%C3%B6rfattare/NorlindA/titlar/DetOsynligaBygget/sida/243/faksimil)
2089,1498,Vellinge,55.469418950000005,13.01901685,Plats,🟢,Vellinge hos Litteraturbanken,,,,,published,published,[Litteraturkartan](https://litteraturbanken.se/litteraturkartan/?id=1498)
1674,1499,Västra Tommarp,55.39858693909065,13.107826709747316,Person,🟣,Arkeologen och folklivsforskaren,Maria Ehrenberg,,1876,1876,published,published,[Litteraturkartan](https://litteraturbanken.se/litteraturkartan/?id=1499)
1680,1499,Västra Tommarp,55.39858693909065,13.107826709747316,Verk,🔵,Som den skånska allmogen åt!,Maria Ehrenberg,,1876,1876,published,published,[Litteraturkartan](https://litteraturbanken.se/litteraturkartan/?id=1499)
2152,1499,Västra Tommarp,55.39858693909065,13.107826709747316,Resa,🟠,Dunkelröd sol,,TidströmA,1756,1756,published,published,[Litteraturkartan](https://litteraturbanken.se/litteraturkartan/?id=1499) · [Source](https://litteraturbanken.se/författare/TidströmA/titlar/AndersTidströmsResa/sida/42/faksimil)
1683,1500,Östra Tommarp,55.5379173,14.2343699,Plats,🟢,Minnet av en försvunnen stad,Ingemar Lönnbom,LindC,1861,1927,published,published,[Litteraturkartan](https://litteraturbanken.se/litteraturkartan/?id=1500) · [Source](https://litteraturbanken.se/f%C3%B6rfattare/LindC/titlar/RiddarGerdasMorgong%C3%A5fva/sida/287/faksimil)
2114,1500,Östra Tommarp,55.5379173,14.2343699,Plats,🟢,Tommarp hos Litteraturbanken,,,,,published,published,[Litteraturkartan](https://litteraturbanken.se/litteraturkartan/?id=1500)
1684,1501,Gamla Ängelholm,56.2429224,12.8619375,Verk,🔵,Erik XIV lät bränna staden,Ingemar Lönnbom,DahlgrenFA,1816,1895,published,published,[Litteraturkartan](https://litteraturbanken.se/litteraturkartan/?id=1501) · [Source](https://litteraturbanken.se/f%C3%B6rfattare/DahlgrenFA/titlar/KonungErikXIVKr%C3%B6nika/sida/30/faksimil)
1685,1502,Pyttebron,56.249848,12.8650997,Person,🟣,Hans hönor namngav Pyttebron,Ingemar Lönnbom,HallW,1868,1944,published,published,[Litteraturkartan](https://litteraturbanken.se/litteraturkartan/?id=1502) · [Source](https://litteraturbanken.se/f%C3%B6rfattare/HallW/titlar/FrisktHum%C3%B6r/sida/24/faksimil)
1686,1503,Haväng,55.72399239990216,14.18712615966797,Verk,🔵,Att döda ett barn,Ingemar Lönnbom,DagermanS,1923,1954,published,published,[Litteraturkartan](https://litteraturbanken.se/litteraturkartan/?id=1503) · [Source](https://litteraturbanken.se/f%C3%B6rfattare/DagermanS/titlar/DeR%C3%B6daVagnarna/sida/25/etext)
1687,1504,Tjörnarp,55.9999833,13.6350456,Person,🟣,Stjärnan från Tjörnarp slocknade,Ingemar Lönnbom,,1891,1923,published,published,[Litteraturkartan](https://litteraturbanken.se/litteraturkartan/?id=1504)
1688,1505,Näsum,56.1726158,14.4988321,Verk,🔵,Klockaren skrev om brännerikontrollören,Ingemar Lönnbom,KronaO,1829,1913,published,published,[Litteraturkartan](https://litteraturbanken.se/litteraturkartan/?id=1505) · [Source](https://litteraturbanken.se/f%C3%B6rfattare/KronaO/titlar/Br%C3%A4nneri-kontroll%C3%B6ren/sida/5/faksimil)
1689,1506,Falkahus,56.0060451,14.3487661,Verk,🔵,Lagårdsmadonnan i Falkahus,Ingemar Lönnbom,Lo-JohanssonI,1901,1990,published,published,[Litteraturkartan](https://litteraturbanken.se/litteraturkartan/?id=1506) · [Source](https://litteraturbanken.se/f%C3%B6rfattare/Lo-JohanssonI/titlar/StatarnaI/sida/225/etext)
1690,1507,Donationskyrkogården,56.042543787494196,12.703832387924196,Verk,🔵,Arvet efter Sjöberg,Ingemar Lönnbom,SjöbergB,1885,1929,published,published,[Litteraturkartan](https://litteraturbanken.se/litteraturkartan/?id=1507) · [Source](https://litteraturbanken.se/f%C3%B6rfattare/Sj%C3%B6bergB/titlar/MinnenFr%C3%A5nJorden/sida/3/etext)
1691,1508,Öresundsparken,56.0522121,12.693830565644973,Person,🟣,Fridas bok äcklar mig!,Ingemar Lönnbom,PetersonA,1885,1944,published,published,[Litteraturkartan](https://litteraturbanken.se/litteraturkartan/?id=1508) · [Source](https://litteraturbanken.se/f%C3%B6rfattare/PetersonA/titlar/Sj%C3%B6bergDenOk%C3%A4nde/sida/308/faksimil)
1693,1509,Hällestad,55.6789765,13.4184657,Plats,🟢,Begravning i Hällestad betydde fest,Ingemar Lönnbom,LloydL,1792,1876,published,published,[Litteraturkartan](https://litteraturbanken.se/litteraturkartan/?id=1509) · [Source](https://litteraturbanken.se/f%C3%B6rfattare/LloydL/titlar/SvenskaAllmogensPl%C3%A4gseder/sida/69/faksimil)
1694,1510,Dalby,55.66306304713549,13.348388671875002,Plats,🟢,Här dracks människoblod,Ingemar Lönnbom,LloydL,1792,1876,published,published,[Litteraturkartan](https://litteraturbanken.se/litteraturkartan/?id=1510) · [Source](https://litteraturbanken.se/f%C3%B6rfattare/LloydL/titlar/SvenskaAllmogensPl%C3%A4gseder/sida/87/faksimil)
1786,1510,Dalby,55.66306304713549,13.348388671875002,Verk,🔵,Knäckebröd är för herrskap,Ingemar Lönnbom,KeylandN,1867,1924,published,published,[Litteraturkartan](https://litteraturbanken.se/litteraturkartan/?id=1510) · [Source](https://litteraturbanken.se/f%C3%B6rfattare/KeylandN/titlar/SvenskAllmogekost1/sida/20/faksimil)
1695,1511,Oxie,55.5461572,13.0967868,Verk,🔵,Här offrades spädbarn,Ingemar Lönnbom,LloydL,1792,1876,published,published,[Litteraturkartan](https://litteraturbanken.se/litteraturkartan/?id=1511) · [Source](https://litteraturbanken.se/f%C3%B6rfattare/LloydL/titlar/SvenskaAllmogensPl%C3%A4gseder/sida/124/faksimil)
2085,1511,Oxie,55.5461572,13.0967868,Plats,🟢,Oxie hos Litteraturbanken,,,,,published,published,[Litteraturkartan](https://litteraturbanken.se/litteraturkartan/?id=1511)
1696,1512,Klörup,55.4559616,13.1784326,Verk,🔵,Botemedel för elakt skvaller,Ingemar Lönnbom,LloydL,1792,1876,published,published,[Litteraturkartan](https://litteraturbanken.se/litteraturkartan/?id=1512) · [Source](https://litteraturbanken.se/f%C3%B6rfattare/LloydL/titlar/SvenskaAllmogensPl%C3%A4gseder/sida/175/faksimil)
1697,1513,Mårtenstorget,55.70178515,13.196157539806336,Plats,🟢,Bullrigaste dagen i Lund,Ingemar Lönnbom,LloydL,1792,1876,published,published,[Litteraturkartan](https://litteraturbanken.se/litteraturkartan/?id=1513) · [Source](https://litteraturbanken.se/f%C3%B6rfattare/LloydL/titlar/SvenskaAllmogensPl%C3%A4gseder/sida/176/faksimil)
1988,1513,Mårtenstorget,55.70178515,13.196157539806336,Person,🟣,Bellmansforskaren vid Mårtenstorget,Ingemar Lönnbom,LjunggrenG,1823,1905,published,published,[Litteraturkartan](https://litteraturbanken.se/litteraturkartan/?id=1513) · [Source](https://litteraturbanken.se/f%C3%B6rfattare/LjunggrenG/titlar/SvenskaVitterhetens1/sida/-5/faksimil)
1989,1513,Mårtenstorget,55.70178515,13.196157539806336,Verk,🔵,Satir över tyskar och Aftonbladet,Ingemar Lönnbom,LjunggrenG,1823,1905,published,published,[Litteraturkartan](https://litteraturbanken.se/litteraturkartan/?id=1513) · [Source](https://litteraturbanken.se/f%C3%B6rfattare/LjunggrenG/titlar/Kardborrar/sida/1/faksimil)
1698,1514,Kvistofta,55.96913916514232,12.829284667968752,Person,🟣,Kvistoftasonen gillade sagor och sägner,Ingemar Lönnbom,,1848,1919,published,published,[Litteraturkartan](https://litteraturbanken.se/litteraturkartan/?id=1514)
1699,1515,Kverrestad,55.52727026787397,14.04183626174927,Person,🟣,Teologen från Kverrestad,Ingemar Lönnbom,,1600,1670,published,published,[Litteraturkartan](https://litteraturbanken.se/litteraturkartan/?id=1515)
1700,1516,Långåkra,55.43977526827173,13.233032226562502,Verk,🔵,Lär dig trolla med svartkonstboken,Ingemar Lönnbom,ChristofferssonO,1869,1944,published,published,[Litteraturkartan](https://litteraturbanken.se/litteraturkartan/?id=1516) · [Source](https://litteraturbanken.se/f%C3%B6rfattare/ChristofferssonO/titlar/SvartkonstbokSkytte/sida/i/faksimil)
1701,1517,Esaias Tegner-statyn,55.7046474436961,13.195304134096663,Plats,🟢,Tegnér: inte så full som man tror,Ingemar Lönnbom,BöökF,1782,1853,published,published,[Litteraturkartan](https://litteraturbanken.se/litteraturkartan/?id=1517) · [Source](https://litteraturbanken.se/f%C3%B6rfattare/B%C3%B6%C3%B6kF/titlar/EsaiasTegn%C3%A9r2/sida/235/faksimil)
1766,1517,Esaias Tegner-statyn,55.7046474436961,13.195304134096663,Verk,🔵,Tegnérs vän var med vid avtäckningen,Ingemar Lönnbom,BeskowBvon,1796,1868,published,published,[Litteraturkartan](https://litteraturbanken.se/litteraturkartan/?id=1517) · [Source](https://litteraturbanken.se/f%C3%B6rfattare/BeskowBvon/titlar/EttBes%C3%B6kILund1899/sida/103/etext)
1993,1517,Esaias Tegner-statyn,55.7046474436961,13.195304134096663,Verk,🔵,Isberg hyllade Tegnér,Ingemar Lönnbom,IsbergAR,1850,1929,published,published,[Litteraturkartan](https://litteraturbanken.se/litteraturkartan/?id=1517) · [Source](https://litteraturbanken.se/f%C3%B6rfattare/IsbergAR/titlar/VidMinnesfesten/sida/1/faksimil)
1704,1518,Skurup,55.472043115245285,13.510093688964846,Person,🟣,Den pretentiöse från Skurup,Ingemar Lönnbom,AngeliniJE,1779,1807,published,published,[Litteraturkartan](https://litteraturbanken.se/litteraturkartan/?id=1518) · [Source](https://litteraturbanken.se/f%C3%B6rfattare/AngeliniJE/titlar/UngdomsArbeten/sida/5/faksimil)
1732,1518,Skurup,55.472043115245285,13.510093688964846,Person,🟣,Här kunde de inte bo,Ingemar Lönnbom,HanssonO,1860,1925,published,published,[Litteraturkartan](https://litteraturbanken.se/litteraturkartan/?id=1518) · [Source](https://litteraturbanken.se/f%C3%B6rfattare/HanssonO/titlar/K%C3%A4rlekensTr%C3%A5ngm%C3%A5l/sida/III/etext)
2088,1518,Skurup,55.472043115245285,13.510093688964846,Plats,🟢,Skurup hos Litteraturbanken,,,,,published,published,[Litteraturkartan](https://litteraturbanken.se/litteraturkartan/?id=1518)
1705,1519,Östra Torp,55.34624803951617,13.356971740722658,Person,🟣,Vi föds som original,Ingemar Lönnbom,YoungE,1757,1797,published,published,[Litteraturkartan](https://litteraturbanken.se/litteraturkartan/?id=1519) · [Source](https://litteraturbanken.se/f%C3%B6rfattare/YoungE/titlar/DetM%C3%A4nskeliga/sida/I/faksimil)
1706,1520,Mjönäs,56.23839546641789,14.315099716186523,Plats,🟢,Ljust minne för Harry,Ingemar Lönnbom,MartinsonH,1904,1978,published,published,[Litteraturkartan](https://litteraturbanken.se/litteraturkartan/?id=1520) · [Source](https://litteraturbanken.se/f%C3%B6rfattare/MartinsonH/titlar/UrJultidningar/sida/XI/faksimil)
1707,1521,Örsnäs,56.24630679195859,14.34368133544922,Plats,🟢,Idas torn i Örsnäs,Ingemar Lönnbom,ErfurthS,1904,1980,published,published,[Litteraturkartan](https://litteraturbanken.se/litteraturkartan/?id=1521) · [Source](https://litteraturbanken.se/f%C3%B6rfattare/ErfurthS/titlar/HarryMartinson1/sida/163/faksimil)
1708,1522,Immeln,56.2045317996668,14.247207641601564,Person,🟣,Hans sånger sjungs ännu,Ingemar Lönnbom,,1878,1956,published,published,[Litteraturkartan](https://litteraturbanken.se/litteraturkartan/?id=1522)
1709,1523,Kaffatorp,56.1942337,14.2938576,Plats,🟢,"Harry Martinson, agent",Ingemar Lönnbom,ErfurthS,1904,1980,published,published,[Litteraturkartan](https://litteraturbanken.se/litteraturkartan/?id=1523) · [Source](https://litteraturbanken.se/f%C3%B6rfattare/ErfurthS/titlar/HarryMartinson1/sida/158/faksimil)
1710,1524,Bollerup,55.49130362820423,14.046020507812502,Plats,🟢,Ett överdådigt bröllop år 1500,Ingemar Lönnbom,HofbergH,1823,1883,published,published,[Litteraturkartan](https://litteraturbanken.se/litteraturkartan/?id=1524) · [Source](https://litteraturbanken.se/f%C3%B6rfattare/HofbergH/titlar/GenomSverigesBygder/sida/316/faksimil)
1711,1525,Blentarp,55.5817785,13.60715579202395,Verk,🔵,Lille-Mats fick inte ligga i fred,Ingemar Lönnbom,EkerotHj,1850,1907,published,published,[Litteraturkartan](https://litteraturbanken.se/litteraturkartan/?id=1525) · [Source](https://litteraturbanken.se/f%C3%B6rfattare/EkerotHj/titlar/SvenskaBorgs%C3%A4gner/sida/5/faksimil)
1712,1526,Hårsjö,56.31343056087991,13.58837127685547,Verk,🔵,Sjunga maj i by,Ingemar Lönnbom,PfeifferS,1829,1913,published,published,[Litteraturkartan](https://litteraturbanken.se/litteraturkartan/?id=1526) · [Source](https://litteraturbanken.se/f%C3%B6rfattare/PfeifferS/titlar/Byhistorier/sida/22/faksimil)
1713,1527,Löberöds slott,55.7728037,13.482467546727332,Plats,🟢,Ett praktfullt bibliotek,Ingemar Lönnbom,HofbergH,1822,1882,published,published,[Litteraturkartan](https://litteraturbanken.se/litteraturkartan/?id=1527) · [Source](https://litteraturbanken.se/f%C3%B6rfattare/HofbergH/titlar/GenomSverigesBygder/sida/343/faksimil)
1715,1528,Trollenäs,55.86596435,13.244333214939196,Plats,🟢,Hon blev tagen av trollen,Ingemar Lönnbom,,1753,1899,published,published,[Litteraturkartan](https://litteraturbanken.se/litteraturkartan/?id=1528) · [Source](https://litteraturbanken.se/f%C3%B6rfattare/BergPG/titlar/AnteckningarOmSvenskaQvinnor/sida/319/faksimil)
1717,1529,Rössjöholm,56.31349006825793,13.095059394836428,Verk,🔵,Furorna tjöt när Frans föddes,Ingemar Lönnbom,BengtssonFG,1894,1954,published,published,[Litteraturkartan](https://litteraturbanken.se/litteraturkartan/?id=1529) · [Source](https://litteraturbanken.se/f%C3%B6rfattare/BengtssonFG/titlar/DenLustg%C3%A5rdSomJagMinns/sida/7/faksimil)
1719,1530,Ringsjön,55.8637386,13.553613357583941,Verk,🔵,Skånes vackraste insjö,Ingemar Lönnbom,Sturzen-BeckerOP,1811,1869,published,published,[Litteraturkartan](https://litteraturbanken.se/litteraturkartan/?id=1530) · [Source](https://litteraturbanken.se/f%C3%B6rfattare/Sturzen-BeckerOP/titlar/ValdaSkrifter2/sida/499/faksimil)
2050,1530,Ringsjön,55.8637386,13.553613357583941,Person,🟣,En flirtation,,HanssonO,1860,1925,published,published,[Litteraturkartan](https://litteraturbanken.se/litteraturkartan/?id=1530)
2051,1530,Ringsjön,55.8637386,13.553613357583941,Plats,🟢,Min käre Paul,,HanssonO,1908,1908,published,published,[Litteraturkartan](https://litteraturbanken.se/litteraturkartan/?id=1530) · [Source](https://litteraturbanken.se/författare/HanssonO/titlar/PåHemmetsAltare/sida/57/etext)
2056,1530,Ringsjön,55.8637386,13.553613357583941,Plats,🟢,Ringsjön hos Litteraturbanken,,,,,published,published,[Litteraturkartan](https://litteraturbanken.se/litteraturkartan/?id=1530)
1721,1531,Karl XII-huset,55.6995494,13.1909974,Verk,🔵,Lund blev Sveriges huvudstad,Ingemar Lönnbom,BengtssonFG,1894,1954,published,published,[Litteraturkartan](https://litteraturbanken.se/litteraturkartan/?id=1531) · [Source](https://litteraturbanken.se/f%C3%B6rfattare/BengtssonFG/titlar/KarlXIIsLevnad2/sida/424/faksimil)
1722,1532,Lindstedts boklåda,55.7041144,13.190980891246992,Person,🟣,Eric Linklaters själsfrände,Ingemar Lönnbom,BengtssonFG,1894,1973,published,published,[Litteraturkartan](https://litteraturbanken.se/litteraturkartan/?id=1532)
1724,1533,Maria kyrka,56.046359800000005,12.696490625757757,Verk,🔵,Inspirerad av Gullivers resor,Ingemar Lönnbom,BergeströmH,1735,1784,published,published,[Litteraturkartan](https://litteraturbanken.se/litteraturkartan/?id=1533) · [Source](https://litteraturbanken.se/f%C3%B6rfattare/Bergestr%C3%B6mH/titlar/IndianiskeBref/sida/8/faksimil)
2166,1533,Maria kyrka,56.046359800000005,12.696490625757757,Person,🟣,Organisten,Dick Claésson,SjöbergB,,,published,published,[Litteraturkartan](https://litteraturbanken.se/litteraturkartan/?id=1533)
1725,1534,Helsingborgs hamn,55.9902677,12.7403004,Person,🟣,Porträtt av dryg skåning,Ingemar Lönnbom,NordensvanG,1855,1932,published,published,[Litteraturkartan](https://litteraturbanken.se/litteraturkartan/?id=1534) · [Source](https://litteraturbanken.se/f%C3%B6rfattare/NordensvanG/titlar/HvadFiggeBlef/sida/18/faksimil)
1727,1535,Bunkeflo,55.55765831235004,12.96365261077881,Person,🟣,Hon skrev läsebok om Skåne,Ingemar Lönnbom,,1878,1977,published,published,[Litteraturkartan](https://litteraturbanken.se/litteraturkartan/?id=1535)
1729,1536,Hönsinge,55.4298762,13.3759774,Verk,🔵,Ola Hanssons födelseby,Ingemar Lönnbom,HanssonO,1860,1925,published,published,[Litteraturkartan](https://litteraturbanken.se/litteraturkartan/?id=1536) · [Source](https://litteraturbanken.se/f%C3%B6rfattare/HanssonO/titlar/Rustgarden/sida/3/etext)
1764,1536,Hönsinge,55.4298762,13.3759774,Person,🟣,Ola Hanssons programförklaring,Ingemar Lönnbom,WarburgK,1860,1925,published,published,[Litteraturkartan](https://litteraturbanken.se/litteraturkartan/?id=1536) · [Source](https://litteraturbanken.se/f%C3%B6rfattare/WarburgK/titlar/N%C3%A4rViB%C3%B6rjade/sida/197/faksimil)
1731,1537,Aggarp,55.496226680044416,13.233053684234621,Verk,🔵,Den boken var känslig,Ingemar Lönnbom,HanssonO,1860,1925,published,published,[Litteraturkartan](https://litteraturbanken.se/litteraturkartan/?id=1537) · [Source](https://litteraturbanken.se/f%C3%B6rfattare/HanssonO/titlar/SensitivaAmorosa/sida/1/etext)
1733,1538,Bjersgård,56.15471095723477,13.132481575012207,Person,🟣,En bråkig huspredikant,Ingemar Lönnbom,,1784,1789,published,published,[Litteraturkartan](https://litteraturbanken.se/litteraturkartan/?id=1538)
1734,1539,Malmö,55.6052931,13.0001566,Person,🟣,Nationalekonom och poet,Ingemar Lönnbom,OfvandahlE,1710,1949,published,published,[Litteraturkartan](https://litteraturbanken.se/litteraturkartan/?id=1539) · [Source](https://litteraturbanken.se/f%C3%B6rfattare/OfvandahlE/titlar/BevisAttHaqvinBager/sida/3/faksimil)
1770,1539,Malmö,55.6052931,13.0001566,Person,🟣,Skåneskildrare som tystnade,Ingemar Lönnbom,,1890,1977,published,published,[Litteraturkartan](https://litteraturbanken.se/litteraturkartan/?id=1539)
1778,1539,Malmö,55.6052931,13.0001566,Person,🟣,Flygare-Carléns förläggare från Malmö,Ingemar Lönnbom,ThomsonNH,1793,1874,published,published,[Litteraturkartan](https://litteraturbanken.se/litteraturkartan/?id=1539) · [Source](https://litteraturbanken.se/f%C3%B6rfattare/ThomsonNH/titlar/Sj%C3%B6manshustrun/sida/5/faksimil)
1986,1539,Malmö,55.6052931,13.0001566,Person,🟣,Komediförfattaren från Malmö,Ingemar Lönnbom,ModéeRG,1700,1750,published,published,[Litteraturkartan](https://litteraturbanken.se/litteraturkartan/?id=1539) · [Source](https://litteraturbanken.se/f%C3%B6rfattare/Mod%C3%A9eRG/titlar/FruRangsiuk/sida/1/faksimil)
1987,1539,Malmö,55.6052931,13.0001566,Verk,🔵,Självbiografi förklädd till roman,Ingemar Lönnbom,MeijerB,1848,1925,published,published,[Litteraturkartan](https://litteraturbanken.se/litteraturkartan/?id=1539) · [Source](https://litteraturbanken.se/f%C3%B6rfattare/MeijerB/titlar/Excelsior/sida/6/faksimil)
1997,1539,Malmö,55.6052931,13.0001566,Verk,🔵,Spritt von Tokenström,Ingemar Lönnbom,GullbergG,1859,1911,published,published,[Litteraturkartan](https://litteraturbanken.se/litteraturkartan/?id=1539) · [Source](https://litteraturbanken.se/f%C3%B6rfattare/GullbergG/titlar/UrSprittVonTokenstr%C3%B6ms/sida/6/faksimil)
2007,1539,Malmö,55.6052931,13.0001566,Person,🟣,Danska litteraturens fader,Ingemar Lönnbom,,1480,1554,published,published,[Litteraturkartan](https://litteraturbanken.se/litteraturkartan/?id=1539)
2073,1539,Malmö,55.6052931,13.0001566,Plats,🟢,Malmö hos Litteraturbanken,,,,,published,published,[Litteraturkartan](https://litteraturbanken.se/litteraturkartan/?id=1539)
1735,1540,Klagstorp,55.392981423043665,13.370629549026491,Person,🟣,Kloge-Hans – Filosofen från Klagstorp,Ingemar Lönnbom,LarssonH,1862,1944,published,published,[Litteraturkartan](https://litteraturbanken.se/litteraturkartan/?id=1540) · [Source](https://litteraturbanken.se/f%C3%B6rfattare/LarssonH/titlar/Hemmabyarna/sida/3/faksimil)
1736,1541,Filosofiska institutionen,55.7098663,13.200268553252286,Verk,🔵,Intuition som inspirerade,Ingemar Lönnbom,LarssonH,1862,1944,published,published,[Litteraturkartan](https://litteraturbanken.se/litteraturkartan/?id=1541) · [Source](https://litteraturbanken.se/f%C3%B6rfattare/LarssonH/titlar/Intuition/sida/3/faksimil)
1737,1542,Herrestads härad,55.475570049541794,13.874702453613283,Verk,🔵,Kvinnors klädsel på Söderslätt,Ingemar Lönnbom,ForssellDC,1800,1900,published,published,[Litteraturkartan](https://litteraturbanken.se/litteraturkartan/?id=1542) · [Source](https://litteraturbanken.se/f%C3%B6rfattare/ForssellDC/titlar/Ett%C3%85rISverge/sida/111/faksimil)
1738,1543,Vemmenhögs härad,55.4246303,13.5697188,Verk,🔵,Kvinnornas forntida dräkt,Ingemar Lönnbom,ForssellDC,1800,1900,published,published,[Litteraturkartan](https://litteraturbanken.se/litteraturkartan/?id=1543) · [Source](https://litteraturbanken.se/f%C3%B6rfattare/ForssellDC/titlar/Ett%C3%85rISverge/sida/133/faksimil)
1739,1544,Allerums prästgård,56.1096978,12.69104738647059,Plats,🟢,Lovsång över Allerum,Ingemar Lönnbom,ForssellDC,1800,1900,published,published,[Litteraturkartan](https://litteraturbanken.se/litteraturkartan/?id=1544) · [Source](https://litteraturbanken.se/f%C3%B6rfattare/ForssellDC/titlar/Ett%C3%85rISverge/sida/134/faksimil)
1740,1545,Brunnsgatan,55.59696520607833,13.002340793609621,Person,🟣,En brinnande socialist,Ingemar Lönnbom,LarssonLeon,1883,1922,published,published,[Litteraturkartan](https://litteraturbanken.se/litteraturkartan/?id=1545) · [Source](https://litteraturbanken.se/f%C3%B6rfattare/LarssonLeon/titlar/HatetsS%C3%A5nger/sida/1/etext)
1742,1546,Rönneholms slott,55.93426425,13.38965759801786,Plats,🟢,Här låg Ekelunds smedja,Ingemar Lönnbom,EkelundV,1880,1949,published,published,[Litteraturkartan](https://litteraturbanken.se/litteraturkartan/?id=1546) · [Source](https://litteraturbanken.se/f%C3%B6rfattare/EkelundV/titlar/V%C3%A5rbris/sida/17/etext)
1743,1547,Ossiannilssons hus,56.0640626,12.6795104,Person,🟣,Den nationalromantiske socialisten,Ingemar Lönnbom,BöökF,1875,1970,published,published,[Litteraturkartan](https://litteraturbanken.se/litteraturkartan/?id=1547) · [Source](https://litteraturbanken.se/f%C3%B6rfattare/B%C3%B6%C3%B6kF/titlar/EssayerOchKritiker/sida/182/faksimil)
1744,1548,Åhus,55.9235165,14.2955222,Verk,🔵,Skandalboken om Fröding,Ingemar Lönnbom,BäckmannI,1867,1950,published,published,[Litteraturkartan](https://litteraturbanken.se/litteraturkartan/?id=1548) · [Source](https://litteraturbanken.se/f%C3%B6rfattare/B%C3%A4ckmannI/titlar/GustafFr%C3%B6ding/sida/13/faksimil)
2087,1548,Åhus,55.9235165,14.2955222,Plats,🟢,Åhus hos Litteraturbanken,,,,,published,published,[Litteraturkartan](https://litteraturbanken.se/litteraturkartan/?id=1548)
1745,1549,Kvidinge,56.1353659,13.0449906,Plats,🟢,Den svenske kronprinsens död,Ingemar Lönnbom,CrusenstolpeMJ,1795,1865,published,published,[Litteraturkartan](https://litteraturbanken.se/litteraturkartan/?id=1549) · [Source](https://litteraturbanken.se/f%C3%B6rfattare/CrusenstolpeMJ/titlar/MorianenSjette/sida/430/faksimil)
1746,1550,Helgonabacken,55.70902888152251,13.20011615753174,Plats,🟢,Här bodde jätten Finn,Ingemar Lönnbom,TegnérE,1782,1846,published,published,[Litteraturkartan](https://litteraturbanken.se/litteraturkartan/?id=1550) · [Source](https://litteraturbanken.se/f%C3%B6rfattare/Tegn%C3%A9rE/titlar/SamladeDikter/sida/155/faksimil)
1747,1550,Helgonabacken,55.70902888152251,13.20011615753174,Person,🟣,Skräckromantik i Lund,Ingemar Lönnbom,LjungstedtA,1821,1908,published,published,[Litteraturkartan](https://litteraturbanken.se/litteraturkartan/?id=1550) · [Source](https://litteraturbanken.se/f%C3%B6rfattare/LjungstedtA/titlar/PsykologiskaG%C3%A5tor1/sida/15/etext)
1748,1551,Bonnarps hed,56.08228608045109,13.182563781738283,Person,🟣,Bondsonens möte med kronprins Oscar,Ingemar Lönnbom,SchwartzMS,1819,1894,published,published,[Litteraturkartan](https://litteraturbanken.se/litteraturkartan/?id=1551) · [Source](https://litteraturbanken.se/f%C3%B6rfattare/SchwartzMS/titlar/Sm%C3%A4rreHistoriskaBer%C3%A4ttelser/sida/53/faksimil)
1749,1552,Lunds centralstation,55.7067251,13.1863839,Person,🟣,Studenternas avsked av kungen,Ingemar Lönnbom,SchwartzMS,1819,1894,published,published,[Litteraturkartan](https://litteraturbanken.se/litteraturkartan/?id=1552) · [Source](https://litteraturbanken.se/f%C3%B6rfattare/SchwartzMS/titlar/KungCarl/sida/31/faksimil)
1750,1553,Vendes artilleriregemente,56.037119847350304,14.156527519226076,Verk,🔵,Skandalförfattarens Madigan-novell,Ingemar Lönnbom,RothSO,1850,1930,published,published,[Litteraturkartan](https://litteraturbanken.se/litteraturkartan/?id=1553) · [Source](https://litteraturbanken.se/f%C3%B6rfattare/RothSO/titlar/DramatITaasinge/sida/5/faksimil)
1752,1554,Slaget vid Lund,55.7193579,13.1845295,Person,🟣,Onkel Adam om det blodiga slaget,Ingemar Lönnbom,WetterberghCA,1804,1899,published,published,[Litteraturkartan](https://litteraturbanken.se/litteraturkartan/?id=1554) · [Source](https://litteraturbanken.se/f%C3%B6rfattare/WetterberghCA/titlar/OnkelAdamsLinnea4/sida/100/faksimil)
1755,1554,Slaget vid Lund,55.7193579,13.1845295,Verk,🔵,Kungen skrev avskedsbrev till mamma,Ingemar Lönnbom,HeidenstamV,1859,1940,published,published,[Litteraturkartan](https://litteraturbanken.se/litteraturkartan/?id=1554) · [Source](https://litteraturbanken.se/f%C3%B6rfattare/HeidenstamV/titlar/SvenskarnaOchDerasII/sida/159/etext)
1751,1555,Grönegatan,55.702074,13.1900388,Verk,🔵,Ett franskt helvete,Ingemar Lönnbom,StrindbergA,1897,1897,published,published,[Litteraturkartan](https://litteraturbanken.se/litteraturkartan/?id=1555) · [Source](https://litteraturbanken.se/f%C3%B6rfattare/StrindbergA/titlar/StrindbergTK37/sida/66/faksimil)
1753,1556,Thomanderska huset,55.70609714934336,13.192917108535768,Person,🟣,Biskop med vass penna,Ingemar Lönnbom,ThomanderJH,1798,1865,published,published,[Litteraturkartan](https://litteraturbanken.se/litteraturkartan/?id=1556) · [Source](https://litteraturbanken.se/f%C3%B6rfattare/ThomanderJH/titlar/TankarOchL%C3%B6jen/sida/7/faksimil)
1754,1557,Fjälkinge kyrka,56.0375451,14.277901126018754,Verk,🔵,Här föddes Lord Byrons översättare,Ingemar Lönnbom,ByronGG,1788,1824,published,published,[Litteraturkartan](https://litteraturbanken.se/litteraturkartan/?id=1557) · [Source](https://litteraturbanken.se/f%C3%B6rfattare/ByronGG/titlar/Manfred/sida/1/faksimil)
1756,1558,Simrishamns station,55.55407804180567,14.353208541870119,Person,🟣,Högtidlig hyllning till ånghästen,Ingemar Lönnbom,StrömstenLM,1827,1887,published,published,[Litteraturkartan](https://litteraturbanken.se/litteraturkartan/?id=1558) · [Source](https://litteraturbanken.se/f%C3%B6rfattare/Str%C3%B6mstenLM/titlar/SamladeDikter/sida/6/faksimil)
1759,1559,Lägre elementarläroverket,55.868677516813214,12.828233242034914,Verk,🔵,Från idyll till läroverket i Landskrona,Ingemar Lönnbom,LundegårdA,1860,1910,published,published,[Litteraturkartan](https://litteraturbanken.se/litteraturkartan/?id=1559) · [Source](https://litteraturbanken.se/f%C3%B6rfattare/WarburgK/titlar/N%C3%A4rViB%C3%B6rjade/sida/212/faksimil)
1760,1560,Konga,55.97804848916541,13.196597099304201,Verk,🔵,Giftmorden i Konga,Ingemar Lönnbom,AhlborgG,1848,1904,published,published,[Litteraturkartan](https://litteraturbanken.se/litteraturkartan/?id=1560) · [Source](https://litteraturbanken.se/f%C3%B6rfattare/AhlborgG/titlar/SvenskaBrottm%C3%A5lshistorier/sida/64/faksimil)
1761,1561,Landskrona slott,55.8730598,12.8229922,Verk,🔵,Barnamord i Landskrona,Ingemar Lönnbom,AndersonAugust,1860,1897,published,published,[Litteraturkartan](https://litteraturbanken.se/litteraturkartan/?id=1561) · [Source](https://litteraturbanken.se/f%C3%B6rfattare/AndersonAugust/titlar/Str%C3%B6m103/sida/5/faksimil)
1767,1562,Örkelljunga,56.28320073473214,13.27775001525879,Person,🟣,Den diktande målaren,Ingemar Lönnbom,,1875,1937,published,published,[Litteraturkartan](https://litteraturbanken.se/litteraturkartan/?id=1562)
2093,1562,Örkelljunga,56.28320073473214,13.27775001525879,Plats,🟢,Örkelljunga hos Litteraturbanken,,,,,published,published,[Litteraturkartan](https://litteraturbanken.se/litteraturkartan/?id=1562)
2136,1562,Örkelljunga,56.28320073473214,13.27775001525879,Plats,🟢,Utströdda över fasan,,EhrensvärdCA,1795,1795,published,published,[Litteraturkartan](https://litteraturbanken.se/litteraturkartan/?id=1562) · [Source](https://litteraturbanken.se/författare/EhrensvärdCA/titlar/Skrifter1/sida/358/faksimil)
1769,1563,Sankt Petri kyrka,55.606948149999994,13.003319820181268,Plats,🟢,Malmöhistoria med kyrkan i centrum,Ingemar Lönnbom,,1895,1968,published,published,[Litteraturkartan](https://litteraturbanken.se/litteraturkartan/?id=1563)
1894,1563,Sankt Petri kyrka,55.606948149999994,13.003319820181268,Linnés resa,🟡,Att rannsakas,,LinnéCvon,1749,1749,published,published,[Litteraturkartan](https://litteraturbanken.se/litteraturkartan/?id=1563) · [Source](https://litteraturbanken.se/författare/LinnéCvon/titlar/LinnæiSkånskaResa/sida/181/faksimil)
1772,1564,Rännarebanan,56.02640157857813,12.717404365539553,Verk,🔵,Fäktmästarens Polska hjältedikt,Ingemar Lönnbom,SchartauGJ,1794,1852,published,published,[Litteraturkartan](https://litteraturbanken.se/litteraturkartan/?id=1564) · [Source](https://litteraturbanken.se/f%C3%B6rfattare/SchartauGJ/titlar/NapoleonOchPohlackarne/sida/5/faksimil)
1773,1565,Skartofta,55.70893216809333,13.65806579589844,Plats,🟢,Väckelseprästens ursprung,Ingemar Lönnbom,,1750,1930,published,published,[Litteraturkartan](https://litteraturbanken.se/litteraturkartan/?id=1565)
1775,1566,Norra Vram,56.0876662,12.974331457031568,Verk,🔵,Ryssland erövrade Sverige i hans bok,Ingemar Lönnbom,MellinGH,1803,1876,published,published,[Litteraturkartan](https://litteraturbanken.se/litteraturkartan/?id=1566) · [Source](https://litteraturbanken.se/f%C3%B6rfattare/MellinGH/titlar/SwerigesSistaStrid/sida/I/etext)
1777,1566,Norra Vram,56.0876662,12.974331457031568,Verk,🔵,Och den hemliga gästen är...,Ingemar Lönnbom,FlygareCarlénE,1807,1892,published,published,[Litteraturkartan](https://litteraturbanken.se/litteraturkartan/?id=1566) · [Source](https://litteraturbanken.se/f%C3%B6rfattare/FlygareCarl%C3%A9nE/titlar/MinnenSenareDelen/sida/3/etext)
1780,1567,Osby samskola,56.37921284377667,13.990681171417238,Person,🟣,Skrev väckelserörelsens historia,Ingemar Lönnbom,,1889,1949,published,published,[Litteraturkartan](https://litteraturbanken.se/litteraturkartan/?id=1567)
1781,1568,Fjälkestad,56.108642525216005,14.169788360595705,Verk,🔵,Dialekthistorier från skogsbygden,Ingemar Lönnbom,,1852,1907,published,published,[Litteraturkartan](https://litteraturbanken.se/litteraturkartan/?id=1568) · [Source](https://litteraturbanken.se/f%C3%B6rfattare/Ols%C3%A9niN/titlar/Fr%C3%A5nS%C3%B6draSverge/sida/52/faksimil)
1783,1569,Amelie Posse-museet,55.940428065599875,12.780436277389528,Person,🟣,Skulle gripas av Gestapo,Ingemar Lönnbom,,1884,1957,published,published,[Litteraturkartan](https://litteraturbanken.se/litteraturkartan/?id=1569)
1784,1570,Röstånga,56.0006984,13.2912181,Verk,🔵,Så gör du spettkaka,Ingemar Lönnbom,KeylandN,1867,1924,published,published,[Litteraturkartan](https://litteraturbanken.se/litteraturkartan/?id=1570) · [Source](https://litteraturbanken.se/f%C3%B6rfattare/KeylandN/titlar/SvenskAllmogekost1/sida/21/faksimil)
1798,1570,Röstånga,56.0006984,13.2912181,Verk,🔵,Lika dum som han låter,Ingemar Lönnbom,BergmanJM,1792,1867,published,published,[Litteraturkartan](https://litteraturbanken.se/litteraturkartan/?id=1570) · [Source](https://litteraturbanken.se/f%C3%B6rfattare/BergmanJM/titlar/ValdaSm%C3%A4rreSkrifter/sida/94/faksimil)
1785,1571,Boalt,56.381125633193655,14.161033630371096,Verk,🔵,Stinnkagor och krösen i Göinge,Ingemar Lönnbom,KeylandN,1867,1924,published,published,[Litteraturkartan](https://litteraturbanken.se/litteraturkartan/?id=1571) · [Source](https://litteraturbanken.se/f%C3%B6rfattare/KeylandN/titlar/SvenskAllmogekost1/sida/19/faksimil)
1789,1572,Råå,55.99334084488652,12.74242401123047,Verk,🔵,Så bakades kavring i Råå,Ingemar Lönnbom,KeylandN,1867,1924,published,published,[Litteraturkartan](https://litteraturbanken.se/litteraturkartan/?id=1572) · [Source](https://litteraturbanken.se/f%C3%B6rfattare/KeylandN/titlar/SvenskAllmogekost1/sida/177/faksimil)
1790,1573,Ellinge,55.811603479630996,13.287448883056642,Plats,🟢,Skånes rikaste slottsherre,Ingemar Lönnbom,LundeblomR,1850,1910,published,published,[Litteraturkartan](https://litteraturbanken.se/litteraturkartan/?id=1573) · [Source](https://litteraturbanken.se/f%C3%B6rfattare/LundeblomR/titlar/Dikter/sida/20/faksimil)
1791,1574,Hilleshög,55.92989933347723,12.842245101928713,Person,🟣,Hon skrev om blodig historia,Ingemar Lönnbom,StrussenfeltU,1801,1873,published,published,[Litteraturkartan](https://litteraturbanken.se/litteraturkartan/?id=1574) · [Source](https://litteraturbanken.se/f%C3%B6rfattare/StrussenfeltU/titlar/MagnusStenbock/sida/7/faksimil)
1792,1575,Arrie,55.515645459124606,13.085070848464968,Person,🟣,Skrev i fransk stil om vikingar,Ingemar Lönnbom,StrussenfeltCCA,1803,1847,published,published,[Litteraturkartan](https://litteraturbanken.se/litteraturkartan/?id=1575) · [Source](https://litteraturbanken.se/f%C3%B6rfattare/StrussenfeltCCA/titlar/AlarikEllerVikingarne/sida/5/faksimil)
1793,1576,Kivik,55.6846354,14.2247727,Verk,🔵,Dramatiskt skeppsbrott vid Kivik,Ingemar Lönnbom,StrussenfeltCCA,1803,1847,published,published,[Litteraturkartan](https://litteraturbanken.se/litteraturkartan/?id=1576) · [Source](https://litteraturbanken.se/f%C3%B6rfattare/StrussenfeltCCA/titlar/Hildur1/sida/5/faksimil)
2096,1576,Kivik,55.6846354,14.2247727,Plats,🟢,Kivik hos Litteraturbanken,,,,,published,published,[Litteraturkartan](https://litteraturbanken.se/litteraturkartan/?id=1576)
1795,1577,Fjälkinge backe,56.054306023222736,14.28175449371338,Verk,🔵,Almqvists skånska utsiktspunkt,Ingemar Lönnbom,AlmqvistCJL,1793,1866,published,published,[Litteraturkartan](https://litteraturbanken.se/litteraturkartan/?id=1577) · [Source](https://litteraturbanken.se/f%C3%B6rfattare/AlmqvistCJL/titlar/AmaliaHillner1840/sida/5/faksimil)
1796,1578,Östra Skrävlinge,55.58816839270971,13.087248802185059,Person,🟣,Lär dig räkna med Roloff,Ingemar Lönnbom,,1744,1828,published,published,[Litteraturkartan](https://litteraturbanken.se/litteraturkartan/?id=1578)
1799,1579,Öresund,55.61714010614988,12.917175292968752,Verk,🔵,Krokodilen i Öresund,Ingemar Lönnbom,BergmanJM,1792,1867,published,published,[Litteraturkartan](https://litteraturbanken.se/litteraturkartan/?id=1579) · [Source](https://litteraturbanken.se/f%C3%B6rfattare/BergmanJM/titlar/ValdaSm%C3%A4rreSkrifter/sida/180/faksimil)
1803,1579,Öresund,55.61714010614988,12.917175292968752,Verk,🔵,Belägringen av Köpenhamn 1660,Ingemar Lönnbom,DahlbergE,1625,1703,published,published,[Litteraturkartan](https://litteraturbanken.se/litteraturkartan/?id=1579) · [Source](https://litteraturbanken.se/f%C3%B6rfattare/DahlbergE/titlar/DahlbergsDagbok1912/sida/129/faksimil)
2021,1579,Öresund,55.61714010614988,12.917175292968752,Person,🟣,Det glittrande Öresund!,Ingemar Lönnbom,TopeliusT,1854,1910,published,published,[Litteraturkartan](https://litteraturbanken.se/litteraturkartan/?id=1579) · [Source](https://litteraturbanken.se/f%C3%B6rfattare/TopeliusT/titlar/FamiljenHimmelstj%C3%A4rna/sida/1/faksimil)
1801,1580,Barsebäck,55.7716614,12.9563659,Verk,🔵,Överfall i Barsebäcks djurgård,Ingemar Lönnbom,BolanderS,1807,1869,published,published,[Litteraturkartan](https://litteraturbanken.se/litteraturkartan/?id=1580) · [Source](https://litteraturbanken.se/f%C3%B6rfattare/BolanderS/titlar/JohanGyllenstjerna/sida/5/faksimil)
1804,1581,Gamla stadshotellet,55.8698513717223,12.826859951019289,Verk,🔵,Formidabel utskällning på hotellet,Ingemar Lönnbom,EngdahlA,1863,1922,published,published,[Litteraturkartan](https://litteraturbanken.se/litteraturkartan/?id=1581) · [Source](https://litteraturbanken.se/f%C3%B6rfattare/EngdahlA/titlar/SjuttonGubbar/sida/28/faksimil)
1805,1582,Malmö allmänna sjukhus,55.58870195651529,13.004679679870607,Person,🟣,"Sjung, min hemstads näktergal",Ingemar Lönnbom,GullbergHj,1898,1961,published,published,[Litteraturkartan](https://litteraturbanken.se/litteraturkartan/?id=1582) · [Source](https://litteraturbanken.se/f%C3%B6rfattare/GullbergHj/titlar/FemKornbr%C3%B6dOchTv%C3%A5Fiskar/sida/125/etext)
1892,1583,Åkarp hög,55.64895163097055,13.115723083386953,Linnés resa,🟡,En ättehög,,LinnéCvon,1749,1749,published,published,[Litteraturkartan](https://litteraturbanken.se/litteraturkartan/?id=1583) · [Source](https://litteraturbanken.se/författare/LinnéCvon/titlar/LinnæiSkånskaResa/sida/179/faksimil)
1807,1584,Ales stenar,55.38265385,14.054411526063049,Plats,🟢,När Österling såg Ales stenar,Ingemar Lönnbom,LandquistJ,1880,1980,published,published,[Litteraturkartan](https://litteraturbanken.se/litteraturkartan/?id=1584) · [Source](https://litteraturbanken.se/f%C3%B6rfattare/LandquistJ/titlar/SomJagMinnsDem/sida/170/faksimil)
2100,1584,Ales stenar,55.38265385,14.054411526063049,Plats,🟢,Ales stenar hos Litteraturbanken,,,,,published,published,[Litteraturkartan](https://litteraturbanken.se/litteraturkartan/?id=1584)
1808,1585,Getabacken,56.514847500314055,14.119137525558473,Linnés resa,🟡,Linné möter Skåne,,LinnéCvon,1749,1749,published,published,[Litteraturkartan](https://litteraturbanken.se/litteraturkartan/?id=1585) · [Source](https://litteraturbanken.se/författare/LinnéCvon/titlar/LinnæiSkånskaResa/sida/56/faksimil)
1810,1586,Marklunda,56.3851893,14.0301499,Linnés resa,🟡,Götiskt maner,,LinnéCvon,1749,1749,published,published,[Litteraturkartan](https://litteraturbanken.se/litteraturkartan/?id=1586) · [Source](https://litteraturbanken.se/författare/LinnéCvon/titlar/LinnæiSkånskaResa/sida/59/faksimil)
1814,1589,Hälleberga backe,56.16938983248217,13.946027755737306,Linnés resa,🟡,Tämmeligen hög,,LinnéCvon,1749,1749,published,published,[Litteraturkartan](https://litteraturbanken.se/litteraturkartan/?id=1589) · [Source](https://litteraturbanken.se/författare/LinnéCvon/titlar/LinnæiSkånskaResa/sida/64/faksimil)
1815,1590,Axeltorp,56.16468268865388,13.944311141967775,Linnés resa,🟡,Manfolk och kvinnfolk,,LinnéCvon,1749,1749,published,published,[Litteraturkartan](https://litteraturbanken.se/litteraturkartan/?id=1590) · [Source](https://litteraturbanken.se/författare/LinnéCvon/titlar/LinnæiSkånskaResa/sida/65/faksimil)
1816,1591,Lillö kungsgård,56.032804123893186,14.119631052017212,Linnés resa,🟡,Den avhuggna stammen,,LinnéCvon,1749,1749,published,published,[Litteraturkartan](https://litteraturbanken.se/litteraturkartan/?id=1591) · [Source](https://litteraturbanken.se/författare/LinnéCvon/titlar/LinnæiSkånskaResa/sida/68/faksimil)
1818,1592,Tivoliparken,56.02748073365329,14.153823852539064,Linnés resa,🟡,Hos de osnyggaste djuren,,LinnéCvon,1749,1749,published,published,[Litteraturkartan](https://litteraturbanken.se/litteraturkartan/?id=1592) · [Source](https://litteraturbanken.se/författare/LinnéCvon/titlar/LinnæiSkånskaResa/sida/72/faksimil)
1819,1593,Viby kyrkväg,56.00841121936528,14.24655318260193,Linnés resa,🟡,Präktiga ängar,,LinnéCvon,1749,1749,published,published,[Litteraturkartan](https://litteraturbanken.se/litteraturkartan/?id=1593) · [Source](https://litteraturbanken.se/författare/LinnéCvon/titlar/LinnæiSkånskaResa/sida/73/faksimil)
1820,1594,"Helge å, Åhus",55.92416501916815,14.301463365554811,Linnés resa,🟡,Helge å i Åhus,,LinnéCvon,1749,1749,published,published,[Litteraturkartan](https://litteraturbanken.se/litteraturkartan/?id=1594) · [Source](https://litteraturbanken.se/författare/LinnéCvon/titlar/LinnæiSkånskaResa/sida/75/faksimil)
1822,1595,Kungsstugan,55.923377536584105,14.294693470001222,Linnés resa,🟡,En gömd kung,,LinnéCvon,1749,1749,published,published,[Litteraturkartan](https://litteraturbanken.se/litteraturkartan/?id=1595) · [Source](https://litteraturbanken.se/författare/LinnéCvon/titlar/LinnæiSkånskaResa/sida/76/faksimil)
1823,1597,Åvägen,55.908905447442216,14.270253181457521,Linnés resa,🟡,Flygsand,,LinnéCvon,1749,1749,published,published,[Litteraturkartan](https://litteraturbanken.se/litteraturkartan/?id=1597) · [Source](https://litteraturbanken.se/författare/LinnéCvon/titlar/LinnæiSkånskaResa/sida/76/faksimil)
1824,1598,Hammar,56.02556821040685,14.199045896530153,Linnés resa,🟡,Ruiner,,LinnéCvon,1749,1749,published,published,[Litteraturkartan](https://litteraturbanken.se/litteraturkartan/?id=1598) · [Source](https://litteraturbanken.se/författare/LinnéCvon/titlar/LinnæiSkånskaResa/sida/79/faksimil)
1828,1599,"Helge å, Kristianstad",56.016519911915104,14.161527156829836,Linnés resa,🟡,Skärkniv: en fisk,,LinnéCvon,1749,1749,published,published,[Litteraturkartan](https://litteraturbanken.se/litteraturkartan/?id=1599) · [Source](https://litteraturbanken.se/författare/LinnéCvon/titlar/LinnæiSkånskaResa/sida/81/faksimil)
1829,1600,Råbelövs kyrka,56.08193884978195,14.188821315765383,Linnés resa,🟡,Majade kyrkor,,LinnéCvon,1749,1749,published,published,[Litteraturkartan](https://litteraturbanken.se/litteraturkartan/?id=1600) · [Source](https://litteraturbanken.se/författare/LinnéCvon/titlar/LinnæiSkånskaResa/sida/84/faksimil)
1830,1601,Balsbergsgrottan,56.10282698653949,14.198960065841677,Linnés resa,🟡,Fläskegraven,,LinnéCvon,1749,1749,published,published,[Litteraturkartan](https://litteraturbanken.se/litteraturkartan/?id=1601) · [Source](https://litteraturbanken.se/författare/LinnéCvon/titlar/LinnæiSkånskaResa/sida/84/faksimil)
1831,1602,Torsebro krutbruk,56.10830749745651,14.126701354980469,Linnés resa,🟡,Stratum supra stratum,,LinnéCvon,1749,1749,published,published,[Litteraturkartan](https://litteraturbanken.se/litteraturkartan/?id=1602) · [Source](https://litteraturbanken.se/författare/LinnéCvon/titlar/LinnæiSkånskaResa/sida/88/faksimil)
1832,1603,Åby surbrunn,56.08736247495096,14.112389087677002,Linnés resa,🟡,En surbrunn,,LinnéCvon,1749,1749,published,published,[Litteraturkartan](https://litteraturbanken.se/litteraturkartan/?id=1603) · [Source](https://litteraturbanken.se/författare/LinnéCvon/titlar/LinnæiSkånskaResa/sida/92/faksimil)
1833,1605,Färlövs kyrka,56.074191200031784,14.083410501480104,Linnés resa,🟡,De gamles grifter,,LinnéCvon,1749,1749,published,published,[Litteraturkartan](https://litteraturbanken.se/litteraturkartan/?id=1605) · [Source](https://litteraturbanken.se/författare/LinnéCvon/titlar/LinnæiSkånskaResa/sida/93/faksimil)
1834,1606,Karpalund,56.03885798852582,14.09524440765381,Linnés resa,🟡,Näktergalar,,LinnéCvon,1749,1749,published,published,[Litteraturkartan](https://litteraturbanken.se/litteraturkartan/?id=1606) · [Source](https://litteraturbanken.se/författare/LinnéCvon/titlar/LinnæiSkånskaResa/sida/93/faksimil)
1835,1607,Köpinge kyrka,55.93838504226304,14.158211946487429,Linnés resa,🟡,På särdeles sätt balsamerad,,LinnéCvon,1749,1749,published,published,[Litteraturkartan](https://litteraturbanken.se/litteraturkartan/?id=1607) · [Source](https://litteraturbanken.se/författare/LinnéCvon/titlar/LinnæiSkånskaResa/sida/96/faksimil)
1836,1608,Maltesholm slott,55.901956150000004,13.980678463345777,Linnés resa,🟡,De skönaste alléer,,LinnéCvon,1749,1749,published,published,[Litteraturkartan](https://litteraturbanken.se/litteraturkartan/?id=1608) · [Source](https://litteraturbanken.se/författare/LinnéCvon/titlar/LinnæiSkånskaResa/sida/98/faksimil)
2109,1608,Maltesholm slott,55.901956150000004,13.980678463345777,Plats,🟢,Maltesholm hos Litteraturbanken,,,,,published,published,[Litteraturkartan](https://litteraturbanken.se/litteraturkartan/?id=1608)
1838,1609,Vittskövle kyrka,55.85494981120016,14.145498275756836,Linnés resa,🟡,Allmogen klär sig för kyrkan,,LinnéCvon,1749,1749,published,published,[Litteraturkartan](https://litteraturbanken.se/litteraturkartan/?id=1609) · [Source](https://litteraturbanken.se/författare/LinnéCvon/titlar/LinnæiSkånskaResa/sida/102/faksimil)
1843,1609,Vittskövle kyrka,55.85494981120016,14.145498275756836,Linnés resa,🟡,Sorgedräkt,,LinnéCvon,1749,1749,published,published,[Litteraturkartan](https://litteraturbanken.se/litteraturkartan/?id=1609) · [Source](https://litteraturbanken.se/författare/LinnéCvon/titlar/LinnæiSkånskaResa/sida/110/faksimil)
1839,1610,Vittskövle allé,55.85455235800193,14.138846397399904,Linnés resa,🟡,Fågelsång,,LinnéCvon,1749,1749,published,published,[Litteraturkartan](https://litteraturbanken.se/litteraturkartan/?id=1610) · [Source](https://litteraturbanken.se/författare/LinnéCvon/titlar/LinnæiSkånskaResa/sida/104/faksimil)
1842,1611,"Nöjet, Vittskövle",55.85243253895266,14.153523445129395,Linnés resa,🟡,Grodors sång,,LinnéCvon,1749,1749,published,published,[Litteraturkartan](https://litteraturbanken.se/litteraturkartan/?id=1611) · [Source](https://litteraturbanken.se/författare/LinnéCvon/titlar/LinnæiSkånskaResa/sida/108/faksimil)
1844,1612,Folkestorp,55.788735922537114,14.15339469909668,Linnés resa,🟡,Göken gol,,LinnéCvon,1749,1749,published,published,[Litteraturkartan](https://litteraturbanken.se/litteraturkartan/?id=1612) · [Source](https://litteraturbanken.se/författare/LinnéCvon/titlar/LinnæiSkånskaResa/sida/113/faksimil)
1845,1613,Ravlunda kyrka,55.71376150245131,14.150841236114504,Linnés resa,🟡,Av mycken lärdom och politesse,,LinnéCvon,1749,1749,published,published,[Litteraturkartan](https://litteraturbanken.se/litteraturkartan/?id=1613) · [Source](https://litteraturbanken.se/författare/LinnéCvon/titlar/LinnæiSkånskaResa/sida/113/faksimil)
1846,1614,Ravlunda,55.71016524638341,14.15118455886841,Linnés resa,🟡,Korsvirkeshus,,LinnéCvon,1749,1749,published,published,[Litteraturkartan](https://litteraturbanken.se/litteraturkartan/?id=1614) · [Source](https://litteraturbanken.se/författare/LinnéCvon/titlar/LinnæiSkånskaResa/sida/113/faksimil)
1847,1615,Utanför Ravlunda,55.714214788545604,14.146399497985842,Linnés resa,🟡,En hög till Neptuni ära,,LinnéCvon,1749,1749,published,published,[Litteraturkartan](https://litteraturbanken.se/litteraturkartan/?id=1615) · [Source](https://litteraturbanken.se/författare/LinnéCvon/titlar/LinnæiSkånskaResa/sida/115/faksimil)
1848,1616,Gamla ting,55.703274015837906,14.150851964950563,Linnés resa,🟡,En kulle av klappur,,LinnéCvon,1749,1749,published,published,[Litteraturkartan](https://litteraturbanken.se/litteraturkartan/?id=1616) · [Source](https://litteraturbanken.se/författare/LinnéCvon/titlar/LinnæiSkånskaResa/sida/116/faksimil)
1849,1617,Vitemölla strandbackar,55.71153125826729,14.199635982513428,Linnés resa,🟡,Havet vid Ravlunda,,LinnéCvon,1749,1749,published,published,[Litteraturkartan](https://litteraturbanken.se/litteraturkartan/?id=1617) · [Source](https://litteraturbanken.se/författare/LinnéCvon/titlar/LinnæiSkånskaResa/sida/116/faksimil)
1860,1617,Vitemölla strandbackar,55.71153125826729,14.199635982513428,Linnés resa,🟡,Bärnsten,,LinnéCvon,1749,1749,published,published,[Litteraturkartan](https://litteraturbanken.se/litteraturkartan/?id=1617) · [Source](https://litteraturbanken.se/författare/LinnéCvon/titlar/LinnæiSkånskaResa/sida/125/faksimil)
1852,1618,Gunnarstorp,56.0973217578151,12.922668457031252,Person,🟣,"”Ett vidrigt, argt språkrör”",Ingemar Lönnbom,,1918,2003,published,published,[Litteraturkartan](https://litteraturbanken.se/litteraturkartan/?id=1618)
1856,1619,Villa Tågaborg,56.05548624315978,12.689927816390993,Person,🟣,Harriet Löwenhjelms födelseplats,Ingemar Lönnbom,LöwenhjelmH,1887,1918,published,published,[Litteraturkartan](https://litteraturbanken.se/litteraturkartan/?id=1619) · [Source](https://litteraturbanken.se/f%C3%B6rfattare/L%C3%B6wenhjelmH/titlar/Dikter1927/sida/12/etext)
1857,1620,Havängs sommarby,55.71313898097664,14.171762466430664,Linnés resa,🟡,Korsverkshus,,LinnéCvon,1749,1749,published,published,[Litteraturkartan](https://litteraturbanken.se/litteraturkartan/?id=1620) · [Source](https://litteraturbanken.se/författare/LinnéCvon/titlar/LinnæiSkånskaResa/sida/120/faksimil)
1858,1621,Klammersbäck,55.708968435657304,14.179927142015126,Linnés resa,🟡,Korngrodorna skreko mot aftonen,,LinnéCvon,1749,1749,published,published,[Litteraturkartan](https://litteraturbanken.se/litteraturkartan/?id=1621) · [Source](https://litteraturbanken.se/författare/LinnéCvon/titlar/LinnæiSkånskaResa/sida/123/faksimil)
1859,1624,Lindgrens backar,55.7198213608138,14.194291651359967,Linnés resa,🟡,Havsstranden dånade,,LinnéCvon,1749,1749,published,published,[Litteraturkartan](https://litteraturbanken.se/litteraturkartan/?id=1624) · [Source](https://litteraturbanken.se/författare/LinnéCvon/titlar/LinnæiSkånskaResa/sida/125/faksimil)
1861,1625,Kiviks småbåtshamn,55.687706179894015,14.227874614790192,Linnés resa,🟡,Ålfiske i Kivik,,LinnéCvon,1749,1749,published,published,[Litteraturkartan](https://litteraturbanken.se/litteraturkartan/?id=1625) · [Source](https://litteraturbanken.se/författare/LinnéCvon/titlar/LinnæiSkånskaResa/sida/126/faksimil)
1862,1626,Kungagraven,55.68262705868426,14.234032501541943,Linnés resa,🟡,Penningegraven,,LinnéCvon,1749,1749,published,published,[Litteraturkartan](https://litteraturbanken.se/litteraturkartan/?id=1626) · [Source](https://litteraturbanken.se/författare/LinnéCvon/titlar/LinnæiSkånskaResa/sida/127/faksimil)
1863,1627,Esperöds naturreservat,55.67849620103172,14.252720524427767,Linnés resa,🟡,Brömsar i huvudet,,LinnéCvon,1749,1749,published,published,[Litteraturkartan](https://litteraturbanken.se/litteraturkartan/?id=1627) · [Source](https://litteraturbanken.se/författare/LinnéCvon/titlar/LinnæiSkånskaResa/sida/128/faksimil)
1864,1628,Stenshuvud,55.664015866677,14.272568456818792,Linnés resa,🟡,Stenshuvud,,LinnéCvon,1749,1749,published,published,[Litteraturkartan](https://litteraturbanken.se/litteraturkartan/?id=1628) · [Source](https://litteraturbanken.se/författare/LinnéCvon/titlar/LinnæiSkånskaResa/sida/129/faksimil)
1865,1629,Rörum,55.63056108382642,14.24491085590841,Linnés resa,🟡,Dysenteri i Rörum,,LinnéCvon,1749,1749,published,published,[Litteraturkartan](https://litteraturbanken.se/litteraturkartan/?id=1629) · [Source](https://litteraturbanken.se/författare/LinnéCvon/titlar/LinnæiSkånskaResa/sida/131/faksimil)
1866,1630,Gladsax,55.563266,14.2896472,Linnés resa,🟡,En dansk ö,,LinnéCvon,1749,1749,published,published,[Litteraturkartan](https://litteraturbanken.se/litteraturkartan/?id=1630) · [Source](https://litteraturbanken.se/författare/LinnéCvon/titlar/LinnæiSkånskaResa/sida/135/faksimil)
1867,1631,Gladsax kyrka,55.56133862204553,14.286892210746592,Linnés resa,🟡,Epitafier av sten,,LinnéCvon,1749,1749,published,published,[Litteraturkartan](https://litteraturbanken.se/litteraturkartan/?id=1631) · [Source](https://litteraturbanken.se/författare/LinnéCvon/titlar/LinnæiSkånskaResa/sida/135/faksimil)
2158,1631,Gladsax kyrka,55.56133862204553,14.286892210746592,Resa,🟠,Ett barndop,,TidströmA,1756,1756,published,published,[Litteraturkartan](https://litteraturbanken.se/litteraturkartan/?id=1631) · [Source](https://litteraturbanken.se/författare/TidströmA/titlar/AndersTidströmsResa/sida/55/faksimil)
1868,1632,Gladsaxvägen,55.563899303848544,14.302684676991916,Linnés resa,🟡,Att skadas av törne,,LinnéCvon,1749,1749,published,published,[Litteraturkartan](https://litteraturbanken.se/litteraturkartan/?id=1632) · [Source](https://litteraturbanken.se/författare/LinnéCvon/titlar/LinnæiSkånskaResa/sida/136/faksimil)
1869,1633,Gamla Järrestadsvägen,55.55184156544024,14.329248645125439,Linnés resa,🟡,En myckenhet får,,LinnéCvon,1749,1749,published,published,[Litteraturkartan](https://litteraturbanken.se/litteraturkartan/?id=1633) · [Source](https://litteraturbanken.se/författare/LinnéCvon/titlar/LinnæiSkånskaResa/sida/137/faksimil)
1870,1634,Bergengrenska trädgården,55.55548442091355,14.34842374436519,Linnés resa,🟡,Linné beskriver staden,,LinnéCvon,1749,1749,published,published,[Litteraturkartan](https://litteraturbanken.se/litteraturkartan/?id=1634) · [Source](https://litteraturbanken.se/författare/LinnéCvon/titlar/LinnæiSkånskaResa/sida/137/faksimil)
1872,1635,Södra planteringen,55.55496967254247,14.355996499025576,Linnés resa,🟡,Om kummin,,LinnéCvon,1749,1749,published,published,[Litteraturkartan](https://litteraturbanken.se/litteraturkartan/?id=1635) · [Source](https://litteraturbanken.se/författare/LinnéCvon/titlar/LinnæiSkånskaResa/sida/139/faksimil)
1873,1636,Simrislund,55.547266948984884,14.349066168422182,Linnés resa,🟡,Cimbris-Lund,,LinnéCvon,1749,1749,published,published,[Litteraturkartan](https://litteraturbanken.se/litteraturkartan/?id=1636) · [Source](https://litteraturbanken.se/författare/LinnéCvon/titlar/LinnæiSkånskaResa/sida/139/faksimil)
1874,1637,Sankt Nicolai kyrka,55.55700858633984,14.349280763625988,Linnés resa,🟡,Ett svenskt Harlem,,LinnéCvon,1749,1749,published,published,[Litteraturkartan](https://litteraturbanken.se/litteraturkartan/?id=1637) · [Source](https://litteraturbanken.se/författare/LinnéCvon/titlar/LinnæiSkånskaResa/sida/141/faksimil)
1875,1638,Järrestad,55.53753759736533,14.285572881196583,Linnés resa,🟡,Klädedräkten som bönderna brukade,,LinnéCvon,1749,1749,published,published,[Litteraturkartan](https://litteraturbanken.se/litteraturkartan/?id=1638) · [Source](https://litteraturbanken.se/författare/LinnéCvon/titlar/LinnæiSkånskaResa/sida/141/faksimil)
1876,1639,Östra Tommarps kyrka,55.532916280317004,14.237711689855717,Linnés resa,🟡,Tre renegater av den lutherska läran,,LinnéCvon,1749,1749,published,published,[Litteraturkartan](https://litteraturbanken.se/litteraturkartan/?id=1639) · [Source](https://litteraturbanken.se/författare/LinnéCvon/titlar/LinnæiSkånskaResa/sida/143/faksimil)
1877,1640,Östra Tommarps kalkugn,55.532485178272594,14.23040535095894,Linnés resa,🟡,En ordinär liksten,,LinnéCvon,1749,1749,published,published,[Litteraturkartan](https://litteraturbanken.se/litteraturkartan/?id=1640) · [Source](https://litteraturbanken.se/författare/LinnéCvon/titlar/LinnæiSkånskaResa/sida/143/faksimil)
1878,1641,Bybjär,55.53003930819382,14.170432153019437,Linnés resa,🟡,En ansenlig kulle,,LinnéCvon,1749,1749,published,published,[Litteraturkartan](https://litteraturbanken.se/litteraturkartan/?id=1641) · [Source](https://litteraturbanken.se/författare/LinnéCvon/titlar/LinnæiSkånskaResa/sida/146/faksimil)
1879,1643,Gärsnäs,55.54577232141887,14.18529999033398,Linnés resa,🟡,Lergolv och våtväder,,LinnéCvon,1749,1749,published,published,[Litteraturkartan](https://litteraturbanken.se/litteraturkartan/?id=1643) · [Source](https://litteraturbanken.se/författare/LinnéCvon/titlar/LinnæiSkånskaResa/sida/148/faksimil)
1880,1644,Stiby kyrka,55.55555790419698,14.171965344094934,Linnés resa,🟡,En päls av lammskinn,,LinnéCvon,1749,1749,published,published,[Litteraturkartan](https://litteraturbanken.se/litteraturkartan/?id=1644) · [Source](https://litteraturbanken.se/författare/LinnéCvon/titlar/LinnæiSkånskaResa/sida/148/faksimil)
1881,1645,Graneborg,55.56742214196483,14.155665842339912,Linnés resa,🟡,Besvärade hästar,,LinnéCvon,1749,1749,published,published,[Litteraturkartan](https://litteraturbanken.se/litteraturkartan/?id=1645) · [Source](https://litteraturbanken.se/författare/LinnéCvon/titlar/LinnæiSkånskaResa/sida/149/faksimil)
1882,1646,Listarum,55.57988509314492,14.136699903204159,Linnés resa,🟡,Storkar och inbyggare,,LinnéCvon,1749,1749,published,published,[Litteraturkartan](https://litteraturbanken.se/litteraturkartan/?id=1646) · [Source](https://litteraturbanken.se/författare/LinnéCvon/titlar/LinnæiSkånskaResa/sida/150/faksimil)
1883,1647,Alingborg,55.58858549221504,14.124887893665278,Linnés resa,🟡,De starkaste och tilltagsnaste av bönder,,LinnéCvon,1749,1749,published,published,[Litteraturkartan](https://litteraturbanken.se/litteraturkartan/?id=1647) · [Source](https://litteraturbanken.se/författare/LinnéCvon/titlar/LinnæiSkånskaResa/sida/153/faksimil)
1884,1648,Tunbyholms slott,55.59778884475981,14.12359988193936,Linnés resa,🟡,Ett stenhus på en holme,,LinnéCvon,1749,1749,published,published,[Litteraturkartan](https://litteraturbanken.se/litteraturkartan/?id=1648) · [Source](https://litteraturbanken.se/författare/LinnéCvon/titlar/LinnæiSkånskaResa/sida/154/faksimil)
1885,1649,Sankt Olofs kyrka,55.634990756756714,14.122902367435445,Linnés resa,🟡,En tämmelig stor kyrka,,LinnéCvon,1749,1749,published,published,[Litteraturkartan](https://litteraturbanken.se/litteraturkartan/?id=1649) · [Source](https://litteraturbanken.se/författare/LinnéCvon/titlar/LinnæiSkånskaResa/sida/158/faksimil)
2160,1649,Sankt Olofs kyrka,55.634990756756714,14.122902367435445,Resa,🟠,Bötesbelagd dyrkan,,TidströmA,1756,1756,published,published,[Litteraturkartan](https://litteraturbanken.se/litteraturkartan/?id=1649) · [Source](https://litteraturbanken.se/författare/TidströmA/titlar/AndersTidströmsResa/sida/60/faksimil)
1887,1650,Tranås kyrka,55.61469833780768,13.99193653479493,Linnés resa,🟡,En inmurad människoskalle,,LinnéCvon,1749,1749,published,published,[Litteraturkartan](https://litteraturbanken.se/litteraturkartan/?id=1650) · [Source](https://litteraturbanken.se/författare/LinnéCvon/titlar/LinnæiSkånskaResa/sida/162/faksimil)
1886,1651,Sankt Olofs källa,55.632035839802114,14.12143385488856,Linnés resa,🟡,Slagruta är ett underligt upptåg,,LinnéCvon,1749,1749,published,published,[Litteraturkartan](https://litteraturbanken.se/litteraturkartan/?id=1651) · [Source](https://litteraturbanken.se/författare/LinnéCvon/titlar/LinnæiSkånskaResa/sida/160/faksimil)
1889,1653,Meridianen för den akademiska kvarten,55.70559540818451,13.194515825174443,Linnés resa,🟡,Ansenligen bättrad,,LinnéCvon,1749,1749,published,published,[Litteraturkartan](https://litteraturbanken.se/litteraturkartan/?id=1653) · [Source](https://litteraturbanken.se/författare/LinnéCvon/titlar/LinnæiSkånskaResa/sida/167/faksimil)
1890,1654,Värpinge golfbana,55.70806173645778,13.151922567773921,Linnés resa,🟡,Åkerbruket i Skåne,,LinnéCvon,1749,1749,published,published,[Litteraturkartan](https://litteraturbanken.se/litteraturkartan/?id=1654) · [Source](https://litteraturbanken.se/författare/LinnéCvon/titlar/LinnæiSkånskaResa/sida/172/faksimil)
1891,1655,Pilsåker,55.71750246624915,13.147695286479069,Linnés resa,🟡,Sedan åkerfältet vilat,,LinnéCvon,1749,1749,published,published,[Litteraturkartan](https://litteraturbanken.se/litteraturkartan/?id=1655) · [Source](https://litteraturbanken.se/författare/LinnéCvon/titlar/LinnæiSkånskaResa/sida/175/faksimil)
1806,1656,"Heligkorskyrkan, Dalby",55.66426126363287,13.344301090951381,Verk,🔵,En riktigt gammal bok,Ingemar Lönnbom,,1060,1530,published,published,[Litteraturkartan](https://litteraturbanken.se/litteraturkartan/?id=1656)
1888,1656,"Heligkorskyrkan, Dalby",55.66426126363287,13.344301090951381,Linnés resa,🟡,Underjordiska valv,,LinnéCvon,1749,1749,published,published,[Litteraturkartan](https://litteraturbanken.se/litteraturkartan/?id=1656) · [Source](https://litteraturbanken.se/författare/LinnéCvon/titlar/LinnæiSkånskaResa/sida/166/faksimil)
1895,1657,Malmö barnhus,55.60607519485445,12.994862546181116,Linnés resa,🟡,En artig inrättning,,LinnéCvon,1749,1749,published,published,[Litteraturkartan](https://litteraturbanken.se/litteraturkartan/?id=1657) · [Source](https://litteraturbanken.se/författare/LinnéCvon/titlar/LinnæiSkånskaResa/sida/182/faksimil)
1896,1658,Turbinkanalen,55.60791754348441,12.975883663348407,Linnés resa,🟡,Svanjakt,,LinnéCvon,1749,1749,published,published,[Litteraturkartan](https://litteraturbanken.se/litteraturkartan/?id=1658) · [Source](https://litteraturbanken.se/författare/LinnéCvon/titlar/LinnæiSkånskaResa/sida/187/faksimil)
1897,1659,Rådhushallen,55.606596394363464,13.00191179562908,Linnés resa,🟡,Observation,,LinnéCvon,1749,1749,published,published,[Litteraturkartan](https://litteraturbanken.se/litteraturkartan/?id=1659) · [Source](https://litteraturbanken.se/författare/LinnéCvon/titlar/LinnæiSkånskaResa/sida/188/faksimil)
1898,1660,"Corps de garde, Stortorget",55.60614186029422,12.999830366687437,Linnés resa,🟡,Tvenne lindar frysa,,LinnéCvon,1749,1749,published,published,[Litteraturkartan](https://litteraturbanken.se/litteraturkartan/?id=1660) · [Source](https://litteraturbanken.se/författare/LinnéCvon/titlar/LinnæiSkånskaResa/sida/193/faksimil)
1899,1661,Kalkbrottet,55.567717733157,12.93451346027778,Linnés resa,🟡,Kalkbruket i Limhamn,,LinnéCvon,1749,1749,published,published,[Litteraturkartan](https://litteraturbanken.se/litteraturkartan/?id=1661) · [Source](https://litteraturbanken.se/författare/LinnéCvon/titlar/LinnæiSkånskaResa/sida/195/faksimil)
1900,1662,Lilla Torg,55.60522065509158,12.998821839799398,Linnés resa,🟡,Migrän i Malmö,,LinnéCvon,1749,1749,published,published,[Litteraturkartan](https://litteraturbanken.se/litteraturkartan/?id=1662) · [Source](https://litteraturbanken.se/författare/LinnéCvon/titlar/LinnæiSkånskaResa/sida/203/faksimil)
1901,1663,Södra Åkarp,55.483668642044385,13.071713785001766,Linnés resa,🟡,Landet mellan Malmö och Trelleborg,,LinnéCvon,1749,1749,published,published,[Litteraturkartan](https://litteraturbanken.se/litteraturkartan/?id=1663) · [Source](https://litteraturbanken.se/författare/LinnéCvon/titlar/LinnæiSkånskaResa/sida/207/faksimil)
1902,1664,Månstorps gavlar,55.47828800599289,13.136848358332431,Linnés resa,🟡,Att förskansa sig i stenhus,,LinnéCvon,1749,1749,published,published,[Litteraturkartan](https://litteraturbanken.se/litteraturkartan/?id=1664) · [Source](https://litteraturbanken.se/författare/LinnéCvon/titlar/LinnæiSkånskaResa/sida/210/faksimil)
2111,1664,Månstorps gavlar,55.47828800599289,13.136848358332431,Plats,🟢,Månstorp hos Litteraturbanken,,,,,published,published,[Litteraturkartan](https://litteraturbanken.se/litteraturkartan/?id=1664)
1903,1665,Slågarps kyrkor,55.45099657054419,13.164153593027486,Linnés resa,🟡,Fyra bösse-skott emellan,,LinnéCvon,1749,1749,published,published,[Litteraturkartan](https://litteraturbanken.se/litteraturkartan/?id=1665) · [Source](https://litteraturbanken.se/författare/LinnéCvon/titlar/LinnæiSkånskaResa/sida/212/faksimil)
1904,1666,Gylle kyrka,55.4086923,13.1974132,Linnés resa,🟡,En märklig präst,,LinnéCvon,1749,1749,published,published,[Litteraturkartan](https://litteraturbanken.se/litteraturkartan/?id=1666) · [Source](https://litteraturbanken.se/författare/LinnéCvon/titlar/LinnæiSkånskaResa/sida/212/faksimil)
2154,1666,Gylle kyrka,55.4086923,13.1974132,Resa,🟠,Den curieusaste kyrkoherden,,TidströmA,1756,1756,published,published,[Litteraturkartan](https://litteraturbanken.se/litteraturkartan/?id=1666) · [Source](https://litteraturbanken.se/författare/TidströmA/titlar/AndersTidströmsResa/sida/45/faksimil)
1905,1667,Fjärdingslövs byaväg,55.40889413921824,13.20176858920923,Linnés resa,🟡,Farsot,,LinnéCvon,1749,1749,published,published,[Litteraturkartan](https://litteraturbanken.se/litteraturkartan/?id=1667) · [Source](https://litteraturbanken.se/författare/LinnéCvon/titlar/LinnæiSkånskaResa/sida/212/faksimil)
1906,1668,Lindholmens borgruin,55.4969422,13.298254901091287,Linnés resa,🟡,En ruin,,LinnéCvon,1749,1749,published,published,[Litteraturkartan](https://litteraturbanken.se/litteraturkartan/?id=1668) · [Source](https://litteraturbanken.se/författare/LinnéCvon/titlar/LinnæiSkånskaResa/sida/213/faksimil)
1907,1669,Trelleborg,55.375428581470025,13.146429350604462,Linnés resa,🟡,"En lång, smal by",,LinnéCvon,1749,1749,published,published,[Litteraturkartan](https://litteraturbanken.se/litteraturkartan/?id=1669) · [Source](https://litteraturbanken.se/författare/LinnéCvon/titlar/LinnæiSkånskaResa/sida/216/faksimil)
2070,1669,Trelleborg,55.375428581470025,13.146429350604462,Plats,🟢,Trelleborg hos Litteraturbanken,,,,,published,published,[Litteraturkartan](https://litteraturbanken.se/litteraturkartan/?id=1669)
1908,1670,Karl XII-monumentet,55.368697926524135,13.07744274542906,Linnés resa,🟡,En landstigning,,LinnéCvon,1749,1749,published,published,[Litteraturkartan](https://litteraturbanken.se/litteraturkartan/?id=1670) · [Source](https://litteraturbanken.se/författare/LinnéCvon/titlar/LinnæiSkånskaResa/sida/216/faksimil)
1909,1671,Kämpingevägen,55.373758217765776,13.08536053456092,Linnés resa,🟡,En ört som växer i havet,,LinnéCvon,1749,1749,published,published,[Litteraturkartan](https://litteraturbanken.se/litteraturkartan/?id=1671) · [Source](https://litteraturbanken.se/författare/LinnéCvon/titlar/LinnæiSkånskaResa/sida/217/faksimil)
1910,1672,Maglarp,55.38794187314558,13.081026075837695,Linnés resa,🟡,Stendosor i Maglarp,,LinnéCvon,1749,1749,published,published,[Litteraturkartan](https://litteraturbanken.se/litteraturkartan/?id=1672) · [Source](https://litteraturbanken.se/författare/LinnéCvon/titlar/LinnæiSkånskaResa/sida/218/faksimil)
1911,1673,Skanör,55.41391274800617,12.852545430751269,Linnés resa,🟡,Som förut varit ansenlig och stor,,LinnéCvon,1749,1749,published,published,[Litteraturkartan](https://litteraturbanken.se/litteraturkartan/?id=1673) · [Source](https://litteraturbanken.se/författare/LinnéCvon/titlar/LinnæiSkånskaResa/sida/223/faksimil)
2068,1673,Skanör,55.41391274800617,12.852545430751269,Plats,🟢,Skanör hos Litteraturbanken,,,,,published,published,[Litteraturkartan](https://litteraturbanken.se/litteraturkartan/?id=1673)
2151,1673,Skanör,55.41391274800617,12.852545430751269,Resa,🟠,Hör klockan slår,,TidströmA,1756,1756,published,published,[Litteraturkartan](https://litteraturbanken.se/litteraturkartan/?id=1673) · [Source](https://litteraturbanken.se/författare/TidströmA/titlar/AndersTidströmsResa/sida/36/faksimil)
1912,1674,Skanörs södra stadspark,55.40964940750269,12.847781412020723,Linnés resa,🟡,Om skönhet,,LinnéCvon,1749,1749,published,published,[Litteraturkartan](https://litteraturbanken.se/litteraturkartan/?id=1674) · [Source](https://litteraturbanken.se/författare/LinnéCvon/titlar/LinnæiSkånskaResa/sida/229/faksimil)
1913,1675,Falsterbo,55.396125484274904,12.837824885949432,Linnés resa,🟡,En öppen bondby,,LinnéCvon,1749,1749,published,published,[Litteraturkartan](https://litteraturbanken.se/litteraturkartan/?id=1675) · [Source](https://litteraturbanken.se/författare/LinnéCvon/titlar/LinnæiSkånskaResa/sida/230/faksimil)
2069,1675,Falsterbo,55.396125484274904,12.837824885949432,Plats,🟢,Falsterbo hos Litteraturbanken,,,,,published,published,[Litteraturkartan](https://litteraturbanken.se/litteraturkartan/?id=1675)
1914,1676,Falsterbo fyr,55.38366963559502,12.816581560582598,Linnés resa,🟡,En lykta för de sjöfarande,,LinnéCvon,1749,1749,published,published,[Litteraturkartan](https://litteraturbanken.se/litteraturkartan/?id=1676) · [Source](https://litteraturbanken.se/författare/LinnéCvon/titlar/LinnæiSkånskaResa/sida/230/faksimil)
1915,1677,Stranden vid Falsterbo,55.379646850297036,12.813664059379255,Linnés resa,🟡,Bärnsten,,LinnéCvon,1749,1749,published,published,[Litteraturkartan](https://litteraturbanken.se/litteraturkartan/?id=1677) · [Source](https://litteraturbanken.se/författare/LinnéCvon/titlar/LinnæiSkånskaResa/sida/231/faksimil)
1916,1678,Rådhustorget,55.4188633,12.849383489334237,Linnés resa,🟡,Midsommarafton i Skanör,,LinnéCvon,1749,1749,published,published,[Litteraturkartan](https://litteraturbanken.se/litteraturkartan/?id=1678) · [Source](https://litteraturbanken.se/författare/LinnéCvon/titlar/LinnæiSkånskaResa/sida/233/faksimil)
1917,1679,Falsterbo kyrka,55.38972985,12.838262721671919,Linnés resa,🟡,Offer på midsommardagen,,LinnéCvon,1749,1749,published,published,[Litteraturkartan](https://litteraturbanken.se/litteraturkartan/?id=1679) · [Source](https://litteraturbanken.se/författare/LinnéCvon/titlar/LinnæiSkånskaResa/sida/235/faksimil)
1918,1680,Kämpinge strandbads naturreservat,55.40260779793208,12.943268694857824,Linnés resa,🟡,Flintor och flygsand,,LinnéCvon,1749,1749,published,published,[Litteraturkartan](https://litteraturbanken.se/litteraturkartan/?id=1680) · [Source](https://litteraturbanken.se/författare/LinnéCvon/titlar/LinnæiSkånskaResa/sida/236/faksimil)
1919,1681,Östra Vemmenhögstenen,55.416340250216116,13.508548788044852,Linnés resa,🟡,"En runsten, högre än en karl",,LinnéCvon,1749,1749,published,published,[Litteraturkartan](https://litteraturbanken.se/litteraturkartan/?id=1681) · [Source](https://litteraturbanken.se/författare/LinnéCvon/titlar/LinnæiSkånskaResa/sida/245/faksimil)
1920,1682,Dybäcks slott,55.40104204734198,13.525124788284304,Linnés resa,🟡,Dybäcks slott,,LinnéCvon,1749,1749,published,published,[Litteraturkartan](https://litteraturbanken.se/litteraturkartan/?id=1682) · [Source](https://litteraturbanken.se/författare/LinnéCvon/titlar/LinnæiSkånskaResa/sida/245/faksimil)
1921,1683,Hörte hamn,55.38667415147261,13.548384904861452,Linnés resa,🟡,Lübeckarnas upplagshus,,LinnéCvon,1749,1749,published,published,[Litteraturkartan](https://litteraturbanken.se/litteraturkartan/?id=1683) · [Source](https://litteraturbanken.se/författare/LinnéCvon/titlar/LinnæiSkånskaResa/sida/247/faksimil)
1922,1684,Marsvinsholms slott,55.46323625,13.70789044469646,Linnés resa,🟡,En vallgrav bred som ett bösseskott,,LinnéCvon,1749,1749,published,published,[Litteraturkartan](https://litteraturbanken.se/litteraturkartan/?id=1684) · [Source](https://litteraturbanken.se/författare/LinnéCvon/titlar/LinnæiSkånskaResa/sida/253/faksimil)
2110,1684,Marsvinsholms slott,55.46323625,13.70789044469646,Plats,🟢,Marsvinsholm hos Litteraturbanken,,,,,published,published,[Litteraturkartan](https://litteraturbanken.se/litteraturkartan/?id=1684)
1924,1685,"Stortorget, Ystad",55.42950649511557,13.820071220397951,Linnés resa,🟡,Mullbärsträd på torget,,LinnéCvon,1749,1749,published,published,[Litteraturkartan](https://litteraturbanken.se/litteraturkartan/?id=1685) · [Source](https://litteraturbanken.se/författare/LinnéCvon/titlar/LinnæiSkånskaResa/sida/261/faksimil)
1926,1686,Sövdeborgs slott,55.58204395325991,13.69674324989319,Linnés resa,🟡,Om stuckatur och annat,,LinnéCvon,1749,1749,published,published,[Litteraturkartan](https://litteraturbanken.se/litteraturkartan/?id=1686) · [Source](https://litteraturbanken.se/författare/LinnéCvon/titlar/LinnæiSkånskaResa/sida/270/faksimil)
2113,1686,Sövdeborgs slott,55.58204395325991,13.69674324989319,Plats,🟢,Sövdeborg hos Litteraturbanken,,,,,published,published,[Litteraturkartan](https://litteraturbanken.se/litteraturkartan/?id=1686)
1927,1687,Framför Sövdeborgs slott,55.58181350848596,13.697923421859743,Linnés resa,🟡,Hästar i solhettan,,LinnéCvon,1749,1749,published,published,[Litteraturkartan](https://litteraturbanken.se/litteraturkartan/?id=1687) · [Source](https://litteraturbanken.se/författare/LinnéCvon/titlar/LinnæiSkånskaResa/sida/273/faksimil)
1928,1688,Everlöv,55.6082885,13.588774,Linnés resa,🟡,Linné vid Romeleklint,,LinnéCvon,1749,1749,published,published,[Litteraturkartan](https://litteraturbanken.se/litteraturkartan/?id=1688) · [Source](https://litteraturbanken.se/författare/LinnéCvon/titlar/LinnæiSkånskaResa/sida/274/faksimil)
1929,1689,Everlöv kyrka,55.6085947,13.590177421657302,Linnés resa,🟡,Medicinalväxter och sjukdomar,,LinnéCvon,1749,1749,published,published,[Litteraturkartan](https://litteraturbanken.se/litteraturkartan/?id=1689) · [Source](https://litteraturbanken.se/författare/LinnéCvon/titlar/LinnæiSkånskaResa/sida/274/faksimil)
2008,1689,Everlöv kyrka,55.6085947,13.590177421657302,Verk,🔵,"Präst, äventyrsförfattare och förskingrare",Ingemar Lönnbom,PihlstrandR,1850,1914,published,published,[Litteraturkartan](https://litteraturbanken.se/litteraturkartan/?id=1689) · [Source](https://litteraturbanken.se/f%C3%B6rfattare/PihlstrandR/titlar/IvanMazeppa/sida/6/faksimil)
1930,1690,Toppeladugårds slott,55.595827299999996,13.36322717740719,Linnés resa,🟡,En irrgång,,LinnéCvon,1749,1749,published,published,[Litteraturkartan](https://litteraturbanken.se/litteraturkartan/?id=1690) · [Source](https://litteraturbanken.se/författare/LinnéCvon/titlar/LinnæiSkånskaResa/sida/281/faksimil)
1931,1691,Svenstorps slott,55.7655914,13.2553154500082,Linnés resa,🟡,En ansenlig sätesgård,,LinnéCvon,1749,1749,published,published,[Litteraturkartan](https://litteraturbanken.se/litteraturkartan/?id=1691) · [Source](https://litteraturbanken.se/författare/LinnéCvon/titlar/LinnæiSkånskaResa/sida/287/faksimil)
1932,1692,Barsebäcks slott,55.775695150000004,12.951539421481986,Linnés resa,🟡,Vallgravar i Barsebäck,,LinnéCvon,1749,1749,published,published,[Litteraturkartan](https://litteraturbanken.se/litteraturkartan/?id=1692) · [Source](https://litteraturbanken.se/författare/LinnéCvon/titlar/LinnæiSkånskaResa/sida/291/faksimil)
1933,1693,"Rådhustorget, Landskrona",55.870399158537886,12.83034682273865,Linnés resa,🟡,Linné om Landskrona,,LinnéCvon,1749,1749,published,published,[Litteraturkartan](https://litteraturbanken.se/litteraturkartan/?id=1693) · [Source](https://litteraturbanken.se/författare/LinnéCvon/titlar/LinnæiSkånskaResa/sida/296/faksimil)
1934,1694,Sancti Johannis Baptistae kyrkoruin,55.872301303303495,12.831666469573975,Linnés resa,🟡,Linné i Storkyrkan,,LinnéCvon,1749,1749,published,published,[Litteraturkartan](https://litteraturbanken.se/litteraturkartan/?id=1694) · [Source](https://litteraturbanken.se/författare/LinnéCvon/titlar/LinnæiSkånskaResa/sida/296/faksimil)
1936,1695,Glumslöv,55.941365416715065,12.810401916503908,Linnés resa,🟡,Hårdkokta ägg år 1749,,LinnéCvon,1749,1749,published,published,[Litteraturkartan](https://litteraturbanken.se/litteraturkartan/?id=1695) · [Source](https://litteraturbanken.se/författare/LinnéCvon/titlar/LinnæiSkånskaResa/sida/300/faksimil)
1938,1696,Källan vid Springpostgränden,56.048398389790364,12.695099115371706,Linnés resa,🟡,En källa med behagligt vatten,,LinnéCvon,1749,1749,published,published,[Litteraturkartan](https://litteraturbanken.se/litteraturkartan/?id=1696) · [Source](https://litteraturbanken.se/författare/LinnéCvon/titlar/LinnæiSkånskaResa/sida/308/faksimil)
1939,1697,Kopparmölleparken,56.05380876238442,12.695689201354982,Linnés resa,🟡,Ett hisnande perspektiv,,LinnéCvon,1749,1749,published,published,[Litteraturkartan](https://litteraturbanken.se/litteraturkartan/?id=1697) · [Source](https://litteraturbanken.se/författare/LinnéCvon/titlar/LinnæiSkånskaResa/sida/309/faksimil)
1941,1698,Gamla tullhuset,56.04546820348318,12.691730260848999,Linnés resa,🟡,I ett tullhus äldre än detta,,LinnéCvon,1749,1749,published,published,[Litteraturkartan](https://litteraturbanken.se/litteraturkartan/?id=1698) · [Source](https://litteraturbanken.se/författare/LinnéCvon/titlar/LinnæiSkånskaResa/sida/314/faksimil)
1942,1699,Viken,56.15097611960897,12.570118904113771,Linnés resa,🟡,Vikens fiskeläger,,LinnéCvon,1749,1749,published,published,[Litteraturkartan](https://litteraturbanken.se/litteraturkartan/?id=1699) · [Source](https://litteraturbanken.se/författare/LinnéCvon/titlar/LinnæiSkånskaResa/sida/317/faksimil)
1943,1700,Svinabågarne,56.147079550100564,12.540893554687502,Linnés resa,🟡,Svinabågarne,,LinnéCvon,1749,1749,published,published,[Litteraturkartan](https://litteraturbanken.se/litteraturkartan/?id=1700) · [Source](https://litteraturbanken.se/författare/LinnéCvon/titlar/LinnæiSkånskaResa/sida/318/faksimil)
1944,1701,Kullens fyr,56.30103910544584,12.4515438079834,Linnés resa,🟡,Till de sjöfarandes tjänst,,LinnéCvon,1749,1749,published,published,[Litteraturkartan](https://litteraturbanken.se/litteraturkartan/?id=1701) · [Source](https://litteraturbanken.se/författare/LinnéCvon/titlar/LinnæiSkånskaResa/sida/322/faksimil)
1945,1702,Mölle,56.28268856245219,12.498278617858888,Linnés resa,🟡,Mölleläje och Arillsläje,,LinnéCvon,1749,1749,published,published,[Litteraturkartan](https://litteraturbanken.se/litteraturkartan/?id=1702) · [Source](https://litteraturbanken.se/författare/LinnéCvon/titlar/LinnæiSkånskaResa/sida/323/faksimil)
1946,1703,Hallands Väderö,56.44233164542404,12.561063766479494,Linnés resa,🟡,"Torreko, en ö",,LinnéCvon,1749,1749,published,published,[Litteraturkartan](https://litteraturbanken.se/litteraturkartan/?id=1703) · [Source](https://litteraturbanken.se/författare/LinnéCvon/titlar/LinnæiSkånskaResa/sida/324/faksimil)
1947,1704,Farhults kyrka,56.2140397,12.712142708978913,Linnés resa,🟡,Om en långrandig präst,,LinnéCvon,1749,1749,published,published,[Litteraturkartan](https://litteraturbanken.se/litteraturkartan/?id=1704) · [Source](https://litteraturbanken.se/författare/LinnéCvon/titlar/LinnæiSkånskaResa/sida/330/faksimil)
1948,1705,Vegeholms slott,56.205821549999996,12.80667106253691,Linnés resa,🟡,Att traktera sig med körsbär,,LinnéCvon,1749,1749,published,published,[Litteraturkartan](https://litteraturbanken.se/litteraturkartan/?id=1705) · [Source](https://litteraturbanken.se/författare/LinnéCvon/titlar/LinnæiSkånskaResa/sida/332/faksimil)
1950,1706,Ängelholms strandskogs naturreservat,56.244351469433425,12.822976112365724,Linnés resa,🟡,Mer om den eviga flygsanden,,LinnéCvon,1749,1749,published,published,[Litteraturkartan](https://litteraturbanken.se/litteraturkartan/?id=1706) · [Source](https://litteraturbanken.se/författare/LinnéCvon/titlar/LinnæiSkånskaResa/sida/334/faksimil)
1951,1707,Skillinge säteri,56.26028920620575,12.9449200630188,Linnés resa,🟡,Skillinge säteri 1749,,LinnéCvon,1749,1749,published,published,[Litteraturkartan](https://litteraturbanken.se/litteraturkartan/?id=1707) · [Source](https://litteraturbanken.se/författare/LinnéCvon/titlar/LinnæiSkånskaResa/sida/346/faksimil)
1952,1708,Skillingevägen,56.24320684406282,12.996311187744142,Linnés resa,🟡,Ett artigt landskap,,LinnéCvon,1749,1749,published,published,[Litteraturkartan](https://litteraturbanken.se/litteraturkartan/?id=1708) · [Source](https://litteraturbanken.se/författare/LinnéCvon/titlar/LinnæiSkånskaResa/sida/353/faksimil)
1953,1709,Tåssjö,56.28896517743914,13.072485923767092,Linnés resa,🟡,Hackaretidens minnesmärken,,LinnéCvon,1749,1749,published,published,[Litteraturkartan](https://litteraturbanken.se/litteraturkartan/?id=1709) · [Source](https://litteraturbanken.se/författare/LinnéCvon/titlar/LinnæiSkånskaResa/sida/353/faksimil)
2121,1710,Vrams Gunnarstorps slott,56.103465,12.9693095,Plats,🟢,Vrams Gunnarstorp hos Litteraturbanken,,,,,published,published,[Litteraturkartan](https://litteraturbanken.se/litteraturkartan/?id=1710)
1954,1711,Gamla Malmövägen,56.16610445026808,12.85606384277344,Linnés resa,🟡,En fågelhund och en orrhöna,,LinnéCvon,1749,1749,published,published,[Litteraturkartan](https://litteraturbanken.se/litteraturkartan/?id=1711) · [Source](https://litteraturbanken.se/författare/LinnéCvon/titlar/LinnæiSkånskaResa/sida/358/faksimil)
1955,1712,Ormastorp,56.131824146800845,12.877693176269533,Linnés resa,🟡,Om träskon,,LinnéCvon,1749,1749,published,published,[Litteraturkartan](https://litteraturbanken.se/litteraturkartan/?id=1712) · [Source](https://litteraturbanken.se/författare/LinnéCvon/titlar/LinnæiSkånskaResa/sida/364/faksimil)
1956,1713,Söderåsen,56.10526818384663,13.004980087280275,Linnés resa,🟡,Söderåsen,,LinnéCvon,1749,1749,published,published,[Litteraturkartan](https://litteraturbanken.se/litteraturkartan/?id=1713) · [Source](https://litteraturbanken.se/författare/LinnéCvon/titlar/LinnæiSkånskaResa/sida/372/faksimil)
1957,1714,Lärkesholms gods,56.28948917458787,13.387023210525514,Linnés resa,🟡,Vargdödaren,,LinnéCvon,1749,1749,published,published,[Litteraturkartan](https://litteraturbanken.se/litteraturkartan/?id=1714) · [Source](https://litteraturbanken.se/författare/LinnéCvon/titlar/LinnæiSkånskaResa/sida/374/faksimil)
1958,1715,Stranden vid Lärkesholms gods,56.288929450099246,13.386690616607668,Linnés resa,🟡,Ekon i Skåne,,LinnéCvon,1749,1749,published,published,[Litteraturkartan](https://litteraturbanken.se/litteraturkartan/?id=1715) · [Source](https://litteraturbanken.se/författare/LinnéCvon/titlar/LinnæiSkånskaResa/sida/390/faksimil)
1959,1716,Tykarpsgrottan,56.11778287160987,13.825478553771974,Linnés resa,🟡,Olyckliga arbetare,,LinnéCvon,1749,1749,published,published,[Litteraturkartan](https://litteraturbanken.se/litteraturkartan/?id=1716) · [Source](https://litteraturbanken.se/författare/LinnéCvon/titlar/LinnæiSkånskaResa/sida/392/faksimil)
1960,1717,Isternäset,56.03541759184277,14.13519859313965,Linnés resa,🟡,Boskapsdöden: ett nytt försök,,LinnéCvon,1749,1749,published,published,[Litteraturkartan](https://litteraturbanken.se/litteraturkartan/?id=1717) · [Source](https://litteraturbanken.se/författare/LinnéCvon/titlar/LinnæiSkånskaResa/sida/395/faksimil)
1961,1718,Vid Trolle Ljungby slott,56.02309198162638,14.368657380933973,Linnés resa,🟡,Vinbärsvin och mjöd,,LinnéCvon,1749,1749,published,published,[Litteraturkartan](https://litteraturbanken.se/litteraturkartan/?id=1718) · [Source](https://litteraturbanken.se/författare/LinnéCvon/titlar/LinnæiSkånskaResa/sida/401/faksimil)
1965,1720,Loshult,56.5027703,14.1121962,Linnés resa,🟡,Linné lämnar Skåne,,LinnéCvon,1749,1749,published,published,[Litteraturkartan](https://litteraturbanken.se/litteraturkartan/?id=1720) · [Source](https://litteraturbanken.se/författare/LinnéCvon/titlar/LinnæiSkånskaResa/sida/408/faksimil)
2023,1720,Loshult,56.5027703,14.1121962,Person,🟣,Vem var Pär Giönge?,Ingemar Lönnbom,,1700,1900,published,published,[Litteraturkartan](https://litteraturbanken.se/litteraturkartan/?id=1720)
1964,1721,Hylta,56.236386075271135,14.203863143920898,Linnés resa,🟡,Göingar,,LinnéCvon,1749,1749,published,published,[Litteraturkartan](https://litteraturbanken.se/litteraturkartan/?id=1721) · [Source](https://litteraturbanken.se/författare/LinnéCvon/titlar/LinnæiSkånskaResa/sida/408/faksimil)
1966,1722,Wranérstenen,55.52780465925779,14.241950511932375,Person,🟣,Tvååringen hade lärt sig läsa,Ingemar Lönnbom,WranérH,1853,1908,published,published,[Litteraturkartan](https://litteraturbanken.se/litteraturkartan/?id=1722) · [Source](https://litteraturbanken.se/f%C3%B6rfattare/Wran%C3%A9rH/titlar/EnUlfIF%C3%A5rakl%C3%A4der/sida/71/faksimil)
1669,1726,Boaröds herrgård,55.605535806674624,13.94042730331421,Verk,🔵,Man kom i samspråk,Maria Ehrenberg,BenedictssonV,1887,1887,published,published,[Litteraturkartan](https://litteraturbanken.se/litteraturkartan/?id=1726) · [Source](https://litteraturbanken.se/författare/BenedictssonV/titlar/FruMarianne/sida/333/etext)
1677,1726,Boaröds herrgård,55.605535806674624,13.94042730331421,Verk,🔵,Studenten och latmasken,Maria Ehrenberg,BenedictssonV,1887,1887,published,published,[Litteraturkartan](https://litteraturbanken.se/litteraturkartan/?id=1726) · [Source](https://litteraturbanken.se/författare/BenedictssonV/titlar/FruMarianne/sida/164/etext)
1679,1726,Boaröds herrgård,55.605535806674624,13.94042730331421,Verk,🔵,Ett stort lanthushålls skötsel och seder,Maria Ehrenberg,BenedictssonV,1887,1887,published,published,[Litteraturkartan](https://litteraturbanken.se/litteraturkartan/?id=1726) · [Source](https://litteraturbanken.se/författare/BenedictssonV/titlar/FruMarianne/sida/336/etext)
1973,1729,"Øster Søgade 96, Köpenhamn",55.69457361312905,12.57715702056885,Plats,🟢,En sista adress,,SöderbergH,1941,1941,published,published,[Litteraturkartan](https://litteraturbanken.se/litteraturkartan/?id=1729)
1974,1730,"Nørre Farimagsgade 1, Köpenhamn",55.68021583141071,12.563703060150146,Person,🟣,Författarhem,Dick Claésson,SöderbergH,1938,1941,published,published,[Litteraturkartan](https://litteraturbanken.se/litteraturkartan/?id=1730)
1975,1731,"Glahns Allé 43, Köpenhamn",55.67347057178473,12.50571370124817,Plats,🟢,Sju år hos Söderbergs,,SöderbergH,1931,1938,published,published,[Litteraturkartan](https://litteraturbanken.se/litteraturkartan/?id=1731)
1976,1732,"Allégade 15 A, Köpenhamn",55.67647129726323,12.531666755676271,Verk,🔵,Ett riktigt hem,Dick Claésson,SöderbergH,1918,1931,published,published,[Litteraturkartan](https://litteraturbanken.se/litteraturkartan/?id=1732) · [Source](https://litteraturbanken.se/författare/SöderbergH/titlar/JahvesEld/sida/3/etext)
1977,1734,"Gammel Kongevej 141, Köpenhamn",55.6767919256892,12.539445161819458,Plats,🟢,Ett första familjehem,,SöderbergH,1917,1918,published,published,[Litteraturkartan](https://litteraturbanken.se/litteraturkartan/?id=1734)
1978,1735,Hotel Kullaberg,56.28268260692019,12.494577169418337,Person,🟣,Att finna kärleken,Dick Claésson,SöderbergH,1906,1907,published,published,[Litteraturkartan](https://litteraturbanken.se/litteraturkartan/?id=1735) · [Source](https://litteraturbanken.se/författare/SöderbergH/titlar/Gertrud/sida/3/etext)
1979,1736,Stångby,55.749409981423575,13.193850517272951,Person,🟣,En musa,Dick Claésson,SöderbergH,1901,1901,published,published,[Litteraturkartan](https://litteraturbanken.se/litteraturkartan/?id=1736) · [Source](https://litteraturbanken.se/författare/SöderbergH/titlar/MartinBircks/sida/III/etext)
1980,1737,Dragør,55.594037195633845,12.67402768135071,Verk,🔵,Med blicken riktad hem,,SöderbergH,1909,1909,published,published,[Litteraturkartan](https://litteraturbanken.se/litteraturkartan/?id=1737) · [Source](https://litteraturbanken.se/författare/SöderbergH/titlar/HjärtatsOro/sida/24/etext?traff=w26_168&traffslut=w26_168&s_query=lund&s_from=0&s_to=29&s_text_filter=%7B%22authors%3Eauthorid%22:%5B%22Söderbe)
1477,1738,"Södergatan 17, Malmö",55.6038675,13.00108,Person,🟣,Sveriges mest lästa författare,Maria Ehrenberg,,1897,1991,published,published,[Litteraturkartan](https://litteraturbanken.se/litteraturkartan/?id=1738)
1981,1739,Billinge kyrka,55.9593749757614,13.334355354309084,Person,🟣,Klockarens lärdom,Dick Claésson,LiljaN,1808,1870,published,published,[Litteraturkartan](https://litteraturbanken.se/litteraturkartan/?id=1739) · [Source](https://litteraturbanken.se/författare/LiljaN/titlar/CelestinasFantasier/sida/1/faksimil)
1982,1740,"Saltholm, Danmark",55.634973126239494,12.758216857910158,Plats,🟢,En liten semester,,SöderbergH,1909,1909,published,published,[Litteraturkartan](https://litteraturbanken.se/litteraturkartan/?id=1740) · [Source](https://litteraturbanken.se/författare/SöderbergH/titlar/HjärtatsOro/sida/92/etext)
1983,1741,"Vesterbrogade 3, Köpenhamn",55.674654,12.565659,Plats,🟢,Sitt hemlands gudar,,SöderbergH,1915,1915,published,published,[Litteraturkartan](https://litteraturbanken.se/litteraturkartan/?id=1741) · [Source](https://litteraturbanken.se/författare/SöderbergH/titlar/VersOchVaria/sida/344/etext)
1984,1742,Hemmesdynge,55.37001488388782,13.355340957641602,Plats,🟢,Kål och blåsur mjölk att äta,Ingemar Lönnbom,HarteliusTJ,1818,1896,published,published,[Litteraturkartan](https://litteraturbanken.se/litteraturkartan/?id=1742) · [Source](https://litteraturbanken.se/f%C3%B6rfattare/HarteliusTJ/titlar/MinLefnadsteckning/sida/1/faksimil)
1985,1743,Muncks Ormastorp,55.96559747967347,12.888529300689699,Person,🟣,Skandaltidningens redaktör förvisades från Lund,Ingemar Lönnbom,MunckRosenschöldNR,1815,1894,published,published,[Litteraturkartan](https://litteraturbanken.se/litteraturkartan/?id=1743) · [Source](https://litteraturbanken.se/f%C3%B6rfattare/MunckRosensch%C3%B6ldNR/titlar/Snapphanarna/sida/1/faksimil)
1990,1744,Liberiet,55.70364825,13.193899472581137,Person,🟣,Här fäktades Pehr Henrik Ling,Ingemar Lönnbom,LingPH,1776,1839,published,published,[Litteraturkartan](https://litteraturbanken.se/litteraturkartan/?id=1744) · [Source](https://litteraturbanken.se/f%C3%B6rfattare/LingPH/titlar/K%C3%A4rleken/sida/3/faksimil)
1996,1745,Östra kyrkogården,55.70205281138789,13.201661109924316,Person,🟣,Shakespeares store vägröjare,Ingemar Lönnbom,HagbergCA,1810,1864,published,published,[Litteraturkartan](https://litteraturbanken.se/litteraturkartan/?id=1745) · [Source](https://litteraturbanken.se/f%C3%B6rfattare/HagbergCA/titlar/EttBorgarhusP%C3%A5K%C3%B6pmangatan/sida/11/faksimil)
1998,1746,Lunds universitetsbibliotek,55.70904701526383,13.197487592697145,Plats,🟢,Biblioteksregler,,NordinJ,2022,2022,published,published,[Litteraturkartan](https://litteraturbanken.se/litteraturkartan/?id=1746) · [Source](https://litteraturbanken.se/författare/NordinJ/titlar/Kodex/sida/484/faksimil)
1999,1747,Gleerups,55.7021324,13.1929078,Verk,🔵,Förläggarens son som författare,Ingemar Lönnbom,GleerupN,1845,1884,published,published,[Litteraturkartan](https://litteraturbanken.se/litteraturkartan/?id=1747) · [Source](https://litteraturbanken.se/f%C3%B6rfattare/GleerupN/titlar/UtIDetFria/sida/3/faksimil)
2001,1748,Stora Tomegatan,55.7027542,13.1991716,Person,🟣,Uppblåsta män fick kritik av Sorella,Ingemar Lönnbom,NaumannM,1827,1889,published,published,[Litteraturkartan](https://litteraturbanken.se/litteraturkartan/?id=1748) · [Source](https://litteraturbanken.se/f%C3%B6rfattare/NaumannM/titlar/UrGranskapetsKr%C3%B6nika1/sida/7/faksimil)
2003,1749,Ravlunda kyrkogård,55.71374941475014,14.15120601654053,Plats,🟢,Piratens gravsten,Ingemar Lönnbom,,1895,1972,published,published,[Litteraturkartan](https://litteraturbanken.se/litteraturkartan/?id=1749)
2005,1750,Vittsjö,56.3419237,13.6654927,Person,🟣,Skrev romaner om Sydsverige,Ingemar Lönnbom,NybergJP,1829,1911,published,published,[Litteraturkartan](https://litteraturbanken.se/litteraturkartan/?id=1750) · [Source](https://litteraturbanken.se/f%C3%B6rfattare/NybergJP/titlar/NattensDotter/sida/5/faksimil)
2009,1751,Universitetshuset,55.70582245,13.193340816013587,Verk,🔵,Bokstavstroende Karl XII-specialist,Ingemar Lönnbom,QuennerstedtA,1837,1926,published,published,[Litteraturkartan](https://litteraturbanken.se/litteraturkartan/?id=1751) · [Source](https://litteraturbanken.se/f%C3%B6rfattare/QuennerstedtA/titlar/KalabalikenVidBender/sida/5/faksimil)
2017,1751,Universitetshuset,55.70582245,13.193340816013587,Verk,🔵,Överliggare i Lund,Ingemar Lönnbom,SvahnO,1833,1908,published,published,[Litteraturkartan](https://litteraturbanken.se/litteraturkartan/?id=1751) · [Source](https://litteraturbanken.se/f%C3%B6rfattare/SvahnO/titlar/SvensktSk%C3%A4mtlynneNySerie/sida/281/faksimil)
2010,1752,"Piratens gata, Vollsjö",55.701780640294395,13.786597251892092,Plats,🟢,En förebild,,OlssonLeif,2024,2024,published,published,[Litteraturkartan](https://litteraturbanken.se/litteraturkartan/?id=1752) · [Source](https://litteraturbanken.se/författare/OlssonLeif/titlar/ViolenFrånFlen/sida/84/faksimil)
2011,1753,"Skolgatan, Åstorp",56.134960009006505,12.947119474411013,Plats,🟢,En försvunnen bokhandel,,OlssonLeif,2024,2024,published,published,[Litteraturkartan](https://litteraturbanken.se/litteraturkartan/?id=1753) · [Source](https://litteraturbanken.se/författare/OlssonLeif/titlar/ViolenFrånFlen/sida/83/faksimil)
2013,1754,Kanikhuset,55.70237927572057,13.196790218353273,Verk,🔵,Allegori över kriget i Skåne,Ingemar Lönnbom,RydeliusA,1671,1738,published,published,[Litteraturkartan](https://litteraturbanken.se/litteraturkartan/?id=1754) · [Source](https://litteraturbanken.se/f%C3%B6rfattare/RydeliusA/titlar/SvenskaVitterhetsarbeten/sida/1/faksimil)
2014,1755,Stoby,56.1755969,13.8279244,Plats,🟢,Stobaeus-släktens urhem,Ingemar Lönnbom,StobæusK,1717,1792,published,published,[Litteraturkartan](https://litteraturbanken.se/litteraturkartan/?id=1755) · [Source](https://litteraturbanken.se/f%C3%B6rfattare/Stob%C3%A6usK/titlar/W%C3%A4lmentR%C3%A5d/sida/1/faksimil)
2015,1756,Vanneberga,55.9979191,14.3488845,Plats,🟢,Militär jul i Vanneberga,Ingemar Lönnbom,SparreP,1790,1871,published,published,[Litteraturkartan](https://litteraturbanken.se/litteraturkartan/?id=1756) · [Source](https://litteraturbanken.se/f%C3%B6rfattare/SparreP/titlar/Standaret1847/sida/387/faksimil)
2018,1757,Skårby,55.487291797659005,13.713641166687013,Verk,🔵,Kappkörning i Ljunits härad,Ingemar Lönnbom,SvahnO,1833,1908,published,published,[Litteraturkartan](https://litteraturbanken.se/litteraturkartan/?id=1757) · [Source](https://litteraturbanken.se/f%C3%B6rfattare/SvahnO/titlar/SvensktSk%C3%A4mtlynneNySerie/sida/9/faksimil)
2022,1758,Timåkragården,55.461411756122466,14.187598228454592,Verk,🔵,Söndagsstilla hos kyrkovärden,Ingemar Lönnbom,TufvessonT,1884,1947,published,published,[Litteraturkartan](https://litteraturbanken.se/litteraturkartan/?id=1758) · [Source](https://litteraturbanken.se/f%C3%B6rfattare/TufvessonT/titlar/D%C3%A4rHemma/sida/1/faksimil)
2024,1759,Slottsgatan,55.60329332685682,12.994433641433718,Person,🟣,Pellaböckerna föddes i Skåne,,WärnlöfAL,1911,1987,published,published,[Litteraturkartan](https://litteraturbanken.se/litteraturkartan/?id=1759) · [Source](https://litteraturbanken.se/f%C3%B6rfattare/W%C3%A4rnl%C3%B6fAL/titlar/OmNiBehagar/sida/18/etext)
2025,1760,Veberöd,55.6334996,13.4925649,Verk,🔵,Ett ytterst komiskt ljus,,StrindbergA,1879,1870,published,published,[Litteraturkartan](https://litteraturbanken.se/litteraturkartan/?id=1760) · [Source](https://litteraturbanken.se/författare/StrindbergA/titlar/KulturhistoriskaStudier/sida/166/etext)
2026,1761,Veberöds ljung,55.63400414886673,13.53592872619629,Verk,🔵,En medeltida ballad,,SvensktVisarkiv,,,published,published,[Litteraturkartan](https://litteraturbanken.se/litteraturkartan/?id=1761) · [Source](https://litteraturbanken.se/författare/SvensktVisarkiv/titlar/MedeltidaBallader51/sida/274/faksimil)
2027,1762,Slimminge,55.51124730071618,13.549532890319826,Plats,🟢,Svartkonst,,ChristofferssonO,1915,1915,published,published,[Litteraturkartan](https://litteraturbanken.se/litteraturkartan/?id=1762) · [Source](https://litteraturbanken.se/författare/ChristofferssonO/titlar/SvartkonstbokSkytte/sida/31/faksimil)
2028,1763,Huaröd,55.84024133521296,13.968622684478762,Verk,🔵,Ett slott udau bly,,SvensktVisarkiv,1883,1883,published,published,[Litteraturkartan](https://litteraturbanken.se/litteraturkartan/?id=1763) · [Source](https://litteraturbanken.se/författare/SvensktVisarkiv/titlar/MedeltidaBallader52/sida/25/faksimil)
2029,1764,Tolånga kyrka,55.63765585731415,13.773980140686037,Plats,🟢,Pressat och halvkvävt,,GierowKR,1950,1950,published,published,[Litteraturkartan](https://litteraturbanken.se/litteraturkartan/?id=1764) · [Source](https://litteraturbanken.se/författare/GierowKR/titlar/MinaUtflykter/sida/148/faksimil)
2030,1765,Norra Rörum,56.0176555,13.5075043,Person,🟣,En ödesdiger ritt,,BergPG,1864,1864,published,published,[Litteraturkartan](https://litteraturbanken.se/litteraturkartan/?id=1765) · [Source](https://litteraturbanken.se/författare/BergPG/titlar/AnteckningarOmSvenskaQvinnor/sida/405/faksimil)
2031,1766,"Kongens Nytorv, Köpenhamn",55.68047593920751,12.586480379104616,Plats,🟢,En mittpunkt,,LundegårdA,1887,1887,published,published,[Litteraturkartan](https://litteraturbanken.se/litteraturkartan/?id=1766) · [Source](https://litteraturbanken.se/författare/LundegårdA/titlar/NågraStrindbergsminnen/sida/49/etext)
2032,1767,"Hovedvagtsgade 6, Köpenhamn",55.680812,12.583826,Plats,🟢,Ett hem på resan,,LundegårdA,1887,1887,published,published,[Litteraturkartan](https://litteraturbanken.se/litteraturkartan/?id=1767) · [Source](https://litteraturbanken.se/författare/LundegårdA/titlar/NågraStrindbergsminnen/sida/50/etext)
2033,1767,"Hovedvagtsgade 6, Köpenhamn",55.680812,12.583826,Person,🟣,Ett desperat brev,,LundegårdA,1887,1887,published,published,[Litteraturkartan](https://litteraturbanken.se/litteraturkartan/?id=1767) · [Source](https://litteraturbanken.se/författare/LundegårdA/titlar/NågraStrindbergsminnen/sida/54/etext)
2035,1767,"Hovedvagtsgade 6, Köpenhamn",55.680812,12.583826,Person,🟣,Att bereda marken,,LundegårdA,1887,1887,published,published,[Litteraturkartan](https://litteraturbanken.se/litteraturkartan/?id=1767) · [Source](https://litteraturbanken.se/författare/LundegårdA/titlar/NågraStrindbergsminnen/sida/21/etext)
2041,1767,"Hovedvagtsgade 6, Köpenhamn",55.680812,12.583826,Person,🟣,"Skuldsatt, chikanerad",,StrindbergA,1887,1887,published,published,[Litteraturkartan](https://litteraturbanken.se/litteraturkartan/?id=1767) · [Source](https://litteraturbanken.se/författare/StrindbergA/titlar/StrindbergsBrev6/sida/342/faksimil)
2134,1767,"Hovedvagtsgade 6, Köpenhamn",55.680812,12.583826,Person,🟣,Flämtande av hjärtats oro,,LundegårdA,1888,1888,published,published,[Litteraturkartan](https://litteraturbanken.se/litteraturkartan/?id=1767) · [Source](https://litteraturbanken.se/författare/LundegårdA/titlar/NågraStrindbergsminnen/sida/113/etext)
2034,1768,"Amaliegade 10, Köpenhamn",55.682383,12.592156,Verk,🔵,En succé,,LundegårdA,1887,1887,published,published,[Litteraturkartan](https://litteraturbanken.se/litteraturkartan/?id=1768) · [Source](https://litteraturbanken.se/författare/LundegårdA/titlar/NågraStrindbergsminnen/sida/67/etext)
2036,1769,"Jernbanegade 1, Roskilde",55.639211,12.08881,Person,🟣,Det första mötet med Strindberg,,LundegårdA,1887,1887,published,published,[Litteraturkartan](https://litteraturbanken.se/litteraturkartan/?id=1769) · [Source](https://litteraturbanken.se/författare/LundegårdA/titlar/NågraStrindbergsminnen/sida/43/etext?show_search_work&s_query=köpenhamn&s_lbworkid=lb27489&s_mediatype=etext&s_word_form_only&hit_index=24)
2037,1770,"Vimmelskaftet 47, köpenhamn",55.678519,12.5744,Person,🟣,Drucken,,LundegårdA,1887,1887,published,published,[Litteraturkartan](https://litteraturbanken.se/litteraturkartan/?id=1770) · [Source](https://litteraturbanken.se/författare/LundegårdA/titlar/NågraStrindbergsminnen/sida/104/etext?show_search_work&s_query=köpenhamn&s_lbworkid=lb27489&s_mediatype=etext&s_word_form_only&hit_index=38)
2038,1771,"Kristian V:s ryttarstaty, Köpenhamn",55.68052433116488,12.585954666137697,Person,🟣,Bronsgubben,,LundegårdA,1887,1887,published,published,[Litteraturkartan](https://litteraturbanken.se/litteraturkartan/?id=1771) · [Source](https://litteraturbanken.se/författare/LundegårdA/titlar/NågraStrindbergsminnen/sida/107/etext)
2039,1772,"Østergade 13, Köpenhamn",55.679957,12.583711,Person,🟣,Revolverskott,,LundegårdA,1887,1887,published,published,[Litteraturkartan](https://litteraturbanken.se/litteraturkartan/?id=1772) · [Source](https://litteraturbanken.se/författare/LundegårdA/titlar/NågraStrindbergsminnen/sida/108/etext)
2133,1772,"Østergade 13, Köpenhamn",55.679957,12.583711,Person,🟣,Mitt gamla locus,,BenedictssonV,1886,1886,published,published,[Litteraturkartan](https://litteraturbanken.se/litteraturkartan/?id=1772) · [Source](https://litteraturbanken.se/författare/BenedictssonV/titlar/StoraBokenIII/sida/41/etext)
2040,1773,"Bellevue Strand, Klampenborg",55.777037739695245,12.59188771247864,Person,🟣,Att se Sverget,,StrindbergA,1887,1887,published,published,[Litteraturkartan](https://litteraturbanken.se/litteraturkartan/?id=1773) · [Source](https://litteraturbanken.se/författare/StrindbergA/titlar/StrindbergsBrev6/sida/299/faksimil)
2042,1774,Taarbæk,55.78709511739494,12.594258785247805,Plats,🟢,Oh! Och sjön!,,StrindbergA,1888,1888,published,published,[Litteraturkartan](https://litteraturbanken.se/litteraturkartan/?id=1774) · [Source](https://litteraturbanken.se/författare/StrindbergA/titlar/StrindbergsBrev6/sida/359/faksimil)
2043,1774,Taarbæk,55.78709511739494,12.594258785247805,Plats,🟢,Lifvet är skönt,,StrindbergA,1888,1888,published,published,[Litteraturkartan](https://litteraturbanken.se/litteraturkartan/?id=1774) · [Source](https://litteraturbanken.se/författare/StrindbergA/titlar/StrindbergsBrev6/sida/361/faksimil)
2044,1774,Taarbæk,55.78709511739494,12.594258785247805,Person,🟣,Tjo!,,StrindbergA,1888,1888,published,published,[Litteraturkartan](https://litteraturbanken.se/litteraturkartan/?id=1774) · [Source](https://litteraturbanken.se/författare/StrindbergA/titlar/StrindbergsBrev6/sida/378/faksimil)
2045,1775,"Skovlyst, Holte",55.798541,12.481995,Plats,🟢,Ett horslott i Holte,,StrindbergA,1888,1888,published,published,[Litteraturkartan](https://litteraturbanken.se/litteraturkartan/?id=1775) · [Source](https://litteraturbanken.se/författare/StrindbergA/titlar/StrindbergsBrev7/sida/87/faksimil)
2046,1775,"Skovlyst, Holte",55.798541,12.481995,Verk,🔵,En ny revolver,,StrindbergA,1888,1888,published,published,[Litteraturkartan](https://litteraturbanken.se/litteraturkartan/?id=1775) · [Source](https://litteraturbanken.se/författare/StrindbergA/titlar/StrindbergsBrev7/sida/96/faksimil)
2047,1775,"Skovlyst, Holte",55.798541,12.481995,Verk,🔵,Ett mästerverk,,StrindbergA,1888,1888,published,published,[Litteraturkartan](https://litteraturbanken.se/litteraturkartan/?id=1775) · [Source](https://litteraturbanken.se/författare/StrindbergA/titlar/StrindbergsBrev7/sida/104/faksimil)
2048,1775,"Skovlyst, Holte",55.798541,12.481995,Plats,🟢,Slutspel,,LagercrantzO,1888,1888,published,published,[Litteraturkartan](https://litteraturbanken.se/litteraturkartan/?id=1775) · [Source](https://litteraturbanken.se/författare/LagercrantzO/titlar/AugustStrindberg/sida/226/faksimil)
2049,1777,Hörby,55.85093896064062,13.659653663635256,Plats,🟢,Hörby hos Litteraturbanken,,,,,published,published,[Litteraturkartan](https://litteraturbanken.se/litteraturkartan/?id=1777)
2057,1777,Hörby,55.85093896064062,13.659653663635256,Plats,🟢,En liten sqvallerhåla,,BenedictssonV,1884,1884,published,published,[Litteraturkartan](https://litteraturbanken.se/litteraturkartan/?id=1777) · [Source](https://litteraturbanken.se/författare/BenedictssonV/titlar/VictoriaBenedictsson/sida/151/etext)
2052,1778,Bjuv,56.0856449,12.9139805,Person,🟣,Att utbyta hyfveln mot pennan,,SkarstedtE,1856,1934,published,published,[Litteraturkartan](https://litteraturbanken.se/litteraturkartan/?id=1778) · [Source](https://litteraturbanken.se/författare/SkarstedtE/titlar/VåraPennfäktare/sida/155/faksimil)
2053,1778,Bjuv,56.0856449,12.9139805,Plats,🟢,"O, hämnden, den är ljuf",Dick Claésson,SchöldströmB,1876,1876,published,published,[Litteraturkartan](https://litteraturbanken.se/litteraturkartan/?id=1778) · [Source](https://litteraturbanken.se/författare/SchöldströmB/titlar/Svensexan/sida/8/faksimil)
2054,1779,"Bygatan 3, Genarp",55.60022513986616,13.39798116061215,Plats,🟢,En uppväxt,Lars Norén,,1944,2021,published,published,[Litteraturkartan](https://litteraturbanken.se/litteraturkartan/?id=1779)
2055,1780,Rørvig,55.94510257832036,11.76159381866455,Person,🟣,Ett författarmöte,,WineM,1912,2003,published,published,[Litteraturkartan](https://litteraturbanken.se/litteraturkartan/?id=1780)
2059,1782,"Gamla torg, Hörby",55.85111963848832,13.660458326339723,Plats,🟢,Det brinner i Hörby,,BenedictssonV,1885,1885,published,published,[Litteraturkartan](https://litteraturbanken.se/litteraturkartan/?id=1782) · [Source](https://litteraturbanken.se/författare/BenedictssonV/titlar/VictoriaBenedictsson/sida/198/etext)
2064,1784,"Pensionärshuset, Torup",55.574184010070354,13.2061243057251,Verk,🔵,Som av råttor avgnagda rötter,,NordströmL,1938,1938,published,published,[Litteraturkartan](https://litteraturbanken.se/litteraturkartan/?id=1784) · [Source](https://litteraturbanken.se/författare/NordströmL/titlar/LortSverige/sida/119/etext)
2065,1786,Lunds lasarett,55.70708852257171,13.195449113845827,Person,🟣,Vid en dödsbädd,,StrindbergA,1896,1896,published,published,[Litteraturkartan](https://litteraturbanken.se/litteraturkartan/?id=1786) · [Source](https://litteraturbanken.se/författare/StrindbergA/titlar/EssäerTidningsartiklar/sida/261/etext)
2066,1787,Tollarp,55.933769816462046,13.975338935852053,Plats,🟢,Tollarp hos Litteraturbanken,,,,,published,published,[Litteraturkartan](https://litteraturbanken.se/litteraturkartan/?id=1787)
2067,1788,Linderöds kyrka,55.93763390365114,13.823944330215456,Plats,🟢,Två kalescher på resa,,AlmqvistCJL,1840,1840,published,published,[Litteraturkartan](https://litteraturbanken.se/litteraturkartan/?id=1788) · [Source](https://litteraturbanken.se/författare/AlmqvistCJL/titlar/AmaliaHillner1840/sida/408/faksimil)
2072,1789,Tomelilla,55.543493097503514,13.954439163208008,Plats,🟢,Tomelilla hos Litteraturbanken,,,,,published,published,[Litteraturkartan](https://litteraturbanken.se/litteraturkartan/?id=1789)
2077,1790,Landskrona,55.872638382530816,12.829413414001467,Plats,🟢,Landskrona hos Litteraturbanken,,,,,published,published,[Litteraturkartan](https://litteraturbanken.se/litteraturkartan/?id=1790)
2086,1792,Svedala,55.51508660437515,13.238267898559572,Plats,🟢,Svedala hos Litteraturbanken,,,,,published,published,[Litteraturkartan](https://litteraturbanken.se/litteraturkartan/?id=1792)
2092,1794,Båstad,56.4267895,12.8607151,Plats,🟢,Båstad hos Litteraturbanken,,,,,published,published,[Litteraturkartan](https://litteraturbanken.se/litteraturkartan/?id=1794)
2094,1795,Svalöv,55.913198936516366,13.106775283813478,Plats,🟢,Svalöf hos Litteraturbanken,,,,,published,published,[Litteraturkartan](https://litteraturbanken.se/litteraturkartan/?id=1795)
2095,1796,Söderslätt,55.419758866900125,13.459453582763674,Plats,🟢,Söderslätt hos Litteraturbanken,,,,,published,published,[Litteraturkartan](https://litteraturbanken.se/litteraturkartan/?id=1796)
2097,1797,Torekov,56.4262975,12.6267676,Plats,🟢,Torekov hos Litteraturbanken,,,,,published,published,[Litteraturkartan](https://litteraturbanken.se/litteraturkartan/?id=1797)
2099,1798,Bosjökloster,55.8771845,13.5183777,Plats,🟢,Bosjökloster hos Litteraturbanken,,,,,published,published,[Litteraturkartan](https://litteraturbanken.se/litteraturkartan/?id=1798)
2101,1799,Uppåkra kyrka,55.66650025674369,13.17089080810547,Plats,🟢,Uppåkra hos Litteraturbanken,,,,,published,published,[Litteraturkartan](https://litteraturbanken.se/litteraturkartan/?id=1799)
2103,1800,Lemmeströ,55.50295993222564,13.392205238342285,Plats,🟢,Lemmeströ hos Litteraturbanken,,,,,published,published,[Litteraturkartan](https://litteraturbanken.se/litteraturkartan/?id=1800)
2106,1801,Falsterbohus,55.386244612913366,12.82926321029663,Plats,🟢,Falsterbohus hos Litteraturbanken,,,,,published,published,[Litteraturkartan](https://litteraturbanken.se/litteraturkartan/?id=1801)
2108,1802,Malmöhus,55.604681255160166,12.987170219421388,Plats,🟢,Malmöhus hos Litteraturbanken,,,,,published,published,[Litteraturkartan](https://litteraturbanken.se/litteraturkartan/?id=1802)
2115,1803,Löderup,55.43880146902434,14.113569259643555,Plats,🟢,Löderup hos Litteraturbanken,,,,,published,published,[Litteraturkartan](https://litteraturbanken.se/litteraturkartan/?id=1803)
2118,1804,Trolleholm,55.90813569606708,13.263416290283205,Plats,🟢,Trolleholm hos Litteraturbanken,,,,,published,published,[Litteraturkartan](https://litteraturbanken.se/litteraturkartan/?id=1804)
2122,1805,Örtofta,55.78446485909157,13.245434761047365,Plats,🟢,Örtofta hos Litteraturbanken,,,,,published,published,[Litteraturkartan](https://litteraturbanken.se/litteraturkartan/?id=1805)
2125,1806,Flyinge,55.7534529,13.3685462,Plats,🟢,Flyinge hos Litteraturbanken,,,,,published,published,[Litteraturkartan](https://litteraturbanken.se/litteraturkartan/?id=1806)
2126,1807,Fulltofta kyrka,55.877316050000005,13.618635605741582,Plats,🟢,Fulltofta hos Litteraturbanken,,,,,published,published,[Litteraturkartan](https://litteraturbanken.se/litteraturkartan/?id=1807)
2127,1808,Mölleröd,56.1166311,14.3427881,Plats,🟢,Mölleröd hos Litteraturbanken,,,,,published,published,[Litteraturkartan](https://litteraturbanken.se/litteraturkartan/?id=1808)
2128,1809,Skillinge,55.475713,14.2799186,Plats,🟢,Skillinge hos Litteraturbanken,,,,,published,published,[Litteraturkartan](https://litteraturbanken.se/litteraturkartan/?id=1809)
2130,1810,Hörby bibliotek,55.85519671189742,13.661348819732666,Person,🟣,Författarträff i Hörby,,BenedictssonV,1886,1886,published,published,[Litteraturkartan](https://litteraturbanken.se/litteraturkartan/?id=1810) · [Source](https://litteraturbanken.se/författare/BenedictssonV/titlar/StoraBokenII/sida/323/etext)
2135,1811,Bälinge,56.2538611,13.3720329,Plats,🟢,Törnroskinder,,EhrensvärdCA,1795,1795,published,published,[Litteraturkartan](https://litteraturbanken.se/litteraturkartan/?id=1811) · [Source](https://litteraturbanken.se/författare/EhrensvärdCA/titlar/Skrifter1/sida/357/faksimil)
2138,1812,Höörs station,55.93697889889349,13.540799617767336,Plats,🟢,Jernfålen frustar,,BenedictssonV,1882,1882,published,published,[Litteraturkartan](https://litteraturbanken.se/litteraturkartan/?id=1812) · [Source](https://litteraturbanken.se/författare/BenedictssonV/titlar/StoraBokenI/sida/112/etext)
2140,1813,Margretetorp,56.335745273699274,12.889280319213869,Resa,🟠,Superstition eller hospitalité,,TidströmA,1756,1756,published,published,[Litteraturkartan](https://litteraturbanken.se/litteraturkartan/?id=1813) · [Source](https://litteraturbanken.se/författare/TidströmA/titlar/AndersTidströmsResa/sida/19/faksimil)
2141,1814,Ingelstorp,56.143116835768325,12.858070135116579,Resa,🟠,Tacka för förledet år,,TidströmA,1756,1756,published,published,[Litteraturkartan](https://litteraturbanken.se/litteraturkartan/?id=1814) · [Source](https://litteraturbanken.se/författare/TidströmA/titlar/AndersTidströmsResa/sida/20/faksimil)
2142,1815,Helsingborg fyr,56.04331086887104,12.687782049179079,Resa,🟠,Som trän i skogen,,TidströmA,1756,1756,published,published,[Litteraturkartan](https://litteraturbanken.se/litteraturkartan/?id=1815) · [Source](https://litteraturbanken.se/författare/TidströmA/titlar/AndersTidströmsResa/sida/21/faksimil)
2144,1816,Råå kyrkogård,56.00529203821346,12.730579376220705,Resa,🟠,En stor vrede,,TidströmA,1756,1756,published,published,[Litteraturkartan](https://litteraturbanken.se/litteraturkartan/?id=1816) · [Source](https://litteraturbanken.se/författare/TidströmA/titlar/AndersTidströmsResa/sida/23/faksimil)
2145,1818,Glumslövs kyrka,55.941786015611505,12.808996438980104,Resa,🟠,Ett vackert memorial,,TidströmA,1756,1756,published,published,[Litteraturkartan](https://litteraturbanken.se/litteraturkartan/?id=1818) · [Source](https://litteraturbanken.se/författare/TidströmA/titlar/AndersTidströmsResa/sida/23/faksimil)
2146,1819,Gamla kyrkan i Kävlinge,55.79034649860465,13.106077909469606,Resa,🟠,Pojkarne gräto och lipade,,TidströmA,1756,1756,published,published,[Litteraturkartan](https://litteraturbanken.se/litteraturkartan/?id=1819) · [Source](https://litteraturbanken.se/författare/TidströmA/titlar/AndersTidströmsResa/sida/25/faksimil)
2147,1820,"Stora Södergatan 22, Lund",55.70037215,13.18993903793433,Resa,🟠,Ett tapetseradt rum,,TidströmA,1756,1756,published,published,[Litteraturkartan](https://litteraturbanken.se/litteraturkartan/?id=1820) · [Source](https://litteraturbanken.se/författare/TidströmA/titlar/AndersTidströmsResa/sida/25/faksimil)
2149,1821,Lomma gästgiveri,55.68018558620581,13.069224357604982,Resa,🟠,Gästgivarens sorg,,TidströmA,1756,1756,published,published,[Litteraturkartan](https://litteraturbanken.se/litteraturkartan/?id=1821) · [Source](https://litteraturbanken.se/författare/TidströmA/titlar/AndersTidströmsResa/sida/30/faksimil)
2150,1822,Stora Hammars gamla kyrka,55.4232865,12.990100830222637,Resa,🟠,Simpliciteten har ock sin smak,,TidströmA,1756,1756,published,published,[Litteraturkartan](https://litteraturbanken.se/litteraturkartan/?id=1822) · [Source](https://litteraturbanken.se/författare/TidströmA/titlar/AndersTidströmsResa/sida/35/faksimil)
2153,1824,Tommarpsvägen,55.397837551996545,13.103084564208986,Resa,🟠,Råttor är här nog,,TidströmA,1756,1756,published,published,[Litteraturkartan](https://litteraturbanken.se/litteraturkartan/?id=1824) · [Source](https://litteraturbanken.se/författare/TidströmA/titlar/AndersTidströmsResa/sida/43/faksimil)
2155,1825,Gyllhögarna,55.396289992222705,13.204407691955566,Resa,🟠,Grifteplats i hedenhös,,TidströmA,1756,1756,published,published,[Litteraturkartan](https://litteraturbanken.se/litteraturkartan/?id=1825) · [Source](https://litteraturbanken.se/författare/TidströmA/titlar/AndersTidströmsResa/sida/46/faksimil)
2156,1826,Herrestads gästgiveri,55.47493157620983,13.873629570007326,Resa,🟠,Tröttom sitta mig på bäst,,TidströmA,1756,1756,published,published,[Litteraturkartan](https://litteraturbanken.se/litteraturkartan/?id=1826) · [Source](https://litteraturbanken.se/författare/TidströmA/titlar/AndersTidströmsResa/sida/48/faksimil)
2157,1827,Gladsax bygata,55.56020071318006,14.285928010940554,Resa,🟠,De trifvas bäst hemma,,TidströmA,1756,1756,published,published,[Litteraturkartan](https://litteraturbanken.se/litteraturkartan/?id=1827) · [Source](https://litteraturbanken.se/författare/TidströmA/titlar/AndersTidströmsResa/sida/52/faksimil)
2161,1828,Lyngsjö,55.937519729306906,14.072370529174806,Resa,🟠,Gullhög,,TidströmA,1756,1756,published,published,[Litteraturkartan](https://litteraturbanken.se/litteraturkartan/?id=1828) · [Source](https://litteraturbanken.se/författare/TidströmA/titlar/AndersTidströmsResa/sida/66/faksimil)
2162,1828,Lyngsjö,55.937519729306906,14.072370529174806,Resa,🟠,Menniskoskeletter,,TidströmA,1756,1756,published,published,[Litteraturkartan](https://litteraturbanken.se/litteraturkartan/?id=1828) · [Source](https://litteraturbanken.se/författare/TidströmA/titlar/AndersTidströmsResa/sida/66/faksimil)
2163,1829,Ivö klack,56.14297935870791,14.402818679809572,Resa,🟠,Fordom ett slott,,TidströmA,1756,1756,published,published,[Litteraturkartan](https://litteraturbanken.se/litteraturkartan/?id=1829) · [Source](https://litteraturbanken.se/författare/TidströmA/titlar/AndersTidströmsResa/sida/72/faksimil)
2167,1830,Boserup,56.0375993423904,12.933483123779297,Plats,🟢,Ett avgörande möte,Dick Claésson,SjöbergB,1922,1922,published,published,[Litteraturkartan](https://litteraturbanken.se/litteraturkartan/?id=1830)
2168,1830,Boserup,56.0375993423904,12.933483123779297,Plats,🟢,Boserup hos Litteraturbanken,,,,,published,published,[Litteraturkartan](https://litteraturbanken.se/litteraturkartan/?id=1830)
2169,1831,Billesholm,56.05854745749496,12.971677780151369,Plats,🟢,Billesholm hos Litteraturbanken,,,,,published,published,[Litteraturkartan](https://litteraturbanken.se/litteraturkartan/?id=1831)
2170,1832,Teckomatorp,55.87048343274679,13.086111545562744,Plats,🟢,Ortnamnsfunderingar,,BengtssonFG,1933,1933,published,published,[Litteraturkartan](https://litteraturbanken.se/litteraturkartan/?id=1832) · [Source](https://litteraturbanken.se/författare/BengtssonFG/titlar/DeLånghårigaMerovingerna/sida/247/etext)
1602,1833,"Storgatan 10, Landskrona",55.867220683433835,12.827482223510742,Person,🟣,Selma Lagerlöfs första bostad i Landskrona,Maria Ehrenberg,LagerlöfS,,,published,published,[Litteraturkartan](https://litteraturbanken.se/litteraturkartan/?id=1833)
2171,1834,"Storgatan 13, Landskrona",55.867238743686286,12.826999425888062,Plats,🟢,En andra bostad i Landskrona,,LagerlöfS,,,published,published,[Litteraturkartan](https://litteraturbanken.se/litteraturkartan/?id=1834)
